artista,reproducciones,minutos,primer_play,ultimo_play,tracks_distintos,track_id_muestra
Kendrick Lamar,10446,36565.6,2016-01-15,2026-08-10,147,6g6W3pMAFbp2FS1QCijkpM
Frank Ocean,8267,25479.5,2017-03-16,2026-08-21,46,2ZWlPOoWh0626oTaHrnl2a
The Weeknd,7517,24411.0,2016-09-28,2026-03-15,158,1pXUtx0BQCPNyqj7vUwlZD
Drake,5940,17881.8,2016-06-22,2026-08-04,233,34D6FJysnQioVingDKufuf
Knxwledge,10429,15653.4,2016-07-21,2025-11-28,285,6EAlfcokJbvtJnErmJJFjk
Kanye West,4752,13468.2,2015-09-08,2026-08-24,180,7iOhWWYjhhQiXzF4o4HhXN
KAYTRANADA,4446,11769.5,2016-07-01,2026-07-14,118,33pDmPx2pkJ7JCAQpRDQ9B
Arctic Monkeys,4395,10913.1,2015-02-25,2026-04-11,135,3nhzPKCm2yqGmgEhdAg19u
Red Hot Chili Peppers,3400,9425.4,2014-10-31,2026-07-31,232,3woCbTsNHhU8lvhgvZ3rJ2
NxWorries,3976,8546.6,2017-02-02,2026-08-05,61,3o0zYn7dQtUZ1FRevTR8LZ
Patricio Rey y sus Redonditos de Ricota,2650,7769.0,2017-11-20,2026-08-30,104,5etBIAwIW3m3Ei1K50kfSw
Lisandro Aristimuño,2314,6144.5,2015-08-31,2026-08-21,121,7qW8jMedwOBUumhotbfUmO
Luis Alberto Spinetta,1963,6046.7,2014-11-18,2026-08-20,233,2iJs9LlL7xbaG2NT9me2ww
Gorillaz,2257,5942.5,2014-10-07,2026-03-06,161,0HpJb4Lstb9R6wlu2jUBoy
Baby Keem,2046,5631.3,2021-07-12,2026-07-25,48,1h2IHrBJcZxB0XboJQpVWa
Gustavo Cerati,1744,5427.5,2014-12-11,2026-08-19,97,4Furx239MHnKbwwDMtDVWG
Freddie Gibbs,1828,5332.0,2016-06-23,2026-08-26,169,5g92oHh585qgW3TiBcr9nf
Bad Bunny,1901,5009.3,2017-06-25,2026-03-07,102,278kSqsZIiYp8p3QjYAqa8
The Last Shadow Puppets,1844,4978.4,2015-09-26,2025-07-18,44,0kegv0yu8Gz44NSsth4WHF
D'Angelo,1230,4778.5,2017-04-29,2026-03-16,55,06NzjD5ZSjSdUqt4SwxEYT
Travis Scott,1580,4672.3,2015-10-23,2025-07-22,71,4kjI1gwQZRKNDkw1nI475M
John Frusciante,1552,4480.3,2015-08-27,2026-06-19,110,2NVmpcUm2FUUQ04FlWIj2q
Giveon,1887,4471.9,2021-03-27,2023-12-06,32,2OTRqsDes7OYRRwbF2JXsa
Dano,1397,4316.8,2019-02-20,2025-05-05,43,44uAkZdeQFLk1G0zsgpNl1
SZA,1474,4202.0,2017-05-22,2026-08-10,75,3YJJjQPAbDT7mGpX3WtQ9A
Anderson .Paak,1426,4129.1,2017-10-07,2026-06-03,65,577g1tDBKntqev2lLDydxs
Silvio Rodríguez,1491,4047.5,2016-05-18,2026-01-31,140,1FEpq9PMAI0vgvvOGpFPkr
Björk,1083,3797.0,2014-10-05,2026-08-17,151,5Yp43lEtmEaiV4oC3mTaGB
Michael Jackson,1191,3767.6,2015-01-02,2026-05-04,116,4HWcWgleTuUAWnVPNwW4CM
James Blake,1090,3643.6,2016-08-29,2026-04-15,49,3onYsieuDICdVt5ULZSExF
Pink Floyd,951,3450.2,2014-11-14,2026-08-26,132,7kriFJLY2KOhw5en9iI2jb
Flying Lotus,1781,3369.8,2016-03-26,2026-04-15,103,5vvxulBeCeY49Ha3JThZMj
Duki,1376,3366.9,2017-05-20,2025-07-12,119,0mAkTqg7vQ8YmpQ7o1I6gR
Damon Albarn,920,3207.3,2014-10-07,2021-11-17,26,0jm7k3F3OqF2ele4r8UN3l
Justin Bieber,1092,3124.6,2016-03-01,2023-09-14,43,6f1nXh4PrmOhgTzBui72L6
Brent Faiyaz,1078,2969.3,2017-08-30,2026-08-20,61,4xKQtLZn8m2d2KJy13ZujE
Daniel Caesar,968,2954.4,2017-09-04,2026-08-18,58,4t9R5rbtovdvya28uMODDz
Bob Marley & The Wailers,1002,2935.2,2014-10-07,2026-03-18,125,2I4g2bNNvWWyFIyT76ntOA
Lil Supa,1069,2928.6,2019-07-18,2026-03-14,55,4R2eOkCzNsAn4WQ5IRXhTb
Tom Misch,853,2855.5,2016-12-02,2026-04-19,50,6pxElwU80zhjbCC77Vn8EI
Solange,1465,2852.6,2019-05-12,2026-03-15,42,6l82XaHZyodfRvNo85Pdqr
Son Lux,854,2697.7,2014-09-17,2025-04-30,100,1FbjG4PZBJHeMcZxMLDBYO
Childish Gambino,658,2566.2,2016-07-13,2026-07-25,69,3IB89bAf5k60jLUFoWAmn1
Joan Manuel Serrat,1308,2545.5,2018-01-07,2026-08-29,86,62dpgbAjQ1hZxEGQAVoRRu
Soda Stereo,830,2544.3,2014-09-15,2025-10-14,169,62jnuBopQmg4qx6hpYltC9
David Gilmour,646,2526.3,2015-09-18,2025-10-21,87,11ix7ryKa4kwEXHV7x6z9x
YSY A,1060,2494.1,2017-10-17,2026-08-25,79,390MTexWq1Evy5eb0fMy1C
Steve Lacy,981,2458.0,2019-07-19,2026-07-27,52,0DmkBOGgEWMbUJlL6VwwF2
Tame Impala,750,2449.4,2015-09-25,2026-08-10,41,2drEUEg0TYQR6dDEHkpuPE
ROSALÍA,1112,2448.2,2018-11-26,2026-08-25,66,0lEaqq59YmCxJNB6cb209Y
Daft Punk,695,2341.5,2015-09-17,2026-03-31,45,3zMvotMEQK3xvH01vA9wAP
Jay Electronica,605,2194.0,2020-03-14,2025-09-29,10,4zG69Sedw2TDizSAmOfaYw
Alborosie,787,2134.4,2014-12-29,2025-04-03,119,0i2m4cNa0ovTV0xGNHh0Ph
"Tyler, The Creator",726,2083.9,2017-08-29,2026-07-25,101,3EG9FJ0ToLfgnc1IG2Z1wz
Invisible,500,2073.5,2015-07-28,2026-08-19,26,7J5bR4jHqT08ynWK8a6W8W
ELIZA,574,2021.4,2020-07-18,2026-08-25,37,4ellrsHuOTf5iXFH9Gh2Wh
Alabama Shakes,613,1994.5,2016-02-29,2021-06-08,12,3oM0gt7y574aPlLERyaNja
Madvillain,1127,1984.5,2016-05-13,2026-08-26,35,6wqzg4axkxnpdmVOG3FHfc
Spinetta Jade,569,1874.2,2014-12-30,2026-03-15,33,78yoW0gE6pLK64J9IFlh7D
9th Wonder,1028,1841.5,2016-09-08,2025-02-15,319,7eMiAV5qAj5oZ6bQFZuMP8
Gallant,694,1811.4,2017-08-03,2021-06-26,39,5dbqwiE1ZPKSQITRJwqYtG
Sia,503,1782.3,2015-02-12,2023-02-02,48,6ae0TVkpnFvn0dz4zIVlyd
Lorde,583,1741.3,2014-12-27,2022-11-15,47,5KvL5alARBxEIUKnjjlSsK
Mick Jenkins,678,1727.9,2016-09-12,2026-08-26,71,0TUK4LKkHVHdsLwscQckX6
The Strokes,547,1662.4,2015-07-13,2026-07-24,68,5GKVcvTgnFYtfh25qKQtRg
Romeo Santos,660,1647.1,2017-01-28,2026-03-05,46,6rXvMpWJbTyhSrVWye7jPE
Lana Del Rey,554,1640.7,2016-12-08,2022-05-30,41,7vHmfnKJMWYWzS1H3dC5VF
Spinetta Y Los Socios Del Desierto,499,1527.8,2015-01-24,2026-08-19,47,2RmwSfGS5zfYioAELovTyN
Thundercat,703,1510.4,2017-11-27,2026-06-03,58,5j6NLCKqJMModmn54v5A8T
Milo j,629,1421.9,2023-03-05,2026-07-11,65,0dKksxhhrIbxoNScXnbCxd
Jimi Hendrix,438,1387.5,2015-04-02,2026-04-15,93,3bepDVJI8tECicV9bDsSxt
Bruno Mars,505,1385.6,2016-11-23,2026-08-04,35,6b8Be6ljOzmkOmFslEb23P
Fito Paez,425,1320.2,2014-11-18,2026-08-24,81,1bOJr9cWKEDAiJxRaHThrT
Metro Boomin,471,1313.8,2018-12-13,2025-08-07,32,156LzfvMNKuXuiot4uzhGD
Eruca Sativa,438,1261.4,2014-10-17,2024-06-04,68,3uGZ8igfCMOfJrUCj7Q39M
Homer El Mero Mero,540,1256.2,2019-06-25,2024-12-20,26,5hl9wX67vKKzT2nBO0B2BE
Brandy,421,1239.3,2015-09-26,2026-05-04,47,3zeyP0JnzXEx3uZLmpOdtP
Madlib,484,1229.8,2016-08-08,2026-08-07,53,1d651UiuSA6MU5TXHKrXP3
Slum Village,460,1228.8,2016-07-01,2026-08-21,78,29gMHUA9Ixk5vQez6wtg8o
Robert Glasper,344,1210.2,2016-06-28,2026-08-25,80,4A2nfHTIdVysuiujPzovPW
Esperanza Spalding,366,1207.7,2016-08-05,2026-02-15,25,4nZNQqutkv4XM9VaBatJUe
Kaelin Ellis,743,1183.5,2020-10-15,2025-09-05,94,50JQYawsaHFgUTO3bEikIP
The Alchemist,618,1129.2,2019-04-26,2026-06-03,46,2gor2xcN2S1oFDJ43N7ClW
Callejeros,379,1074.1,2016-09-29,2026-08-23,55,7EiXnkXfBGlf1JxByPAkpg
Leon Thomas,373,1067.3,2022-06-22,2026-07-25,33,2ogmJc0kWJXBRg9KPtPjT8
Sango,497,1053.7,2016-09-05,2024-06-11,76,2NahLrPNy0tK7K97Nu8SFj
WOS,421,1048.1,2019-08-17,2026-06-30,27,3wNiMUFSp0H7zF7QH4vCPq
Dijon,408,1046.1,2019-03-02,2026-06-07,24,0XnD9GJRD01wvXFLWJXiYx
MF DOOM,404,1032.3,2016-05-12,2026-08-26,81,4q71zOiiFoDaVQCQcE6jcp
Radiohead,259,1009.9,2015-01-08,2025-05-07,49,1U8ZGtWBxcPeWcwDTCO64X
J Dilla,625,1009.2,2016-08-08,2026-08-26,178,4omO3Xwm4REEK5HGT6e6yY
The Notorious B.I.G.,289,1005.3,2016-07-12,2026-06-18,63,0mgYHaXlo7CfBxJqVTGyQv
Mercedes Sosa,373,996.9,2016-05-24,2026-08-19,70,4XDFHN8RgYDbc1S7fNGK4h
Madonna,289,987.5,2018-11-15,2023-08-26,19,1AQQ9DdpEemMVTHNz4eG9a
Cleo Sol,306,966.1,2020-05-24,2025-11-25,37,4LmjZEYH8HuM3o2DiQroLu
BADBADNOTGOOD,277,958.9,2016-06-28,2026-01-15,72,4K6Ns8QEIQJ8UH9QHEoFRS
Pescado Rabioso,330,954.2,2015-09-21,2026-08-19,35,3oaHXjWZpGU3X2Y7ZE22gV
KAYTRAMINÉ,354,899.7,2023-04-10,2026-06-05,20,4FyH1gsB85ivmvFtkvxgir
Metronomy,279,895.5,2016-07-21,2022-02-21,39,6bW7mUdEV4jWxmdxcj8X3k
Outkast,237,883.7,2016-04-22,2026-08-06,24,1H6S9OkozTNvcASUX4Bfgb
CA7RIEL & Paco Amoroso,375,874.8,2024-04-19,2026-08-25,31,7hBumnvVsoCDZg139MwvTB
DJ Harrison,442,865.2,2020-03-16,2026-08-25,113,6jxAhnyPz2KMikkTabfUvx
Stevie Ray Vaughan,337,856.8,2014-12-26,2025-09-10,86,15qLlUz6hEgh6XpwtJoZeu
Led Zeppelin,254,856.1,2016-06-10,2026-02-12,65,61g5yH0ig62XhtQ161kEED
Migos,269,853.7,2019-03-12,2024-04-18,38,204U3zjm9kkzX25Pr4Rdld
Beck,201,836.0,2017-10-01,2021-08-17,15,01sM1zA7j3NzCnHdEMWRbu
Disclosure,275,834.3,2015-09-30,2025-11-11,23,7D6F9245DyUX1tZw54A97j
Khruangbin,242,800.4,2016-07-12,2025-11-25,47,2M45IIrFLjMgsNSSxee31h
The xx,237,791.9,2016-09-28,2022-11-15,15,1onfcprzpSGh2LqrBh17AA
Isaiah Rashad,275,791.6,2016-06-23,2026-06-05,40,2eYY43d0V17SxOX0g7sBAD
Ari Lennox,230,781.5,2019-07-15,2023-08-25,28,0U8tC6UzgYePgOJT6Chlw9
Ravyn Lenae,249,755.6,2021-02-07,2025-01-04,44,610faOY46uYOBi3KXazpSj
Toro y Moi,259,755.5,2016-12-02,2022-11-13,39,7jo1Lf2hjQvlSnAdQeCZ5x
St. Vincent,310,740.9,2015-03-24,2018-06-14,59,0WCvJl3vpJ3Oxwrx0kR8AP
JPEGMAFIA,303,731.2,2019-12-22,2026-02-02,36,1ZzSRXy86bhxjqwNjSZnko
Bo Burnham,241,730.4,2021-06-27,2024-09-26,24,50MhgV5PrQmCSuEELaYp9R
Bizarrap,308,726.5,2017-10-16,2025-11-25,39,1j44jBqva5YwRKsbYF3tPA
Kali Uchis,300,712.7,2016-01-15,2026-03-16,39,0vQffWKfl0JyRqtdoZINEM
T&K,277,706.8,2020-11-04,2025-09-06,15,303EEuUNpHRaiyc4Q4fOb4
Cerounno,275,698.1,2024-12-02,2026-02-23,35,3EgoVET68sWnePjLYzrTCO
Erykah Badu,207,697.3,2017-09-28,2026-08-18,49,1RSiYcVxNRgzr8GsWOIlTT
Jordan Ward,326,683.0,2019-07-15,2026-08-04,35,1aR76UAZvKOuaJF9Q5kXZM
Junglepussy,242,669.0,2016-06-22,2026-03-20,31,3DDSOjO21et3gBLNYCLmYt
Pearl Jam,190,661.0,2015-12-14,2021-09-06,23,3HPfwpfUtcdyJPvlLtXtNg
Beyoncé,256,639.5,2020-08-18,2026-07-25,60,0Fl4eWzVaMUOdXcOrj6F1q
Dot Hacker,148,636.3,2016-07-21,2019-08-19,16,60Y2qtIENDN7IoaiqkOa5Y
El Michels Affair,261,629.0,2020-12-19,2026-01-16,13,1EbvT0QXJmpAFCv8uoR8qT
Roc Marciano,224,607.0,2019-08-30,2025-09-25,63,0sgCjJP6nffhw94C3TUgzP
Indio Solari,230,590.7,2023-11-19,2026-08-24,60,30cVBv4c1viJRduJevuer5
Free Nationals,197,587.5,2018-12-16,2026-07-16,16,4ej94zqr9xYLbWphCH3TcD
Hiatus Kaiyote,196,586.8,2017-09-19,2026-08-25,51,6mPsXbce09tlhJSrBtLVcx
Dylan Sinclair,210,584.7,2022-10-10,2024-06-20,22,1ilWLvpFPOpIWuNVx5L1JI
Dillom,276,582.5,2021-11-13,2026-06-25,25,3z8rcgJdQo2g2G4VijeLpl
Nas,213,573.6,2016-06-29,2026-08-06,88,6Qa7CctPOnTBdvnPlNCmjY
Miles Davis,98,570.5,2016-04-10,2024-01-10,36,15tLhnzO4o8fMOEjdZGfII
Alicia Keys,176,570.2,2017-07-29,2026-06-18,35,6LGwYMXXgURfaequXipzHx
Jay Dee,245,565.2,2020-02-07,2023-11-27,19,38sPkzsCsC7HOFAMh5xyrW
Yussef Kamaal,141,559.8,2020-06-03,2020-07-30,10,1k7B553lUeQY3cyltjRWCH
Busta Rhymes,187,557.2,2020-11-11,2026-08-29,72,2Nk9LLCrp1alHtX716pCRh
Don Toliver,199,555.7,2019-12-27,2026-03-11,72,0sze9rycXZswg5emYTFklv
A$AP Rocky,216,547.5,2016-09-05,2026-07-24,40,2xsTsnA5QOFCnFXdEHGkli
Jorge Drexler,138,545.9,2021-07-11,2025-10-14,13,6oxGdDLyfL4ek2jCsEOlTN
JACKBOYS,216,537.9,2019-12-27,2025-07-22,6,4AO1XhrgJczQ9bNVxdfKQe
Babasonicos,204,531.1,2014-12-10,2026-08-24,52,0dsViRiDTIuexAL42Nc1Kh
JFilt,279,526.1,2019-10-29,2024-05-07,40,4fNLvvyJizQPLLR1oghOSf
6LACK,167,523.7,2017-10-23,2024-01-03,34,1mggAh6xgnKUT6ukw3AU9A
Snarky Puppy,92,520.5,2015-09-21,2020-03-05,20,4YkczNSOLhAWVSuOSleTen
Clipse,190,517.5,2020-03-04,2026-08-08,15,37HUD7Mr1zOIDW1QuOgaZH
XXXTENTACION,294,510.3,2018-06-27,2023-12-06,48,7floNISpH8VF4z4459Qo18
Jamiroquai,169,501.4,2015-03-22,2026-05-31,61,1DLweHBYVlRDMYTGaFtJFR
Future,187,492.1,2017-03-16,2026-08-10,64,4Qd0pa3JO76UEwhos9JmN0
50 Cent,190,486.1,2015-09-14,2026-06-18,42,6C781pluv3BPxGHHCUJNYc
Raphael Saadiq,138,485.1,2020-08-27,2026-05-01,34,55cfcz1bM8YqfcgjH4eng3
El Mató a un Policía Motorizado,156,482.8,2017-10-23,2026-01-03,28,2BkCOixgH4hPK0lVYOfh3Z
Keane,162,465.7,2014-12-23,2019-12-03,39,5yeIJPmIkeLrNCTLd68Jku
Kenny Beats,255,461.6,2022-09-03,2025-09-25,17,2rbSlNYTYboHHWelF0xSAQ
Jorja Smith,184,461.3,2018-03-15,2024-05-10,50,6jaLFu5HvfNrI1JmcM4eXu
BLK ODYSSY,169,460.7,2021-11-02,2025-01-28,23,4ZUqtXH3RvwkcQUvP1BjuK
Kiefer,141,458.1,2020-06-17,2022-06-21,18,31kkgCImsQJjSGDVzxJN4R
MGMT,126,455.7,2014-12-26,2026-03-31,28,3FtYbEfBqAlGO46NUDQSAt
Bersuit Vergarabat,189,451.9,2014-12-10,2026-07-24,36,3KV7ce9xnhgahiLGTtFhj4
Nicho Santos,294,451.7,2021-04-02,2021-04-05,59,2Eg0Okru4rNC4XdzIA5S8l
Neo Pistea,101,451.0,2018-03-28,2023-12-12,4,0OWcpVA83HI8Pb5DybDuoX
Miranda!,119,450.2,2018-09-27,2026-08-26,25,2edPmf8LVq1h5kDtSFu0FE
Budgie,244,447.4,2020-03-23,2022-09-13,90,3cYVMeqyAXFIEAbXB2ukiS
Boldy James,156,439.0,2020-03-13,2026-03-11,43,1NjgNWzURicunzJ4K2kOvt
Common,137,436.1,2020-02-12,2026-08-26,41,0gmXcFvfyjpsnxa9bUtcP9
H.E.R.,125,433.7,2016-12-29,2021-12-16,31,6TbSA3Fdj6jKrTzzJD3Yfn
Almendra,168,433.2,2015-12-04,2026-08-19,29,6Yhd8hksKCvpyptsGn2l5U
Terrace Martin,144,420.4,2020-06-17,2024-09-18,46,2NLi4evz7RxbKIXJhyqL8f
Murs,129,414.6,2019-08-19,2019-10-07,12,1aF1yp2NLA0WUw0BShb3lk
DESTIN CONRAD,201,409.2,2020-11-15,2026-04-04,38,2tA9LObXZkn5oazvqyRkxY
SBTRKT,151,408.9,2015-10-29,2023-07-18,37,2CeFP3pggzhuzZB9rLMHYW
CA7RIEL,144,400.4,2018-11-26,2025-03-23,32,6H3TEJLezjUhlUiuS96Gmc
Gunna,162,397.5,2019-02-05,2025-01-30,23,2OaKHGvIxoOzIYjyMsxcT8
Raúl Carnota,157,393.9,2015-09-16,2021-07-04,53,4nlQ1GkaVHmVouhMGa3RM1
Isla de Caras,136,391.0,2019-05-30,2022-08-15,11,7MDhm9FYj70sbX3U0w4E3m
Rejjie Snow,137,381.9,2019-04-24,2026-02-06,39,3azcJsJnTdSIdQhexHsglP
DJ Yung Vamp,135,380.4,2019-05-22,2019-05-30,22,3h8IYKbybvfvtBohEze5sl
Larry June,159,379.1,2019-02-05,2026-06-18,38,7wfLqsV5GJQmMU4APoPIFE
Jahari Massamba Unit,126,377.6,2021-02-01,2024-04-16,26,3q82nYH1FQl60zgbYc4cvB
The Internet,94,377.5,2016-07-21,2025-11-25,31,300DUx4tdtCdGEUXR032jA
Vinocio,136,376.8,2022-12-28,2024-10-12,20,0rXrsI4bKcRCnZub5WM8p2
Queen,120,362.4,2016-05-21,2026-03-31,51,3yOdfq8eIpBrotqjL5gfdh
Juana Molina,87,351.5,2017-05-07,2021-08-17,10,5tLOhSmRobsMzh3bndcRSo
Curren$y,138,347.8,2019-10-05,2026-08-18,27,72srupKWkEbpr75gItB9YT
Juan Luis Guerra 4.40,120,346.8,2017-03-01,2026-03-06,47,0Y6RXhbU85T0P0HeiT1Tnb
Veeyam,112,345.3,2017-11-15,2025-07-28,59,3DeIhlxvNpVSgzEjSY95eb
Lianne La Havas,97,341.5,2016-09-12,2024-02-14,15,5ygk8Hkp4WCCk7GXWEUP9V
Huncho Jack,162,341.3,2018-01-12,2022-05-10,13,3HtGb3X1ATpCagy47EFROT
Foo Fighters,100,337.4,2015-03-20,2026-06-04,35,4SMbJ6BAY9LdudY8v7HJpH
Ivan Ave,114,334.1,2020-08-25,2025-08-21,25,31WbwNZ7o9GYg1nLtKZVPX
JID,105,333.8,2018-01-17,2026-06-03,51,1BQFY6Kd5Qj0ZXEhmWD3DV
Sade,87,331.3,2016-12-25,2025-03-23,24,42vYxMAWsFpBOS7hgAdzqW
Jordan Rakei,91,323.1,2016-07-12,2025-05-20,59,5sQWjruB7lD51R8h5mPHkk
Kamaal Williams,79,322.3,2020-09-08,2024-06-26,20,6Z6lYo8cyciwEU6goSrM0L
David Bowie,72,321.3,2017-05-21,2020-07-09,29,0Fao855T3klV3REFRFHRF3
Green Day,57,321.1,2016-10-19,2017-03-03,9,4wH29TM74O3788Kn1KzWuY
Cazzu,134,319.8,2017-07-08,2026-08-26,21,3IZBQ1UbvO6XUEp6TnDEJq
Kiddie Gang,115,312.2,2019-06-04,2020-11-15,10,42rMcmqPgqh9KX6IDIkTl7
ScHoolboy Q,95,311.3,2016-09-12,2026-08-06,28,3yg7fx2DVjbQRLoROq3wA8
The Verve,73,311.1,2015-09-23,2017-03-01,21,3kRpmT49pFMbVxT6FbVszH
Xavier Omär,107,310.5,2017-08-27,2023-07-12,19,5cHdOuER9BztlOcbUNBmrQ
N.E.R.D,79,309.8,2017-12-18,2026-07-24,22,2j5yegF3j49WxMCIhHTABo
Charly García,117,308.7,2017-10-24,2026-08-19,46,7B8W8kfQwcVubGo2EGosID
IDK,138,303.5,2019-05-06,2026-06-02,33,3srEU46s3BtdVOtyzC5HRe
Lou Phelps,138,302.0,2019-06-04,2026-04-06,16,5SFN4TM543xKS966nyypnF
Xzibit,91,301.1,2019-07-27,2019-08-27,16,6dzICHZ9ennQFF1nP7ReRQ
André 3000,36,300.1,2023-11-17,2024-01-04,8,53JuszD36WgJTr4Rdq7kjO
SLIGHT,126,299.6,2017-12-04,2018-12-04,16,7dMWIpk9HLhN1TwnPGX7z6
DOMi & JD BECK,113,296.5,2022-07-29,2026-03-18,15,10UmWJn4BXev5y6uj1VwMl
Marvin Gaye,63,294.6,2017-07-29,2026-02-15,34,5sAr7Ux1yfEsdOa8MsoKXr
JAY-Z,97,292.0,2015-09-08,2026-01-01,34,4HWQexsnWXsAKBJp52hU4G
An Espil,122,287.8,2021-08-23,2026-03-27,16,2azVcdaQIwrWIdIVA6JnPF
The Celestics,114,287.6,2020-06-02,2026-04-06,18,7htzXRxWrkVtswYykSrrwC
Bill Withers,94,287.2,2021-02-01,2026-02-15,12,54A38MaoYRz2lrgtMkRbRD
JJ DOOM,115,286.7,2019-04-24,2022-09-04,29,6Det6WcwJe4eu1jy2bA8tc
Rush,69,285.5,2014-11-14,2021-12-21,45,5H8xFHau0x3PI1CssO6EaX
Your Old Droog,104,283.3,2019-07-22,2023-04-13,21,61izt7DSJ2YLxzaDNRGftl
Jyoti,98,279.5,2021-02-26,2021-02-27,18,5dqEVW0NiGzHRCgbut0CSZ
Ka,102,277.5,2020-06-01,2025-08-06,21,40TkDKHBVErzg59AB4UNwn
Joey Bada$$,85,275.3,2018-11-21,2026-08-06,19,7xemBaUtcXqhHbNQU9zGcM
Mansur Brown,71,274.6,2021-03-17,2022-11-19,24,4T5SZNipUvpKiPRvxa0uQj
De La Soul,76,272.8,2016-09-19,2023-07-09,17,02IJXadYUHuikDbAvmGqj2
Melanie Charles,92,271.1,2021-05-31,2022-05-10,21,6VmLszxDcEn7UUVxxt4kfR
Joshua Malilay,143,269.9,2022-01-17,2025-11-04,8,2AUlQbWbUVhRLQm5EkkJZI
Christina Aguilera,94,267.3,2022-01-19,2025-01-19,37,3U89vcJdwcv4i8QFe6TaMM
Rex Orange County,107,266.1,2017-09-21,2023-12-22,15,6VxUwrFA62k7apLawHsC08
The Beatles,111,265.9,2016-06-09,2025-05-07,85,0hKRSZhUGEhKU6aNSPBACZ
Karriem Riggins,131,264.9,2020-03-18,2025-03-18,37,4avME374PfyTNTnzIlOw2O
Q-Tip,88,262.3,2017-09-09,2018-10-12,13,5a4r97oByH6TOgGQ3f3Skr
Talib Kweli,87,260.1,2020-08-21,2026-04-30,20,411xhT7ayrp5kJjT26DR3s
Julieta Venegas,83,259.0,2023-09-17,2023-11-01,18,0TI1CvUEoeb2todAK8N0u4
Jonwayne,75,255.0,2016-07-26,2022-02-15,16,3NrZhjTpbvfA9ZgB7zLKfg
Joe Satriani,49,253.7,2016-06-07,2017-03-02,19,2ji5qSLXtokUnrZPPpk6Gf
Vince Staples,113,252.1,2018-03-15,2025-11-25,36,592A3x9nMXoL3Ay5rKgSwW
Lito Vitale,66,251.4,2016-06-07,2026-06-29,8,7j87GqxCRCFC8xX1gB8t6B
Midel,65,251.2,2017-08-25,2023-12-12,2,6F9BrSf6kqJkV6Uyq589uj
Iron & Wine,76,250.5,2016-04-08,2021-08-17,9,37dndUqjtWX7imKBlE2jP1
Cookin Soul,105,248.5,2019-07-31,2025-08-07,54,5Qd60om2g8NOuqPIEdbbmp
Pedro Aznar,75,245.6,2015-09-24,2026-02-10,52,6RWpteDI641k2ytW38Qqjh
Divididos,94,242.4,2015-01-24,2026-07-24,23,0iFZlkyFokkZq569S7NADx
The RH Factor,57,242.0,2021-12-20,2026-08-25,32,46F2cfEmQToo45ubzjZILI
2Pac,63,238.4,2015-09-14,2025-06-12,46,3DL6PGdcnpn7j5ofFyV7Vv
Jack Ü,68,237.6,2016-03-01,2020-03-08,2,66hayvUbTotekKU3H4ta1f
T.J. Brown,125,237.2,2016-09-19,2016-10-07,13,5mB9FanDo4pLHjTV0Br43G
Stevie Wonder,48,233.8,2020-10-18,2026-02-10,39,6nGaPDMcXeY7YS3O8B8C6s
The Kount,160,233.6,2021-12-02,2025-09-05,19,4iJrGwqUJjXmxaNVM9SBn0
Earl Sweatshirt,91,226.9,2016-07-13,2025-09-25,46,6JKoTnberZoBgUuxa6l4Kh
Musiq Soulchild,57,226.5,2017-08-25,2025-07-22,19,42vMUvweeA0yecNQkbZXjj
Rapsody,62,226.4,2019-08-23,2025-01-28,18,4SnvGQ7wRoFpxPKXmwJJMr
Smino,74,226.3,2018-05-07,2025-09-25,34,3Zau3JcrZcBfw8aVjKGkSX
GoldLink,95,225.6,2017-05-22,2026-07-14,25,2p37Mfy2PWajgOS3i2aaep
Jaydee,93,223.0,2021-04-24,2025-04-04,43,1zUH5NpqOYtFXnCudiRIf8
GIVĒON,93,221.5,2025-11-25,2026-08-04,37,50otYQj8x1wp6HpdRrLXpY
Shafiq Husayn,53,220.0,2020-07-18,2023-07-26,30,0CPomiZBjtIDUiHmMLU138
Aaliyah,67,219.8,2020-01-09,2023-12-24,22,0qvlhVNm7L5IWabWF5hlEL
Topaz Jones,79,218.5,2021-08-27,2024-03-26,15,6fjw8VgTasAQUdPuEHP2aZ
Tierra Whack,173,216.0,2019-05-30,2024-05-08,32,5VlVWKfI3V4o3eNhqucb5D
Little Brother,73,215.4,2021-01-18,2026-04-15,27,0ZsDZd6yQJDiEKoSzVrfoK
Jaylib,80,215.3,2016-08-08,2023-12-19,25,07NPTKABlBvHeH9q2JhbjV
Maxwell,52,213.3,2020-06-06,2025-10-19,15,2x28X8t6xaomkkn1ssHJ5E
Little Simz,69,211.7,2018-12-13,2025-09-12,35,2lbX8Jt97ou14yL9rqG58C
Sampha,77,210.9,2019-10-22,2026-06-02,21,0P5bg4JX1fUplClPC0nkUS
Nujabes,59,207.8,2016-07-04,2025-07-14,35,4pVwc3fU2RqL7l7L0fSwaq
The Carters,63,207.5,2018-06-22,2021-12-17,10,4rBFiGHlaujBGnyQgSdWPh
Logic,65,204.1,2016-08-03,2026-06-02,20,6XoAT50mgAcIDpYXRqWOnV
Mach-Hommy,112,203.6,2019-07-02,2025-09-12,36,4L7DGU4do4MLLdLzJuznGv
Young Thug,65,196.3,2019-04-06,2021-10-26,23,5UZxoK9vuNm5uXzIpE4nC7
Viejas Locas,105,196.1,2016-11-03,2026-08-24,28,6G69Rca1fS52ypIOp5KJBX
Shay Lia,71,195.4,2020-08-23,2026-01-15,6,2EClwF8ZiDM0VGFMYceM6v
Lucky Daye,48,195.2,2019-02-05,2023-10-30,21,4XjnaL1dDauhuvNFz1SLwW
Arcade Fire,61,194.8,2014-12-27,2019-04-30,26,25r99eqlm3lHGnZHoeg7YX
Banzai FC,49,193.7,2019-07-11,2020-06-19,3,1icQboyuqM6u9IsWuy52Lg
Denzel Curry,91,193.0,2019-08-08,2026-07-25,27,1q8DwZtQen5fvyB7cKbShC
Cordae,69,191.3,2019-05-30,2025-06-12,20,0DUsAwAHvHl6CdvtQIS27x
ACRU,91,189.5,2017-07-24,2024-09-04,29,3e1IVoqGthw5mCc1gf6sf9
Matt Martians,89,189.0,2020-07-18,2024-05-08,31,2qw9wGBNz5dBxocELAauwy
KIDS SEE GHOSTS,77,188.7,2019-03-18,2026-07-25,7,4RVbK6cV0VqWdpCDcx3hiT
Jay Rock,65,188.4,2016-08-29,2026-07-25,17,7w2R9UtQzGu891Vuqh7w7Y
Princess Nokia,82,187.8,2018-04-13,2022-03-15,33,5T4OhLLw1ZAt3t9U9dxizJ
Jill Scott,44,184.8,2020-01-28,2024-01-16,10,3ZInu8GDOvRXhEcSkPw3QF
Braxton Cook,51,181.4,2020-08-14,2023-03-29,21,4pp0ALkNwuVbXgK1BiJNAT
Barry White,46,180.0,2017-09-18,2025-10-16,17,6s5BBWfXMcGtr65c6rQqYo
Chet Faker,62,179.9,2016-09-12,2025-04-07,13,63YsXakppvKl1MsCYcn4zV
Astor Piazzolla,45,178.1,2024-04-17,2026-02-10,9,5cvqByPKCJm2hSntXu3whA
Blood Orange,62,176.3,2019-08-06,2025-09-25,33,22Fvc0gkf7ZCNQEQ2Oxj6D
Mac Miller,53,172.8,2019-04-23,2026-07-14,27,4tph7twTQ2WSXfSG5Y25Cp
Dungeon Family,47,172.5,2019-04-16,2024-01-08,13,6hZHjRrmQ3UoulSZUzn5nu
Lil Yachty,51,172.3,2019-03-11,2025-09-25,18,1rydhdFtKe2CRkiaVb7aGF
James Brown,23,171.1,2016-07-01,2026-03-17,11,1IsawfT8Z2YoC0kti1lpe6
Prince,40,170.6,2017-09-19,2024-01-16,22,1MpPRotMSsZhI5eevP2qeO
J Balvin,63,169.4,2016-02-27,2026-02-19,20,0uIfrUwwg0Z7KTitul7E3T
Anthony Hamilton,46,169.0,2017-05-19,2024-01-16,13,53w2vsCVLYmgh15RhIwWsw
21 Savage,61,167.7,2019-04-11,2024-10-11,32,3WXJOVqIyZKSkdLa82PF0L
Trueno,83,166.9,2019-06-25,2026-02-10,41,73zQG7t3tZDyePEflVSqJJ
The Roots,46,163.7,2020-04-30,2026-08-01,28,7CvjV9GN9uFM5HmIowua6Y
Bishop Nehru,61,163.2,2016-09-21,2026-04-06,13,4yPe58bOJFZthoEx9HEkMv
Kodigo,78,160.9,2017-05-20,2021-04-24,12,6c9P55184Iwbaf9wiq0EC2
Sons Of The James,58,160.9,2020-07-10,2021-07-26,13,7qX1HMA6FkjTksyF1ROcsy
Marilina Bertoldi,60,160.8,2016-04-07,2026-06-25,25,5C2zRZcMKEUP9LE3AHZtbs
Intoxicados,45,160.5,2017-07-11,2026-08-24,22,3rLMwqrvbr38wcud6FxB8i
Eminem,47,160.3,2015-09-14,2020-01-18,38,2jt2WxXMCD4zjACthkJQVE
Lovage,41,159.9,2016-05-17,2017-01-01,12,1MrdX121Im4M0cBUrLx5OY
A Tribe Called Quest,49,159.2,2016-09-05,2026-08-26,23,7AgMX97ljLm9BzszyyXEYZ
Prophet,44,158.8,2021-02-01,2021-04-22,17,37wkQeCHcep7iz7dSYb9SF
Duckwrth,61,157.0,2019-03-11,2024-02-20,20,2LdbF40p7euLqEsaxpt70i
Danger Mouse,63,154.4,2022-05-25,2025-09-28,13,26bZSUEaSfyPa4gTsAKxZq
Ms. Lauryn Hill,39,153.2,2017-04-29,2026-06-04,10,7x6hO9VMAee9x1iWaeNkL6
USHER,45,152.7,2021-04-04,2024-02-20,27,1bPbiotvwSAYHG3ycVC2CV
Virus,55,151.0,2017-01-26,2026-08-24,23,3282skqQXz0H4vWm3SYWGB
Mary J. Blige,38,150.9,2017-09-19,2026-01-15,19,7pFAycgyex95RR5uLFxDfd
Edwin Birdsong,40,149.6,2016-12-16,2018-04-27,8,3FrZE2CR1jFP5LXhi67AQy
Alfa Mist,31,149.4,2019-10-18,2026-08-25,23,1GzBTeJLSh6frMPWxvNygc
Buddy,59,148.3,2020-01-03,2026-04-06,9,1ccc68jhhpiz4BYQBCN5zG
Mndsgn,62,148.2,2016-08-29,2025-08-06,26,6ftZsEYeGn9lHusYfW2Ync
Al Green,42,147.6,2017-10-08,2025-05-07,19,6ey8HhYmR57lhESTf15RcF
Maria Becerra,63,147.3,2023-02-14,2026-08-26,25,3oNnzH6hmqIGIhJ1NcHlrh
Pharrell Williams,48,147.2,2014-10-30,2026-06-02,22,1DylszI7qE7CB0yNugUxV6
Dinner Party,57,146.1,2023-04-16,2023-04-22,9,5T6MaD8kh2Sj5nUEM4DZXE
Ab-Soul,39,146.0,2016-08-08,2026-04-15,13,17vQTNbvhpvi92qOnDOFHB
Black Milk,71,144.7,2018-03-20,2025-09-15,18,4JWxnitY7S3N5TzCA5RJnO
Manu Beats,105,143.8,2019-07-26,2020-03-07,33,1hSxEORiFQ5GSnPLYFU6cX
Nirvana,98,143.1,2015-06-13,2022-06-05,32,2S4lAby9LtHrSS8l5kyHO9
Willie Colón,43,143.0,2017-01-04,2026-03-06,32,7aKs8kWKKau0SDgaeyZMAX
Pusha T,55,142.2,2018-12-05,2026-06-02,17,7HsG7U7aQhafXqa41dBxlK
Gese Da O,95,141.2,2022-12-26,2024-04-03,6,6Qk91ZBmS52dCJC9ASSZoV
Billy Cobham,36,141.2,2017-10-08,2021-11-02,13,4mraRJO2iZA5WQ5dxlSQx9
Yaya Bey,78,139.7,2022-10-05,2024-04-05,20,5jjhDIxoYVuH7R8zvdzRpn
BROCKHAMPTON,41,139.5,2019-03-07,2022-11-19,21,7HlfcKfWPWM0s59fIgPBoi
Chon,49,139.0,2016-06-28,2016-09-12,12,4GLYLRSENbdAv3k7VXtpap
Rocket Juice & The Moon,59,137.4,2016-07-26,2017-10-09,19,5sMJuarqsgFVAwg4FzyoOB
Benny The Butcher,45,137.4,2019-04-24,2026-06-02,19,4qQ99MskaNMqZWvMLkHrZw
Juniper,63,137.1,2022-03-11,2022-10-07,8,6FBZDUJNYsfr6y9iPZQyoP
Pink Siifu,47,134.9,2019-08-06,2026-06-04,30,3nT8D7c2Ecne8QSDBqjbP1
Headie One,44,134.0,2020-07-07,2021-12-01,22,4KiGhqUwjvrJqVbiwsMwkV
Abowji Quintet,48,133.5,2024-10-27,2024-11-23,3,2kjhnHHsnIBckx8Egsdts2
Harry Styles,42,132.6,2017-09-25,2023-02-16,14,6VzcQuzTNTMFnJ6rBSaLH9
Liniker e os Caramelows,49,131.9,2018-07-24,2018-09-11,13,7Jl757vT5eNqemc6PtY2dA
Lil Uzi Vert,39,131.9,2019-03-12,2023-08-22,21,31UNoCt5Oq4isrb3SSf1ZK
Melodiesinfonie,38,129.9,2020-02-02,2026-08-25,21,2cLpj0nMZLnkG59BGQyETC
Meghan Trainor,47,129.4,2017-10-14,2017-12-16,24,0wb0X7n3cAKeajIOguyd9t
Snoh Aalegra,71,129.2,2016-07-26,2024-01-16,20,4lQc6sLF9a6SWeDpdQ7CSv
Mir Nicolas,45,129.0,2023-02-13,2025-09-22,23,4qSFHehvsEu3k4Z9X0iy7h
Iman Europe,80,128.5,2024-05-02,2025-09-08,9,7hOqkxapxkqyzBi8znBG6x
Steely Dan,58,128.4,2016-09-18,2026-02-12,20,5vX6EEjC11MiFdiEtH3qUz
Noname,47,128.1,2019-05-06,2024-05-13,21,1h2LHhmyAXi8tPNLi806JA
Arlo Parks,44,125.7,2020-03-05,2024-03-27,14,6McJLvWTBev2cGAAzEQZ9L
Moonchild,34,125.1,2020-07-07,2024-02-20,17,6HpcOt4B7DjGtCOnH2qfFc
Kelela,36,125.0,2019-02-03,2026-04-06,10,3f3vW2F2ZOOXPgKXL8Pg3h
Los Cafres,32,125.0,2016-09-09,2025-12-01,22,1uXUJQQb3YkFTSzA6SLrd4
Marcianos Crew,42,123.5,2018-12-29,2020-04-13,3,29Nzo1DUgMGtxU6op3ZI9n
Wu-Tang Clan,46,122.1,2019-11-09,2019-11-13,10,1Mi6uegC4pRxQZw1CB5Fk9
IAMDDB,50,121.6,2019-04-24,2022-04-24,22,6ORip1GrxzA11RLnLXWNqU
Billie Eilish,39,121.4,2019-04-21,2022-06-05,32,042Sl6Mn83JHyLEqdK7uI0
"Earth, Wind & Fire",42,120.4,2018-05-22,2025-03-23,18,3a6vIRcMW3qJY1Z9vWLat8
Moodymann,23,120.0,2016-08-05,2021-06-17,9,67do51JLVgOHkbuqo0vDGO
J. Cole,39,119.9,2016-07-25,2026-07-25,27,0SFZAQnxM6KBBNi8Y7YflZ
River Tiber,43,119.6,2016-09-08,2026-06-17,8,74Af93sMeTqsKgIZOjRsn5
Joomanji,41,118.4,2018-03-14,2026-08-25,13,0Lgk4pD3Y0iE9w2xDilhjj
Bilal,24,118.1,2020-04-21,2024-01-16,5,44CoUHnHQfw2T8qAvhIh06
Floetry,27,117.5,2021-07-29,2024-01-16,6,0khnsS3vcqT6qngEhZCk4c
Durand Bernarr,35,117.1,2021-07-22,2024-02-20,15,6C9Kq5ImOryKNlyOfnRTxS
Lali,51,116.4,2022-01-15,2026-06-25,20,0rJCvWts5H9GCYKeDqGTnj
NATHY PELUSO,59,116.2,2018-06-26,2026-06-25,22,6cFgGf6N885QEI7vcld4oT
Summer Walker,50,114.4,2020-05-08,2026-08-04,23,14SaZBTjxlorHJQxXh01Hu
Playboi Carti,47,113.4,2019-08-02,2024-01-25,23,2rPSFKzGeqUWwfcCFVkkq3
Jerome Thomas,38,110.8,2022-09-09,2023-09-09,9,3VLXFHefYueJG8sTfNIvyE
Ty Dolla $ign,52,110.8,2019-08-12,2025-04-05,27,29zlMCUoFqwWMMTFwY7rTI
Eric Clapton,32,110.3,2016-04-01,2019-04-15,29,2BrhYzr0B9R8rVaSSZEmdl
Kamasi Washington,19,110.2,2019-01-03,2024-04-29,10,3E8nzNloeto0X4PStdQwQA
ABRA,40,109.7,2016-08-08,2022-03-10,18,4SExof7SNMmYgTmgE8TBrE
SiR,40,108.4,2019-07-11,2026-08-04,12,6ZrEsTv8IYRg0U0hUoo2j1
Pappo's Blues,41,107.6,2014-10-17,2026-08-23,21,32YifJPH1d230X75kjg3rZ
Choker,32,106.1,2020-01-03,2022-05-30,16,2sjYlOS4LeF11IMBAB4kC8
Play Nice,43,105.9,2021-04-28,2022-06-21,18,6WRR6i9cJDO7FW2AbBGBAl
El Pepo,37,105.5,2016-09-10,2017-01-29,17,0lFF8OCWBfPmzD0zfV37nR
El Triangulo Estudio,45,105.2,2019-06-25,2022-08-09,1,0Y3bl8IzUsGvccFu74OLPB
Amy Winehouse,51,105.2,2016-07-12,2026-08-25,15,0DMRKqrpd0QO4RWiEdMib0
Paco Amoroso,41,105.1,2019-05-15,2025-11-25,15,5zbjpznHBQnhGDhO3vlf6P
KAROL G,42,104.7,2020-01-23,2026-02-23,8,7vrJn5hDSXRmdXoR30KgF1
Lil Baby,36,104.6,2019-04-06,2024-01-05,13,2Am26UXisQ91vBLYdqd7Pa
Muse,36,104.0,2016-07-01,2018-09-11,19,1244xKUG27TnmQhUJlo3gU
Pop Smoke,40,103.2,2020-07-14,2023-07-26,22,7ClZUuzhHULLKjjrHEz6HF
Rochelle Jordan,30,103.0,2022-06-16,2026-04-25,14,4EGz4rN8kpKF5mx5i0HHm1
Moses Sumney,37,102.1,2016-08-29,2023-08-26,21,2edJwQZsBmdVqbg4FhBfXD
El Terceto,19,102.0,2016-10-15,2016-10-17,11,5Dnox81gnioMiiwkTMIcbH
Georgia Anne Muldrow,33,101.9,2016-08-08,2024-05-06,20,236suG604mRzhUuOR6ZdeN
Zacari,43,100.3,2018-03-15,2023-09-15,7,5YwuJotHN5IwK5Brb25nwe
Fantastic Negrito,33,99.9,2019-02-11,2021-11-01,26,5I3hBEJdPwNtCX8m7rJZtV
Snoop Dogg,32,99.3,2014-09-17,2022-03-19,21,6xQZuh6E5I7Ga9RNTXUM9k
Rihanna,38,98.8,2015-09-19,2025-12-08,9,6RtzmszGXs32TRhv5zTKNM
The Avalanches,36,98.7,2016-08-02,2025-05-22,29,0J3FsLl9oyGWBU3cHqQpCo
Twenty One Pilots,27,98.6,2016-05-16,2017-07-29,16,08ZuYMwYKdxLrGufv125m0
Soundgarden,29,98.5,2015-09-17,2017-05-28,25,6huxq7SY626HdbDYmhXJaj
Men I Trust,47,98.3,2020-04-16,2026-01-05,26,7lKN7pik3CelVWHWGp6DfB
John Mayer,54,97.4,2018-07-02,2025-05-07,14,4Im6GRj17qa7NW76OsJh1s
UnoTheActivist,38,97.1,2021-02-16,2022-03-15,18,3pi1QC6F2BwSagRqejpXnt
Sinéad Harnett,25,97.1,2020-08-25,2026-01-15,4,5lTwOxpUGNS5ckpkxNk9Wo
Majid Jordan,29,96.9,2016-09-05,2018-02-27,14,1NkjSBBDOYB4abj2ieO8XS
Lupe Fiasco,28,96.8,2019-04-29,2026-08-06,10,4cM2LT5tdfy0EHJMgOrG6L
Santana,28,95.9,2016-09-18,2024-03-20,10,5iZcqTxUmsIjxBNek2Yzxt
Militantes del Climax,32,95.6,2020-02-17,2026-02-10,17,6NN2vUCGqEyzEt74PpECYv
Angie Stone,23,95.5,2023-01-26,2024-01-16,5,0fgVs2FjWxf60Gk8aaoECK
Mild High Club,34,95.4,2016-07-13,2025-03-31,22,3cRmcocq5owkGG9glPPN2U
Joe Hisaishi,48,95.2,2020-04-21,2020-07-17,13,0QW4RCyj2Tc2N0hD1FjkcS
Milo,35,95.0,2019-07-22,2021-03-21,12,4Ylj0xUFrFivUyENgXw3YT
The Mouse Outfit,26,94.0,2019-05-16,2019-07-15,17,4MI1lVoGoI12UHOlGovn0X
Tems,37,92.1,2021-12-25,2026-07-16,9,2mzM4Y0Rnx2BDZqRnhQ5Q6
Sumo,49,92.0,2017-01-26,2026-08-24,20,3flkRKcEZISJOXSvTvK9PT
Dummie,37,91.9,2023-04-05,2023-04-19,8,4534icNG1EL8gUBKIFGLIf
Cardi B,30,91.9,2017-08-28,2020-07-17,12,00B7TZ0Xawar6NZ00JFomN
Andrés Calamaro,35,91.8,2018-03-08,2026-08-19,10,0jePqZlutXGa8xz6NNyKAy
"Spinetta, García, Ferrón",21,90.5,2016-07-20,2016-07-21,7,25pnVAtUI1qrUon8JB9mAI
The Wailers,53,90.4,2015-12-02,2018-06-26,20,3U7xlkzHOQT2STYEtg7rPr
Craig David,50,89.8,2018-04-06,2025-11-11,12,1DtRLbCvT6EJbXfycyHMVU
Damian Marley,32,89.8,2014-10-23,2015-09-20,22,31QQNwX8gEpghHi6sOjy6e
CZARFACE,38,89.5,2019-04-24,2021-11-11,11,7MI23VU7ULV1PaGZoHtiHn
¥$,31,88.4,2023-12-07,2026-08-10,16,4ihV1wv7QmjbkLHaT9lA4s
Ana Belén,74,88.4,2025-05-24,2026-08-29,3,6M7dGTUF47RRGGPqHBTn6P
Gucci Mane,31,88.1,2019-03-15,2023-06-21,18,4FMbpxkUfkh4j5V8MscMKw
Lonnie Liston Smith and the Cosmic Echoes,50,87.9,2020-03-04,2020-03-07,21,0udcazyJDYrlwjFGudodRZ
Elvis Crespo,34,87.5,2022-10-05,2026-03-06,12,1g7pyL3TVrXvJRLMShJUUI
KHEA,31,87.3,2017-12-25,2024-01-10,13,2CRbiMK0W14l71SpDKqKZM
Sister Sledge,27,87.2,2017-01-14,2017-10-30,8,6PStDpOtRKb2BKVU14Vj9f
LOUTA,33,87.0,2017-09-10,2021-11-13,10,6HgKTmg5EcM7cWo9yB4hN6
Bardero$,29,87.0,2020-07-08,2024-12-26,18,2z8tG3NczYIyhzfq5eiejJ
Khalid,27,86.8,2017-04-02,2022-12-02,3,3pf6HWXtEalIWoZcPTFbc6
IAMNOBODI,34,86.4,2017-11-06,2025-07-28,9,7GIs2L0aUYImiZmBxH812H
Rory,32,86.1,2023-03-29,2025-07-17,14,0xk3ZRGFd1QeG9lA9uewuz
Wee,23,85.9,2021-05-05,2022-05-10,11,4NaVL9XgVWksdlVoNtoXZZ
Blur,23,85.9,2016-07-12,2026-03-11,9,4OHVCeQYPncEwZOtNAJZZx
Earlly Mac,48,85.8,2021-10-26,2024-05-02,7,6nemwK7UWo4oNM7iG52waC
Color Humano,19,84.6,2021-12-25,2022-03-07,7,5J6CXkqNiNyQDe4Qcv5FTU
Teyana Taylor,29,84.6,2019-12-26,2023-07-14,14,2i7W3WG5ORkArjloAoF791
C. Tangana,33,84.4,2019-06-07,2026-03-05,20,2uFlBIfS4XKyOVPKiIrj5L
Raveena,26,84.3,2020-06-03,2023-07-12,15,4x6g5OuktRJPVC80unBdQl
Los Piojos,22,84.3,2018-03-08,2026-07-31,9,5LzZBMRQ8Ui4eu5uGIO4Zh
Mumford & Sons,22,84.2,2015-10-10,2015-10-12,12,6rhFQMrr2BWrnLewzBh0Wq
Bluestaeb,34,83.7,2021-03-17,2025-01-29,10,1UuLgIZIUIfgRVXhKmUAqD
Onoe Caponoe,23,83.0,2021-02-16,2021-02-21,16,3IY8QOZFZCjm2B9w9FqiKX
Quelle Chris,18,82.7,2020-02-17,2024-01-16,5,44uBwRUPAQmgWSUDZQq3Da
La Oreja de Van Gogh,23,82.6,2017-03-25,2017-03-25,21,0tYgPn1oAkYnzjt758q990
DANGERDOOM,30,80.8,2016-07-26,2016-08-03,14,6ODS67X5qVcK29FnNoFdDh
Jamie xx,21,80.7,2015-01-26,2019-04-22,12,6YPQGcqfMXZbQaz6l30uBJ
Kid Cudi,28,80.4,2016-06-28,2022-11-19,23,2yg7MXp8nSPaf61HVkhEr3
Col3trane,40,80.3,2019-04-29,2023-06-23,11,75w3hkYlT7dH1IWXMqBdq9
TOKiMONSTA,28,80.0,2017-11-06,2025-09-05,13,548HwuXDxj3wxRu45e0uf8
Damas Gratis,35,80.0,2015-11-29,2025-09-18,23,0lZxPTnWhyktE0T5dMAA0j
"Royce Da 5'9""",25,79.3,2019-05-06,2020-11-24,23,4UH7za7GQyHIAjcWDP3h86
Paulo Londra,33,79.3,2017-10-23,2023-02-16,27,5jW3rF4URMdK7tO2xjS5EI
Arima Ederra,31,79.2,2023-06-12,2024-12-25,13,7850D3h2i7foAkTiylvlX0
Los Tetas,20,79.1,2015-09-08,2021-04-11,15,7dqrYCVtMoP0R3RNYZJJ9b
Masego,28,79.0,2019-05-22,2024-10-26,19,51rPRW8NjxZoWPPjnRGzHw
442,45,78.9,2021-08-23,2024-04-16,6,2f8L28zdn62w0QElAbCfjt
Glass Animals,21,78.9,2017-06-16,2017-06-25,12,3aTrurxagDJfsQRBEOGfMb
Athletic Progression,30,77.9,2022-05-16,2022-11-13,15,7kxKRyfBNC5HMoMXjgv8wO
John Coltrane,10,77.7,2016-07-04,2016-07-05,4,4Y2IH2kck6O3ao275fYvpk
Pantera,46,77.6,2014-10-30,2026-04-20,15,4vJr55lngvhSM8WIh9CjQc
Roy Ayers Ubiquity,22,77.3,2018-04-17,2026-02-15,8,0TIHjtXOcqmVqTdpZdeN1X
Dwele,21,77.2,2021-12-18,2025-09-08,7,5o5YhoEFl2wySfIV0KaIjH
Ratatat,26,76.6,2020-09-20,2020-09-21,14,5KOyHaWqgrJIWMAzIp0iym
Action Bronson,32,76.5,2016-09-28,2026-06-02,22,1CEVg3GpmapQ5rK5feHbFc
DrefQuila,26,76.2,2019-06-11,2021-04-08,16,3vSPVPDu7P0mJEhSwCO7Bx
Wesley Joseph,31,75.8,2021-05-05,2023-06-12,10,5sBsK1SvCj1IZOi4xQOaNO
The Jacksons,26,75.6,2015-01-06,2025-07-04,3,0GIk0Mm87D0CDyj57Urtt3
Television,14,75.3,2016-03-12,2017-01-20,8,7Me0vOSlJfaPY7Pc4GeItd
Roberta Flack,15,75.1,2020-03-18,2020-03-18,9,79IXndLHs6gyYGM8gwKkxf
Swarvy,28,74.3,2019-07-15,2025-08-06,4,6jL7khukUgi77cMZXH5efj
Amaria,26,74.1,2022-05-31,2024-12-27,18,6Rc7pNMPrDGyTwkqKa6gDH
Nigel Hall,19,74.1,2024-04-12,2024-05-27,8,4jLhP8hgk8iRSVWvxHahaW
Rauw Alejandro,35,74.0,2019-06-16,2026-03-06,23,2qyLvNLktrdc67OgaayqMW
El Doctor,29,74.0,2019-05-06,2024-12-20,15,1AsZ4gSGp3Er4uMIo7rbPL
Baby Rose,20,73.9,2020-09-04,2024-04-16,8,0fGF1wZkOEnGWiZZKxv70X
Teebs,33,73.9,2020-03-04,2025-08-06,9,2ss1yofr3slVR2SfokLaLC
Marvel Alexander,30,73.8,2020-08-24,2026-01-15,3,49bdttNsjvq4XWbEAaW3hd
Almafuerte,21,73.1,2014-10-17,2025-11-02,11,5sNGy9RyHKUasJxSkEu0tT
Canserbero,15,72.4,2018-02-03,2018-02-03,14,1AdDN7C3JpmjTQlDkpFZGE
Illya Kuryaki & The Valderramas,28,72.1,2015-09-21,2026-02-10,21,1GEA92t5aEg35HLKrGfBUU
Spillage Village,19,72.0,2020-03-17,2022-03-15,11,5zWOqc9si4XnemdxZH4WGG
Aikeem Vill,44,71.8,2021-11-29,2023-09-15,8,48BCdmTYy1Uwsx4NjwEMq5
Devendra Banhart,28,71.7,2016-07-21,2021-08-27,5,35EfTf0bXvAZCmKcObdAK3
Steve Vai,17,71.2,2016-06-07,2016-06-21,4,3mftZOOw2ZmCpWPAnyXVCG
Justice,20,70.3,2018-11-20,2025-08-18,13,7sgHtLlsrOSRUPlYhGkPDD
Jack Harlow,27,70.0,2020-08-27,2026-06-02,17,3EMp20j5E42MxfFbsEsIvD
FKA twigs,19,69.4,2016-06-29,2024-04-23,13,7F3glNVFs44CEUCLlU2s24
Marc Anthony,22,69.3,2024-01-22,2026-02-21,16,4lmOvO7Nc0Ppdz2hk8jpHj
Ryan Beatty,20,69.3,2020-08-27,2021-07-29,13,6SFFmZFiDoTjQG3kdECxZa
Sonder,38,68.5,2019-07-15,2026-08-04,15,3a3dQOO19moXPeTt2PomoT
Ozuna,27,68.0,2017-01-27,2023-07-11,7,2FrnTVSHjgnEylKGdHRUK1
Lauren Faith,23,67.9,2020-08-25,2025-08-21,2,5P6nbeGMqnAGwqt9rrraaQ
Klan,24,66.9,2019-09-19,2023-10-12,24,1qSsfV3mFM8czoiaMcpONt
Keith Jarrett,6,66.5,2024-02-05,2024-02-10,3,0T4KV1pj8as2xvdHZAP5ae
Herbie Hancock,13,66.5,2016-07-15,2022-11-15,4,4O1Q299Tc3xMQxj7hrWFTF
Planet Giza,27,66.2,2019-04-29,2023-09-15,13,3RHtomv0hpjGBsCx99kkeM
Sam Cooke,20,65.9,2021-08-09,2022-05-10,2,7zeFeBZVVmhlEFWxPLfxIn
The Black Knights,19,65.8,2016-02-10,2023-07-09,18,1V7CiRuIhWJmBF3Q2VE3h1
Nito Mestre y los desconocidos de siempre,20,65.8,2021-12-25,2021-12-26,8,5QCN38AWZLvxkYytmkW0EI
Aesop Rock,24,65.6,2016-06-22,2020-04-18,17,79MQcgChWs49hPnqwjwhe7
Coldplay,17,65.6,2017-01-27,2025-07-18,15,1RNtm45kw0hPMBz7gKiIYu
Mala Fama,25,65.5,2016-07-09,2017-01-29,11,7xiXAlxloAimFHJ750wxRY
ALASKALASKA,18,65.3,2020-06-01,2020-06-02,12,0iafYCymNjws0NvhCYtd4C
Sam Ezeh,28,65.2,2021-07-27,2022-06-05,8,2rtr3HuXDjajzmWTe2OUqD
Maná,17,65.2,2018-01-12,2026-02-23,11,0mvocLIWUnT10znvIXwHGr
Elaquent,27,64.9,2020-09-17,2025-01-14,7,6jtDUARlNm9PNUqrL7cMOg
Oasis,18,64.8,2015-11-23,2025-11-19,14,0zc2UcrURBMVTyV7J0wrAP
Chance the Rapper,25,64.6,2016-06-22,2026-06-02,11,6Oe5tmI1bfguCp6dKHbSj6
4 Non Blondes,18,64.5,2016-10-07,2016-10-14,2,7f0jXNMu2xjQUtmKMuWhGA
Big Pun,23,64.0,2019-08-25,2022-01-15,22,1JqyY1N64SmuGES3xcijPD
Potatohead People,21,63.9,2019-08-30,2025-04-23,9,47RkuvGBEBGwAyEt2JTTEt
Ciro y los Persas,27,63.6,2021-12-17,2026-06-25,22,4leJZ8hEr2cGDc3nIv8jfA
Reuben Vincent,22,63.5,2025-09-08,2026-01-16,21,6xXzImdI5Cpmx7w1gBkZUt
Marozy,35,63.3,2023-01-19,2023-01-20,4,4LiMwyG2xYtczaA8NTqLmB
Tall Black Guy,22,63.1,2021-02-07,2025-05-21,8,1Fo5MlsAtW8u9DQ6qbtb8r
Tiana Major9,22,63.0,2026-07-11,2026-08-04,13,3JrLI8oSZ0rM5f7dtYo387
Scienze,18,62.9,2016-06-23,2016-06-23,16,1ImipPPaQOpihMooUtXf2q
Mozzy,20,62.9,2018-03-15,2022-12-02,1,35cOyocq8Gb6UcT0NWeTwn
Joe James,24,62.8,2021-11-29,2023-04-22,7,1ilYeoldn2FEVx3gwGWQV0
bLAck pARty,19,62.6,2019-07-11,2025-04-22,8,1lfHff4wdmV8VXrMaYKdoP
Injury Reserve,13,62.4,2016-07-26,2021-08-19,3,6U8wLl0pMsgS1Lcql3nQjH
Doja Cat,26,62.4,2017-09-21,2021-06-29,16,3jt8YFtxRJOg99gmJuQBiC
Nascent,23,62.2,2021-11-09,2025-02-14,11,5G8y6DhzM6YMorFC0rh8RK
Channel Tres,24,61.9,2020-07-18,2021-10-26,11,6UYbt0ZVXP5pnrhzk8z2d8
MAVI,25,61.7,2020-07-07,2025-01-27,7,5lZ6f9AO0OrwsdFyQAfKqV
Larsen/Feiten Band,15,61.6,2019-09-17,2024-01-24,7,1WwHRbeQ99OQmuDJP5yTvg
Omar Apollo,26,61.4,2019-06-19,2026-06-04,22,5vprsDWNcHMEMH95sbJkH2
La Renga,38,61.4,2017-01-29,2026-08-24,15,26pdjKYUZlwwrAnWcljX7H
Yami Safdie,24,61.3,2023-03-05,2023-07-11,2,7FwSZyO5ynlN0OJGVOjE6k
Nahuel Pennisi,41,60.9,2017-03-01,2024-11-21,14,2B5kGQk4Lgszzvi9yXAuGp
JMSN,20,60.5,2016-07-21,2025-08-21,7,14u0zLm6T13VV72Gggpll8
Cortex,18,60.5,2016-07-13,2026-03-31,9,49ECKlsOXqyNXydiNCS2Md
Yussef Dayes,12,60.5,2020-04-26,2025-05-20,8,0AGrnwMLHwWagT8cfc40Rz
Arin Ray,19,60.4,2020-10-21,2023-07-10,15,6uD44CEBKXCQfh953npNkx
Phony Ppl,20,60.2,2016-07-13,2024-01-03,8,4drDRt1eZner26CIXLGDVx
FKJ,16,59.9,2017-11-06,2025-04-29,4,6SEolIp22t0DzeBfCBo3hr
Sunni Colón,19,59.7,2020-07-07,2025-08-21,7,6ZaWiYupgo7KAl7uZTQklx
D-Train,8,59.4,2021-11-12,2022-11-15,2,0WDsbEjeSB7Wr1yFyjpCGq
Todd Terje,12,59.3,2021-11-27,2021-11-27,12,07Wr8BA8v4hsvczK43fZw4
Supa Bwe,18,59.2,2019-02-05,2021-02-21,7,5T1oHkoSiPteJCAmx0GnUg
Joyce Wrice,30,58.8,2021-05-05,2025-09-25,6,6kmXHLDDK7RQXTjHooTCzH
Nick Hakim,15,58.4,2017-09-25,2023-06-07,12,30ZW4OsAfrMuWZhasnbSLV
Sam Gendel,16,58.3,2020-07-07,2022-06-16,14,4FwIoVB2Y7wO6KmJREuj8S
Don Omar,28,58.2,2018-01-06,2026-03-05,20,48NXpYRuvv9izul4oXhqS9
Raul Carnota Trio,31,58.2,2018-04-26,2025-11-28,14,29J68iAcaa4oADUtRdDNkx
Domo Genesis,22,58.1,2016-07-21,2025-09-25,15,4UlrlRkFZtVJCIocWLJxy3
Adam Snow,23,58.1,2020-03-18,2021-03-20,7,0V15EFntt486CEJVzT0Gs8
billy woods,25,58.0,2022-02-28,2024-01-04,14,6BCHHTTLKvHkCANNBnsgNH
Quasimoto,32,57.8,2018-04-16,2026-08-26,12,7EJx2ZHE39WIfNFhqoV2gV
India.Arie,14,57.5,2021-12-14,2024-01-05,4,2kIZPLtqtmDh3dX6HuAfD0
Malian Musicians,17,57.4,2016-08-02,2016-08-03,15,4XEQqy7GlKVKKoC34yE0RU
La Nueva Luna,14,57.4,2019-04-04,2023-11-19,11,0gbg9eHbddyXbJnTwsaxu7
Patrick Paige II,13,57.3,2019-05-13,2026-08-25,4,7eHyfxYBFM800KIp1b2P3b
Nao,15,57.3,2019-04-06,2024-04-11,6,5ymY6gY9vaUSG46kmQWBsm
Dizz1,20,57.2,2020-07-08,2025-08-06,3,3gGdOKOyrYihaV0nJ7RLQ3
Praxis,18,57.0,2015-11-04,2015-11-04,18,1bxxIQ8ZerC7YgZrhAuqW7
Eladio Carrion,21,56.6,2023-03-17,2024-01-24,20,39wiPEmqQ4J3vS16j6X9Ki
Jhené Aiko,14,56.5,2019-03-11,2022-10-14,11,10OJeHia1lrq7OCY2lSJiP
Takeoff,17,56.4,2020-11-15,2021-11-04,12,7kwnOwh31BLpdSzgXgNS2D
Sisyphus,13,56.4,2016-06-20,2016-06-22,11,2tUkOv3QuJQkE0OLEoF51E
King Krule,15,56.3,2020-03-04,2023-06-07,5,3sA2mzQ4yjmAcW0Pj6SI70
Standing On The Corner,14,56.3,2019-07-11,2022-08-16,5,5FtjaVLEeDfFb9t23hqizi
Giorgio Moroder,19,56.0,2016-08-03,2020-03-05,17,2MCfXF1ytYUnDi60bDSuug
CHIKA,21,55.9,2020-10-30,2020-10-30,7,1QIEXv2ZWIiuZObNJWzoJz
Maeta,17,55.8,2020-09-30,2026-04-06,4,7rNjupJkjsc3ANGeW0RCYj
Joy Crookes,20,55.8,2020-06-16,2022-04-10,14,7hDxkJFn3UsZgoWzDkyubD
Machinedrum,25,55.5,2020-09-04,2022-06-16,8,415z4JEuCKRr5T8djU13Wl
Govales,19,55.2,2020-08-24,2026-04-06,2,0eQ6Dhdn9UaLYKTqZjJDmu
Leven Kali,16,54.9,2018-04-15,2023-02-14,7,5M8VxQwrf56IrtRLoXeFW4
Darondo,17,54.7,2016-08-05,2026-03-17,12,4v3zlxjqvlcFcWlIIOaEk9
Aventura,27,54.4,2017-01-28,2026-02-23,13,1IdSPagRNE4i6cr6I8QBYD
Ella Fitzgerald,11,54.2,2024-01-10,2024-01-10,11,0ZLcDnOhymMK6wsW51jCve
Ulises Bueno,16,54.2,2018-05-25,2025-07-05,15,01xpSVhHCSTze61fXexcQo
Victor Heredia,15,54.2,2021-01-01,2025-11-28,10,10GARxnErCXvKmcL1HMEvv
Killer Mike,16,54.0,2024-02-14,2025-09-25,7,6dqsNpjxt7mLDjhBjtEK0i
Acid Washed,12,53.9,2020-08-21,2025-09-02,2,0loD8DoblXHMBWnEXonbNw
Calvin Harris,20,53.9,2014-12-26,2025-01-29,11,0lMbuWUpfTWhEmOKxppEau
Clairo,19,53.5,2019-06-11,2026-02-18,15,6VyCMQf7wZyZF4j9368HGK
brandUn DeShay,6,53.4,2020-08-14,2021-02-21,1,6PQ85zj5vEg6sct710Bfcl
Andrew Bird,15,53.1,2016-07-04,2016-09-30,11,25gZFMQC443m3bOtGh4CMD
セキトオ・シゲオ,15,52.9,2021-01-27,2021-08-19,12,2o8sQw0n5T6TKayRzf5i4A
Little Dragon,24,52.9,2019-06-19,2022-06-24,13,2bdVTesuIBMOPhdkexxYb5
鈴木 弘,9,52.9,2020-08-18,2024-01-26,4,6DxjcerSgdQFFBiZR7hnQw
Adi Oasis,18,52.5,2023-07-12,2025-07-17,14,0ny8LPUPjNtWz2huOJsPww
Mereba,17,52.4,2019-05-30,2023-02-14,6,5EZhrCXl5WOerBG2lrFCqw
Young Pink,29,52.3,2019-04-06,2021-04-18,12,3c1S5QnBP0L2oQG3uHakU4
Liv.e,21,52.3,2020-08-18,2023-07-12,9,3H4ohIbQHof4qKgrV6Fchc
Turf,18,52.0,2017-01-28,2026-06-25,14,7upAH0ezzsThyvr33YKn4u
Feid,22,52.0,2016-02-27,2026-02-19,15,3eqCJfgJJs8iKx49KO12s3
SOB X RBE,20,51.9,2018-03-15,2022-12-02,1,2tPcTFiQF9MbVUyjZ3zDhA
Weldon Irvine,18,51.9,2019-05-09,2022-05-10,12,0Oqhw691klP8oeKM3joA9g
Conway the Machine,17,51.9,2020-04-04,2020-04-04,7,2sl38MxPHtGY4nMopXoKHh
Lord Finesse,16,51.8,2019-04-15,2019-04-15,16,0H6BUOhsMbOi44LWYNVKGQ
Mayaewk,32,51.8,2018-12-20,2024-06-28,21,7JwHCqoJwFGmk3v1sbe6wo
Rels B,22,51.8,2017-09-19,2024-01-10,10,7B5H39EGyskcG7OloPZi3I
MED,20,51.6,2016-08-08,2025-09-25,13,6mBbycgdWgHMPNyJLCEoW6
Alpha Blondy,11,51.5,2018-12-04,2018-12-05,8,1ZAZDtitUGyYN8eiR4khhD
Shakira,27,51.4,2016-08-25,2026-03-05,14,7jxHeJLVpnP7S08JFF4GBi
Lex Amor,19,51.3,2019-03-07,2021-03-20,9,2pMtUGU0qWLWaLExcHIkjJ
Sean The Stepper,18,51.3,2023-01-24,2023-02-04,4,7crdW0dHunOiD7fpd91BrW
Dreamville,20,51.2,2019-08-08,2023-02-23,8,6MF4tRr5lU8qok8IKaFOBE
Pond,13,51.1,2016-08-03,2024-04-16,10,5vUaGGxWiJJKNJAgwYSHeM
El Kuelgue,12,51.0,2020-02-17,2026-06-25,7,38rJBb8ebaVTMt8olRmUJd
Alfredo Zitarrosa,13,51.0,2017-06-18,2017-06-18,12,5i80w1RKqrd4LrBWoVsNrG
TINI,27,50.8,2022-06-11,2026-08-26,9,2otAnGaeFFFeIDV8nbu5uA
Selena,44,50.7,2021-05-31,2023-11-17,20,7qTljW3wfx3CM8oEQeB2cR
The Police,30,50.7,2016-12-29,2026-01-03,7,1oYYd2gnWZYrt89EBXdFiO
Pavement,19,50.7,2015-09-25,2015-09-25,12,0kSQAXOJZPnadjOYH5GaDp
Wun Two,34,50.6,2017-04-13,2020-02-02,34,1bYOSfl3K0csaEpZTUJ0ZS
Nubiyan Twist,12,50.6,2025-07-11,2025-07-11,12,6lgTDahSJwPFnLVaG6bMP9
AYLØ,18,50.5,2021-05-05,2023-04-12,11,4vNcw23L91mhVcoE8UkWP7
Will Sessions,23,50.5,2022-11-14,2022-11-26,11,2ecCySOhFYCH37ReOJJs0m
Sudan Archives,19,50.4,2020-08-27,2025-10-16,13,5vGZX134ZZktjCEYoDm462
Mac Ayres,13,50.2,2020-04-16,2026-04-27,7,58dSdjfEYNSxte1aNVxuNf
Quincy Jones,19,50.2,2015-02-14,2026-02-15,13,0YeMZY4x8FbVIvFmaphMp6
Kupla,23,49.4,2019-06-12,2020-03-07,16,09GSyzKeyOThTdESNeWIPZ
Idealism,20,49.4,2019-06-11,2020-02-02,13,40npQtddMJzU9ZTeMWdvy1
Roy Blair,9,49.0,2020-04-28,2022-01-11,1,3XetDJxSDARsex7zU9KEpM
Jitwam,15,48.9,2019-07-11,2025-05-20,6,43ttSUWX6oHVLGboWVq1Kl
HM Surf,24,48.8,2019-06-11,2021-10-11,14,7lf01S7e2hn0VbITfoY2br
$kinny,11,48.8,2019-07-11,2022-01-11,1,6wVf6OMLwualapMO3yQc03
Guru,15,48.7,2020-11-12,2021-07-13,14,2iYM4CGkoTfsLw9MI5K1AC
Philanthrope,23,48.6,2019-06-12,2019-09-16,15,6ufsSnNQFEG0SCqVbACkE4
Dua Lipa,15,48.6,2017-12-15,2025-08-21,4,7cYNQkJoyHVhP8Drb2n6d5
Chita,19,48.6,2019-05-30,2024-05-08,10,5KgGV5yykkThL3rk5mQWfr
Venna,13,48.5,2022-04-10,2026-02-15,5,6pHo3k15lbYuljy5GyZsV2
Dream Theater,17,48.2,2018-03-20,2018-03-20,10,2PmdqEOn4UhdPO8uCuMHww
Audioslave,14,48.1,2017-03-02,2018-07-02,10,1NIv7bG744T9PYF9oqEwuJ
Q,20,48.0,2020-06-01,2023-08-25,8,1dekstoglmqX3fq3K42sux
Dibia$E,26,47.9,2021-01-14,2025-01-13,25,0F3P4fu8NuCoL7oM4LjlRw
letherette,15,47.5,2019-06-07,2022-06-16,4,55K1SJ2SjjYh6n6xZ457W1
Teedra Moses,12,47.4,2020-01-09,2023-12-12,2,38spM0LahLUfQhOMAqA7AI
Westside Gunn,17,47.4,2020-06-01,2026-08-06,12,5MvCurNMpM3WCCSs40cd37
Tunacola,13,47.3,2016-07-13,2016-07-13,10,2xzASlCMnV5ljteNPxxNOg
Minnie Riperton,13,47.2,2021-02-16,2022-05-10,4,397fxHew7NyjryGWGr1Imy
UD,11,47.1,2020-04-06,2021-11-02,1,5pJtrT9toxPY6jfsYJ06TA
Stormzy,11,47.1,2017-05-22,2023-06-12,11,2jQxSv4fhUKr0zJYgX5NcT
Krts,15,46.6,2016-11-02,2017-03-26,1,51m84sWKFdSUfOiQ1pL0AT
BJ The Chicago Kid,10,46.4,2020-11-02,2024-04-23,4,2uujJLrRplaQMkEx8CybZ8
Strange U,19,46.4,2019-07-22,2019-07-25,11,5dzbgBBmVLNiG5X6CtiKpo
Evil Needle,18,46.0,2021-06-30,2022-06-16,7,53aserIBNLcjZx6fAsk5uk
Taiu,22,45.9,2023-03-05,2023-11-05,1,7MVIfkyzuUmQ716j8U7yGR
Alexandra Savior,16,45.9,2016-07-13,2025-07-18,12,5CptVTICSIqvi7dtU97w1A
Gnarls Barkley,22,45.8,2016-12-08,2026-06-04,10,0nFqtZjnDxfUqUI7CIkk3d
Post Malone,16,45.6,2017-03-16,2025-02-14,9,6eT7xZZlB2mwyzJ2sUKG6w
Tru,12,45.6,2019-07-11,2022-01-18,1,38RCbHtuJ44NvBHQeV65qJ
Sam Gellaitry,16,45.3,2021-12-03,2026-01-15,5,7lWdyj9RrMsEN6F0Dl0irE
EARTHGANG,11,45.1,2020-01-03,2023-08-25,7,50SFncNNKXxmJvqOdEJfru
Jay Worthy,18,45.1,2022-06-13,2022-06-15,11,6bllmhY9zTp243r6MIkaum
FEMI,21,45.0,2023-11-30,2023-12-03,9,5dLzWnp0GXZyEFGhreAy9g
Erika de Casier,16,45.0,2025-12-24,2026-01-15,11,0loAUwPeBd9LvYtnaKpoGG
Ghostface Killah,16,44.7,2016-05-12,2024-06-05,15,1Xevt8UUzfEm17ewfSdsiF
Fleetwood Mac,18,44.7,2016-06-29,2025-05-07,11,0ofHAoxe9vBkTCp2UQIavz
Lo' Pibitos,13,44.3,2021-11-13,2024-01-15,12,1Rb3t8HyMNxTqgOXt5MWGd
Wilco,17,43.7,2015-09-25,2020-05-28,16,2tpQSdEnsGnZqkCDHnSyEw
Britney Spears,13,43.6,2018-11-20,2025-04-17,7,49U9KU9X8sfm0CXEUjkbx4
My Morning Jacket,12,43.5,2016-09-05,2016-09-30,8,1HZ6NfuvShuXznGsCtikcv
AFTER,26,43.5,2023-03-05,2024-09-02,1,4AOxMjHyzzcbjFnHOmd1l7
Serú Girán,15,43.4,2019-08-06,2026-02-10,9,6zjME4Vo9ze9Uk4t9kUMJZ
Photay,10,43.3,2017-09-27,2017-09-27,10,4BCQJofIHJAoovkTNNxFQQ
The Professionals,16,43.2,2020-02-05,2020-06-07,8,1BUwrZGPUbyYGVK5HNzTYC
Butcher Brown,14,43.0,2021-02-01,2024-02-20,5,1dUhBmll1DfMO90682PlKQ
Air,12,42.8,2020-08-18,2025-05-20,12,3ZzhV6JIDKWvWR7wiKWD0C
Kavinsky,18,42.8,2017-08-07,2019-04-04,1,7xcqbjV2NfxlnJzqdRuO7E
Children of Zeus,10,42.7,2021-02-07,2024-01-05,3,66WiwHUSW6GPVtImDYx0cc
Wiki,16,42.6,2020-08-25,2025-08-21,4,0GZa4LJ86lrhCWlkBVX904
Jaden,6,42.5,2019-05-09,2021-04-12,2,2jdw2tc29bqJwToyGvKgJm
Alex Isley,14,42.4,2020-08-18,2026-08-04,5,1WPAYFiVutkr994UegVaL9
Afrika Bambaataa,10,42.2,2020-08-25,2025-07-29,1,3iK8FUlEjOrjptlU1l0woP
Diana Ross,10,41.9,2024-01-19,2024-04-05,10,0kWi34uWqDFm5MjbTbIEpM
El Dojo,11,41.8,2019-11-18,2019-11-21,7,0KkGABUEcKCY7GtSLXPXlb
Miguel,14,41.8,2017-05-07,2023-12-06,12,5OFKWrKbS8iTIGxgjyHDzW
Taedo Bills,8,41.8,2021-07-26,2022-01-29,6,4Wq7E3RbuVaJXx5LjdW7N4
Biig Piig,40,41.7,2019-06-04,2019-06-07,1,1Ek9TuXUEiRvp7PuVYRYOk
HOMESHAKE,17,41.7,2019-04-29,2021-04-12,3,2xs5fCSYhanT2UPEGWQBwQ
Elujay,17,41.6,2019-02-05,2023-07-10,8,3B6FRewixwLjKWD30aVc0V
Tensnake,10,41.4,2020-08-24,2025-11-11,1,4q0MTwRTenzrzmLmrhXmwR
Jerry Paper,15,41.1,2020-07-07,2021-04-22,9,39stBeu2367ts8MRuRZ0Av
J A Y E L E C T R O N I C A,12,41.1,2025-09-21,2026-04-29,7,4zG69Sedw2TDizSAmOfaYw
Burial,11,41.1,2021-05-12,2021-05-13,11,0a21XZ1fJXmtoeM7aFNcYo
The S.O.S Band,6,41.0,2021-11-12,2024-04-12,2,3DIe90xqHuUDtyuapTwCAR
Ibibio Sound Machine,11,41.0,2019-04-09,2019-04-09,11,7aaz92Auna3Q7tcUNl1RSm
JHAYCO,15,40.8,2019-09-06,2026-02-19,8,4R8BJggjosTswLxtkw8V7P
Sum 41,15,40.6,2017-07-29,2017-07-29,15,1TLf0aGO3NVgvShfllF8Us
Iman Omari,15,40.5,2016-08-05,2022-10-04,10,1WwTyWaiePTFAAnxSZ8Em5
Wyatt Waddell,12,40.5,2026-03-20,2026-03-20,12,6UhQxwOyPQq3TO6JlMDJPa
Towkio,15,40.3,2019-03-02,2025-07-29,3,3Ka18NiN5T4gsCZaFq6RRn
Foxygen,10,40.3,2015-09-24,2016-06-30,9,4DxbBxXb80CdaDOGRjR1Pp
Wisin & Yandel,22,40.1,2017-01-28,2026-03-06,10,6TsVhM8qIkWN5cJVDIVbbz
Lil Nas X,18,40.1,2021-09-19,2023-09-14,13,3grVoZ10bm2jUGpo7BxpuF
Kaiser Chiefs,11,39.8,2021-11-27,2021-11-27,11,7eNKrbU55vVckd96CvW3H5
Bee Gees,11,39.7,2016-07-12,2017-05-29,10,5cP52DlDN9yryuZVQDg3iq
Steve Arrington,8,39.5,2021-02-07,2021-04-22,2,2kuJxXFpcDyn8EKmTrnIU8
The La Planta,12,39.5,2020-12-19,2023-11-05,2,2I3qA0KslRCxFTfZnPyDhf
Calle 13,24,39.4,2017-01-27,2026-03-05,13,7uFF1xvJOLUP8q3dbQS6i6
AG Club,8,39.3,2020-04-06,2023-07-26,4,7EbHCUSCcK4BkWqzLKY4pb
jev.,20,39.3,2023-06-05,2025-09-12,11,1B9pNMFImFG8DIpAwYHgLb
Mono/Poly,19,39.3,2020-08-21,2025-08-06,7,5vrHoWD5lD0FcD9iDs1isg
Jonah Yano,10,39.2,2020-06-16,2026-01-15,7,3ZOKwVcjcHVNqnOABO0pUA
Charli xcx,15,39.1,2020-06-15,2024-08-28,15,1yUJK3qxPiFiPeAG2gLfuW
Yhung T.O.,15,39.1,2019-03-25,2019-03-25,12,7DlfHNVM1ycmwyTLQh1E9N
El Polaco,22,39.0,2015-11-29,2025-09-19,6,1zwH02KhFWC4wOtiZ1We1g
Rei,14,39.0,2021-11-21,2023-12-12,10,1mVLbFwad1wce7mAhFw2Ih
Amel Larrieux,10,38.9,2021-12-06,2023-12-27,4,5XPXBiBDeXDzdkEwAnCBcZ
Jahn Dough,11,38.7,2020-02-05,2020-02-05,11,7LK7MGBs1T9BEhuUIO8Ffd
Douglass,13,38.6,2023-07-19,2023-07-21,7,3YeG6ZmzD5G8hJPUctOFjg
MØ,13,38.6,2016-11-09,2016-11-09,11,4PObUBc6x3Z4BeMXski2nz
Dread Mar I,11,38.5,2019-03-02,2022-11-19,11,15GZJvSbdP8BpwZHjA6PsA
El Trío De Omar Rodríguez-López,9,38.5,2021-07-11,2021-08-02,7,457yJr1Q4v3BFpconSWXSi
Quality Control,14,38.4,2020-03-06,2020-03-06,14,2ngLCsaDgirvx3aNgejilJ
Dave,23,38.4,2019-04-29,2025-01-07,8,2zxEc1GCSCxbHIXTfhraRC
Nina Simone,12,38.4,2017-12-27,2026-03-17,11,2nh4bjE1QGvotRpcXGuFZy
Flatbush Zombies,13,38.3,2019-04-06,2019-04-06,7,0PWP4LIOI5xjVkaWqES7ek
Jacob Collier,9,38.3,2016-07-04,2026-03-30,7,00BTDWR6xCaGdst6cPKkpF
Benny Sings,13,38.2,2020-06-01,2022-05-02,2,0Efs563zD0G5RG61Vaceus
Los Enanitos Verdes,10,38.2,2018-03-08,2024-01-17,7,7eKkXV2jH4xGefItHAUk9g
Rome Fortune,15,38.1,2016-09-28,2021-10-20,3,3Oed4RZTX3CjCrjzuQfYjQ
Megan Thee Stallion,15,38.1,2019-08-08,2022-10-05,15,3mgN4TJIX6hXrytf0qKhYt
Mos Def,12,37.9,2016-09-19,2026-06-10,10,1L6YNFDSQa8UjX7vzPXXD4
Slauson Malone 1,17,37.9,2020-06-16,2022-06-26,5,1Yi5DxulCfWqV6dIt9mI4J
Manu Katché,15,37.9,2022-09-26,2022-09-27,10,5B5jVLNcVaQA93WidhEB86
The Smiths,22,37.6,2016-04-07,2026-03-05,14,4tFGNFIIZ9ANSewxGZyiDD
XO,13,37.6,2019-04-06,2019-05-02,2,1lVohKoFNWaPL6EzznHbvn
Wisin,10,37.6,2016-02-28,2018-01-06,8,659kOOOWsAuCpA2nAoLoWE
Caifanes,9,37.4,2018-03-08,2018-03-08,7,02KG9DpLT3bV4fzUM1bORW
Boz Scaggs,7,37.4,2019-09-17,2024-01-24,3,4mGDtUyNxu4ZDqwMAwHh1Q
SyncYB,14,37.3,2017-05-22,2019-03-06,1,7uhxG2GeyCgGmXVclCpMFZ
Deem Spencer,14,37.3,2019-03-07,2024-04-05,6,5qqLH38xopdvv0IHRRPWE3
AlunaGeorge,7,37.1,2017-08-24,2025-11-25,2,0eTX0DeAdYZGCUIpUNNbLw
The Rolling Stones,9,37.1,2020-04-27,2026-02-12,5,3hJLKtTpgct9Y9wKww0BiR
Queens of the Stone Age,19,37.1,2016-06-22,2026-01-12,15,2JB7PvDV0R3Vwbq0iy1WPe
Puma Blue,12,36.6,2017-11-24,2024-01-23,5,0ZWDvjDY3OCwN300x1ktae
Bhavi,16,36.5,2018-12-29,2025-03-23,6,6EylLZvd69kYDDtT35gZOB
Kelis,8,36.4,2021-02-16,2021-02-21,1,1NsNgaDblYONqNEgWvg5Bj
Call More,5,36.4,2020-06-16,2021-03-20,1,6WsdleLngSmPRZpO2a7d8o
Navy Blue,15,36.3,2020-07-07,2022-07-09,7,6WRf9onJIim8mvHGSAgvFd
Phonte,16,36.3,2017-04-27,2025-07-30,2,0S5eZGUDEADHAXTI771RGd
Aminé,16,36.3,2019-05-06,2026-04-09,9,6CUd1vAgBaRiimFDJblyFb
Usted Señalemelo,12,36.2,2016-12-02,2026-02-24,6,19Z3qka5riv0m8DV2J0Cn4
Hermanos Gutiérrez,15,36.2,2024-04-16,2024-04-17,14,55EQ3AX5hq5Tkvfcgz1BtI
Bootsy Collins,10,36.2,2019-10-17,2021-04-12,1,4luEFrcIx13ujXVSCYiQYx
Th&o.,13,36.1,2023-10-30,2023-10-30,12,7rSBckQfSDUA5JMnwhZLsu
Grant Green,8,36.0,2020-03-23,2021-11-02,1,0EdYLCHThvtSmze7iEqlEN
R.A.P. Ferreira,12,36.0,2021-03-17,2025-05-22,3,38P9cHEaqVeXjGyuvqwCtc
Sufjan Stevens,10,35.8,2016-07-04,2024-06-24,10,7fai4Q1FhzPPMLnooY7RM8
Flwr Chyld,11,35.8,2020-03-04,2023-05-05,5,3dwoB6UUjEb3jSNtfsH5Ur
Maze,7,35.7,2019-03-07,2022-11-15,2,6COsBTLkBs5HSkqt1Fdrr1
Jazmine Sullivan,14,35.6,2021-02-07,2021-12-17,8,3ci2NK0t5iNzLw2u3F4MbM
Yandel,11,35.6,2017-09-12,2023-09-14,6,28BSTgZH1ckI8Xfy8LXaRz
88-Keys,14,35.6,2016-07-21,2022-02-14,2,1zEMgK8HQDA3iY2sXJQ8ty
Jay Prince,11,35.5,2016-09-12,2023-03-10,5,7rNOe6TJhf2INSLF1fdlSk
MIKE DEAN,11,35.4,2020-05-24,2021-11-19,7,5L0KBnwLNKxxgRoYTt6TRQ
Flowervillain,11,35.4,2020-03-17,2023-07-10,5,2EcCF1hJg44zqww6Lx56y8
Nick Murphy,13,35.4,2020-03-05,2025-08-21,2,6O5k6ORD0oyIuYvOmkw9By
i-sef u-sef,19,35.3,2022-08-16,2022-09-20,11,4J7nW5JIwHPjXEuRy3brBM
King Crimson,24,35.3,2017-07-14,2017-07-14,22,5kPvX0P6jkZHCVjqGbOIBp
Núkuma,10,35.2,2017-10-09,2017-10-30,1,6bDvwo63vUW9qWUUgWGBby
Dame D.O.L.L.A,12,35.2,2021-08-21,2021-08-21,12,4n04F0QdyOeUy8yyccHCfF
DRAM,11,35.1,2020-01-22,2023-08-25,5,4Fv2Yzpm9q7r6DJujUeUiP
Lord Apex,14,35.0,2019-03-07,2024-03-26,7,4vai1th8i7wuF6VnUT9Pp6
44th Move,9,35.0,2025-04-25,2025-04-25,9,32a8jbDTdYxLy489EwfK5Z
Tuxedo,13,35.0,2020-08-25,2025-11-26,1,6UdcVaB4vp7M2bnC65DfGh
Aaron May,17,34.9,2019-04-06,2023-12-07,8,7ovOQ0x2mgakcGodDD1BPU
ERIMAJ,11,34.7,2016-11-02,2017-01-03,1,2f1MDWLLE8KFdF3yPoFaWP
Jamie Isaac,10,34.7,2016-07-04,2022-03-25,2,33kC2iEyIWvLUqCxLc98zT
Blu & Exile,10,34.6,2020-08-14,2022-06-03,5,2mQcZ3jWCwUYBHao8XSwMS
Quevedo,13,34.4,2022-11-12,2023-11-05,6,0Sfn2TYbpQtCGMBf6C0Y6T
Cage The Elephant,12,34.4,2016-01-15,2016-06-30,9,4zf0YxjawF0Ao3aiLEbCED
Dr. Dre,11,34.3,2020-04-20,2023-10-29,10,24Pwekj2yVugAIMAyoLfrJ
Lancey Foux,12,34.3,2019-02-05,2023-11-03,3,2W0cRYmo4kKlk16KuwPtdX
Opolopo,12,34.2,2016-11-02,2017-03-26,1,78ttkWzKZdHcZxVeciKpGe
Eddie Kendricks,7,34.2,2021-02-07,2023-08-23,2,35YSCRS2BshfXYdNAQxrs8
Milky Chance,12,34.2,2017-02-05,2017-04-16,9,2jiPHbFX5XM8TjaTfYJ0eo
The WRLDFMS Tony Williams,9,34.1,2019-03-07,2025-09-12,1,0B0jhczWfIdjY0p4KY1ArL
Mark de Clive-Lowe,9,33.9,2023-06-30,2023-06-30,9,26pM6VgXXOwToHctmiEe2R
Guts,17,33.6,2016-11-02,2017-03-26,1,2gJfI1y8IDc3BuKoSRAoKk
Pablo Milanés,35,33.5,2016-05-18,2026-08-15,3,4RqNfoUk2bVrwqvduNpNVR
ORO600,25,33.5,2024-01-03,2024-01-05,13,5KNNg5Asp6AF7zszjfDRre
Loaded Honey,13,33.5,2025-12-31,2025-12-31,11,4EiJuX78yEpJNb3HZ3uvaS
Tkay Maidza,10,33.4,2020-08-27,2022-04-24,3,0F2gXzgbzLvK9LrS7yKS8Q
Reva DeVito,12,33.4,2017-09-25,2026-01-15,1,5ZnZelwYbsrBsi2QmBcTXC
Los Ángeles Azules,14,33.4,2022-11-18,2026-08-26,11,51dNexiESqcJLsGLrmg1Nv
Bert Kaempfert,14,33.4,2020-04-13,2020-04-13,11,6KPwZ5pZKyXiurKtVJm2aG
Cypress Hill,17,33.3,2014-10-23,2017-03-01,15,3JlHPSGJykKR0EAESs8Ope
beabadoobee,12,33.3,2022-11-08,2025-03-18,10,180AbZduI6bYQIzwCHRwu9
Tainy,13,33.3,2022-01-22,2026-03-06,4,4HyPxBQDLUnY3w7gukITrW
Armand Hammer,12,33.2,2021-06-10,2025-09-25,9,5DKSXbQSmrDMixdV3noux1
Jinsang,18,33.1,2019-05-22,2020-02-02,12,0JNw0pThBRGb0LfOhQmdTM
Maxo,11,33.1,2019-03-11,2023-03-26,6,0zBppG9pBwTukulqL7yMrI
INDICA MIKI,17,33.1,2023-03-05,2023-07-11,1,0fCFmTFv2NeswfL6JzAc04
Ruben Rada,11,33.0,2016-12-29,2017-03-03,10,2Upogitwutie8DSDRKCkrT
Magnus Ferrell,14,33.0,2026-07-30,2026-07-30,12,1Z6GBZOuKQIVGpb5An51Up
Daddy Yankee,16,32.9,2016-02-27,2026-02-19,14,3XjN0mvFkQp1FMVM9Ro5hm
Emilia,17,32.8,2022-01-13,2026-08-26,10,2df5CkXBJO7jTGXm54dFJy
James Taylor,8,32.7,2019-12-05,2019-12-05,8,6QIH6LDpJwtu6Wt3kkrco2
Mid-Air Thief,7,32.7,2021-02-16,2022-03-15,2,4eFkPKdkAbyLjHneGQQNPe
Doechii,16,32.5,2023-02-14,2026-07-25,11,34d69xsnWH7xGGezyiIQxg
Los Retros,10,32.5,2021-02-16,2021-04-22,1,3XcpvcV5tJkXav4wUTCRG0
Caetano Veloso,13,32.5,2016-07-12,2025-08-23,11,5nQfVfOun7cO01XPTtCPcH
Xenia Rubinos,8,32.5,2016-06-29,2016-09-16,3,6VcKx9zPiyfF5VgviGY6CT
MellowHigh,11,32.4,2016-06-22,2022-01-29,6,036X5f2KQy1v5Cm35I35SP
Barry Gibb,9,32.4,2016-05-01,2016-06-06,1,76P5ddPdXUbDaXU5U0pWcG
Dante Spinetta,11,32.3,2019-03-06,2022-11-29,9,1F7SEtmfUQWx68JyoQ61Ur
Colman Brothers,7,32.3,2016-11-02,2016-12-03,1,0Gxv4y3y2j1R1zldK6dUyx
Orion Sun,15,32.2,2020-12-01,2024-10-11,7,4r9iUvR76uqO95cgZV0MKl
Conociendo Rusia,8,32.2,2019-07-11,2025-10-14,4,7jcXQXxo0lvpwg2twqJpqc
Rexx Life Raj,9,32.1,2019-03-02,2022-02-03,3,4sEBpCELUudDbaEX0UPr2g
RepliK,12,32.1,2019-09-06,2024-09-03,10,0qQHgi2N3siGLhcwT9nwre
El Quinto Escalón,3,32.0,2020-01-25,2020-01-26,2,3M3ZSfSDsj9xm3j8RKIJXH
Buckethead,16,31.9,2016-12-25,2017-03-06,15,4fH7O32sBNeiiwltwbtD9W
Lakim,13,31.9,2024-06-06,2024-06-07,11,4XbSlmpneXphXvIS5AtzpK
Robohands,12,31.9,2021-07-28,2024-04-16,10,6OxIEWUGenESgfvRgjSrGQ
The Aristocrats,7,31.8,2017-01-10,2017-01-10,5,6mLrNXTkDH95bWI06f6nC2
Mon Laferte,9,31.7,2019-04-24,2019-04-24,9,6DfTu3XIGFLL0HknJ7RzVC
Beverlay,11,31.7,2020-08-27,2024-01-17,1,7qveFKh99XSlkED6hTPAoX
Drefquila;Bizarrap,10,31.7,2017-10-23,2017-10-31,1,2i0FJ19sVfhcv5Npr2dEZv
Jet Age of Tomorrow,12,31.6,2021-01-18,2024-02-26,7,2fLi2NY6tahFBSF69oH58E
Bandalos Chinos,10,31.5,2019-05-30,2025-10-14,6,1tyI6Sq6oBLsMmIgvBfQrI
Apifera,9,31.5,2021-02-27,2022-06-01,3,5oh273v4bBkjnsENv9TSNM
Ned Doheny,8,31.5,2019-09-17,2024-01-24,4,1pcG5AKS1PTa5sz9cBOCLZ
Game,5,31.3,2021-11-12,2022-11-15,2,2sQTOHV1sWRS03Y6pqEVap
NAFTA,9,31.2,2024-07-09,2025-10-14,7,4fDUAfzsQKszt09InZKRE4
Omar Rodríguez-López,10,31.2,2016-07-18,2016-07-25,9,79zdl7yoqtygSJnFBnqqyt
Soledad,11,31.2,2023-07-09,2025-07-26,11,6wStVx2HyuWf81zyyfev3M
Los Prisioneros,6,30.9,2018-03-08,2018-03-08,3,5nvS1vouQkX0HxOohfqCoS
Blue Lab Beats,8,30.9,2021-12-03,2021-12-20,5,0vweEN9znBHAKMjZ1E86rI
GENA,13,30.9,2026-04-09,2026-04-09,13,3tlkSODDMYI1AQdeZgZwWa
Rico Nasty,17,30.8,2019-08-08,2020-06-02,9,77lHSh6eoMiKWRxczAPQ1k
Chill Children,14,30.8,2019-06-11,2021-05-03,8,4NJqgBO4ej6MOEVHnhPayQ
Los Auténticos Decadentes,7,30.7,2018-03-08,2025-01-31,3,3ydweVPwq9PCEVJ8WwqT6u
A2,10,30.5,2017-11-06,2023-04-05,4,6zU74AvuX7QmgAHggLMUCt
Sabrina Claudio,22,30.5,2018-04-09,2026-08-04,9,66H06L8hktjhduwRDWntDT
Ric Wilson,10,30.5,2020-05-24,2024-01-23,5,0eJbGJLMlq7vG8LKDXdLmi
The Sylvers,7,30.5,2021-01-18,2022-02-14,3,38BbUthEpx2EEHVmnxuwoU
Azealia Banks,11,30.4,2020-08-25,2023-12-23,1,0YK3VRoWC8ACeY8TQTkOSR
Joesef,14,30.2,2022-04-10,2024-02-14,4,5Jwh9paNfKbgeVxVv5cCQp
Lee Scott,11,30.2,2019-12-10,2019-12-10,10,1Yoh7Q7xY6TAaEK7gG6thn
Red Bull Batalla,4,30.1,2019-08-17,2020-01-30,4,5gpEcJxqJlQbS8UxNLblaJ
The Blackbyrds,7,30.1,2021-02-16,2025-04-23,3,6lqYjlQyDzNWE0MGc78b4c
Major Lazer,17,29.9,2015-09-25,2017-02-10,10,4fykY5EpYRavu87absOh1f
Seafood Sam,13,29.9,2020-07-07,2022-06-26,7,6MO6Aym5OulLZoBGuuqQ8h
WESTSIDE BOOGIE,13,29.9,2019-05-06,2023-02-05,5,0u0Wg5JO7Aza12fQJMIZ6Q
Elio Toffana,12,29.9,2019-08-14,2024-05-21,9,0Ra5UzA0WAytPsDpMrlLzp
Sainté,14,29.8,2021-12-28,2026-06-02,9,3ujWwlBBHka38mAH2y4Wi5
L-Gante,11,29.7,2024-08-16,2024-08-19,10,0R3yGTkDxEgNfDOQAcg8XN
blackwave.,14,29.7,2018-10-12,2023-06-12,8,1kLhiSUeNScjdq0ZZNGtT3
Donell Jones,8,29.6,2020-11-12,2024-01-16,3,2bKj5rkfHyJwse2R9k6f6p
dreamcastmoe,13,29.6,2020-04-16,2023-07-12,4,6rqjxPBRBBCuEZarxi7beI
"K, Le Maestro",9,29.6,2020-09-17,2024-01-23,6,4W9dobQXcfZREtUORqUWkb
Yellow Days,7,29.6,2019-05-13,2025-03-31,3,2UmFhrsfxND4YtsEeTk8Eu
Juan Ingaramo,11,29.5,2019-04-06,2019-04-22,8,59aVjyo48JHfUaCE2eSIgG
LIT killah,7,29.4,2022-01-17,2024-01-10,3,1Hs1uUl8o2VtDp1DABFq0O
José James,7,29.4,2016-12-02,2024-04-12,6,0NV8b8eqQLsphjNg14Dkgd
Junior Parker,9,29.4,2017-10-09,2017-10-30,1,0ktx5as1qqqVBo9S4w6tGa
Flitz&Suppe,10,29.3,2019-06-25,2019-09-13,6,3xBLoOA8Ky2543vExelfOi
A. K. Paul,8,29.3,2020-08-18,2021-02-21,1,3F7FoSj6zuAVSElSh2edDA
Plan B,21,29.3,2016-02-27,2026-03-06,10,6NdKkfo7o6IH1Op0jsBDjN
Ahwlee,11,29.3,2021-12-02,2025-05-21,5,3pbNlSdYXTRkyqCOtfTuDZ
CoryaYo,13,29.2,2019-05-13,2025-01-28,3,2ab3urJGKoO3xH9CvcqVyw
High Fashion,5,29.0,2021-11-12,2022-11-15,1,3eO590MvMxfHYBNFCVsUK6
Cuco,8,29.0,2017-08-31,2023-06-07,3,7saliZ9OxOgVZvac91pnHH
Smoke DZA,9,29.0,2019-10-18,2024-04-16,8,2Fy4jOsRb58vn9bgJw1TxA
A$AP Ferg,10,28.9,2017-09-21,2021-08-14,2,5oady7OSE7dH7LHiqmb3Cr
Cris Mj,10,28.9,2022-06-11,2023-12-12,3,6jDxhMUF1F8Yc93lk8eNUc
Yeek,12,28.9,2019-03-11,2023-02-14,6,48yTs5eM5W3hAcxzuasi1O
Durand Jones & The Indications,8,28.9,2020-11-15,2022-05-02,2,4fxHxnTFPoQnoFlB7kHtN2
Los Gardelitos,13,28.9,2022-06-10,2026-08-23,7,7JgwIV9KCu0CdpfBxPmjjV
Kool & The Gang,9,28.9,2016-07-12,2025-03-23,3,2uMqG8w8oi09fB2YA2QLOm
Janet Jackson,8,28.8,2017-09-19,2024-04-12,3,5u6OCSW8hRjnTC6QKqk2B1
Raheem DeVaughn,8,28.8,2023-03-15,2024-01-05,3,5tUXQvc0yMQD42799A1mec
Saba,9,28.7,2017-09-25,2026-04-15,5,4YdRnTnXYwgI48kkzWy6uk
Los Fabulosos Cadillacs,7,28.6,2014-12-10,2023-12-28,3,1orgfjGJoycODSItcGVatE
The Voidz,5,28.5,2016-07-04,2022-04-11,3,2avCzL6HtaJ5Nspq2fVFQe
Katy B,7,28.5,2020-08-24,2023-12-21,1,5q83kstyzBZWeoVbEBmrMD
King Geedorah,8,28.4,2019-07-22,2025-03-28,2,58MeeOMk6PMQxXWY9YCNPD
Syd,10,28.4,2019-04-06,2023-07-14,8,50wpwXmMyYWMEhuATNxLEt
Wanakin,11,28.4,2017-05-22,2017-10-23,1,1TnepCn3l2Nj57EJV0FIyT
Mk.gee,10,28.3,2019-05-22,2026-01-15,6,75ZoDBdTAO9e896PtMsbnG
S. Fidelity,11,28.3,2021-12-02,2024-03-26,6,3J96dYAjUq1mNJkLI9LI1L
Rick Ross,6,28.2,2019-10-22,2023-09-04,3,0SliiopgwbmEG1OmnzBDMY
Lindsey Stirling,12,28.1,2016-12-29,2017-03-03,11,7qqO2U0CrXbBJBqK3173ls
Joey Fatts,10,28.0,2016-07-13,2022-06-12,1,71SoL4akgq2ZXri8yvrrSl
A L E X,11,28.0,2019-06-11,2019-09-13,7,1RWfVUAZBC62EWlCrzQQGC
Kevin Abstract,8,28.0,2016-06-22,2022-01-29,4,6klaqQyyrs22zh5sfwMOcR
Charlotte Dos Santos,9,27.9,2022-04-30,2026-08-25,6,0SsKmpQnyk4AAOY11yXS40
Curtis Mayfield,6,27.9,2020-04-25,2022-02-15,3,2sbMeaXCVKbjdE8Ibmfdys
Los Besos,9,27.9,2023-12-06,2024-08-18,7,6iRPYpK3zGEjLzihoEdnhz
Lance Skiiiwalker,11,27.8,2019-05-06,2023-05-31,6,4YKkcXc3wEJH5MZJWP1jf9
Stro Elliot,9,27.8,2021-04-01,2021-06-08,7,0ZOYJ5355oaN1tZTxsqSIO
Ellie Goulding,9,27.7,2017-02-25,2017-02-25,9,3zHq9ouUJQFQRf3cm1rRLu
Gary Clark Jr.,6,27.7,2016-06-22,2016-09-08,1,1H4UULj004y48JgS3cIc8J
Javier Malosetti,6,27.7,2024-06-11,2024-06-11,6,6flEFEFgU7h9hH2J8pxzIj
Zak Abel,12,27.7,2020-08-21,2025-08-21,1,7jQGnrnyjQbGsAY5xEaQOo
Archy Marshall,7,27.6,2017-01-03,2021-12-26,3,25MZ5guvQ2uGTjJUrSVl5K
Miles Davis (With Easy Mo Bee),8,27.6,2016-10-21,2024-01-10,2,7lDCGZx1Z9JAkd9x60YxPP
Jack Wilkins,7,27.6,2016-09-12,2022-02-02,4,21d5NVAZnCRCeKEO9jZU41
Aluna,12,27.5,2020-10-01,2026-02-06,1,2WyedZ7owuPdgT4tcHhdo5
Hush Forte,8,27.5,2020-06-01,2024-01-23,4,38OhMWKARc0u61rOA3aIB0
Jack Jetson,11,27.2,2019-07-22,2019-08-03,5,0Dt6ZGRQwc77oF83tu2Vkk
D Smoke,9,27.2,2020-02-20,2023-07-26,7,3E33399lc9ZrAKHX4aZvua
Theophilus London,9,27.2,2016-08-05,2022-04-25,4,253lBGiEUKZSRPQSsfcXoN
Miguel Ríos,23,27.1,2025-06-21,2026-08-15,2,4UZYPz9fvJWhEuM7AXzFwu
Digable Planets,6,26.9,2016-06-22,2021-04-12,2,191nAEklSx8GCafB7WcVPI
VanJess,10,26.9,2020-08-27,2023-12-23,2,2KwW2VyIp48UXatX8S2TuL
St. Panther,7,26.9,2021-03-18,2023-10-30,2,0ERmaByPDVKSm5kIWuCOEy
Prince Royce,12,26.8,2017-01-28,2024-01-22,7,06EgH8BdWW9QRrlI6ZVQhW
Stimulator Jones,7,26.8,2020-03-23,2026-08-25,2,13nJ4JqtEKKRKBu2S8ms3p
Ojerime,13,26.8,2021-10-26,2024-05-13,8,45QBDwd7BCdqCpxSj4N9tm
Kae Tempest,8,26.7,2016-06-28,2016-06-30,4,2xsCLzPS9T8UZhXPOomTZn
Shad,9,26.4,2020-08-24,2025-11-11,1,3P5TFb3VuY1XRTVwkjwlSR
Ovrkast.,13,26.4,2021-07-12,2025-01-28,5,6J9AB1zQsGOlL54BKo1i1k
Osunlade,10,26.3,2022-03-21,2022-03-22,10,5Mdne5B4gLII6xnQsnrUVF
Pomo,12,26.3,2020-08-24,2025-11-11,2,6MIQPdzqYauRRor78jTMej
Peter Gabriel,6,26.3,2021-05-21,2021-05-21,6,2t77hjgJY4sC9DoX5uaVUD
El Bruto Chr,13,26.3,2020-10-04,2020-10-04,11,1r7uEP5yhG6CG3TK8zJgkJ
CARRTOONS,11,26.0,2021-11-09,2023-06-12,4,1mWVPvMT8fTeBdP5r9JC6k
Chief Keef,7,26.0,2017-09-21,2021-06-06,1,4pZRHhkES6JicoRIGQPHMG
Zhané,6,26.0,2021-12-14,2024-01-16,3,7tklytz84iS8vnUJrBRSVj
Dennis.,7,26.0,2020-03-16,2021-04-12,1,56FPFlRGOe6LIbmqC70gtu
Luck Ra,13,25.9,2023-02-14,2025-07-05,7,6jRZ33ifS5VOTMwmPxhPhN
Gilda,9,25.9,2017-01-28,2025-07-05,6,5kTBOyDZXWayo6IseCHIk8
Tade Fonk,12,25.8,2022-08-15,2022-08-15,7,0wBQLYbpQaj01L8UfAJPcS
DJ Screw,7,25.8,2020-02-04,2020-02-04,7,02eWvNaxks8ZGWZ3HrGfP1
loresore,2,25.8,2021-12-26,2021-12-26,1,2dGPdCKE1SG2msArA5wBdl
Thee Sacred Souls,8,25.8,2024-02-14,2025-05-20,6,4R5GN0mBvb6jkRj3Zvyhkl
Aurra,4,25.7,2021-11-12,2022-11-15,1,3erdph0wUqaMiE99sdrBU5
AbJo,10,25.7,2016-11-02,2017-01-03,1,3QH8lUInjti4BWGUV7oyDX
The Black Keys,8,25.6,2017-11-24,2026-03-11,7,3xMQOd1C3TXsjQ3pmzOmkC
Dabeull,11,25.6,2022-04-24,2023-02-13,4,6GVrDwaAuGOida6c7eYjLl
Ramones,12,25.5,2015-12-15,2015-12-24,9,2kZqMbNt7WuH9IhLWugRkC
"Evelyn ""Champagne"" King",5,25.5,2021-11-12,2022-11-15,1,5IhBjmG7k7z9HVkvPl17N5
El Cuarteto De Nos,8,25.5,2017-10-07,2018-04-16,5,0fvKgQ0XzWJKEDJSPdNDid
Hot Chip,7,25.5,2022-09-25,2022-09-25,7,4FGIHe2zLB3Y43mPybYdDa
Gotts Street Park,10,25.2,2020-07-18,2025-09-15,6,0fym4mro3A1876ysJ7ulJQ
Trio Vegabajeño,11,25.1,2020-11-29,2024-01-23,1,2Iv6YBslkxslMJQsxshZh5
Antonio Vivaldi,11,25.1,2015-02-11,2022-06-28,11,1xLEIQBodO0R5L21Z1e3Fb
Pages,8,25.0,2019-09-17,2024-01-24,5,4O9Af9tLDms3pGri4MjsIw
Depeche Mode,20,25.0,2017-02-05,2018-12-04,15,6WK9dVrRABMkUXFLNlgWFh
Tears For Fears,10,25.0,2020-02-07,2023-09-06,5,2gQaQUhDCNGfBVXTvxAmXQ
George Clanton,7,24.8,2020-08-18,2021-02-21,1,2USTVgd20XRLMAhiYNklN8
Moka Boka,11,24.8,2019-04-29,2019-05-03,1,5h2FL0inYGLI5sfWZFe1LW
Lonnie Liston Smith,8,24.8,2021-04-28,2022-05-10,3,7o5jLtd1oTSxtPPeRchT2j
Fms Internacional,7,24.7,2020-01-30,2020-01-30,6,5khafVVIIUHEi9YTEJNVRJ
Dreamer Isioma,10,24.7,2021-07-27,2023-06-23,4,14jPneKsd6HTLtWKHATVcl
Big K.R.I.T.,6,24.7,2020-03-16,2026-03-18,3,6ou2CVXylmagKvH9OiLQUD
Illa J,14,24.6,2020-08-21,2024-01-17,5,0Pvrgc89C88HqJ8QRuukKh
Urbanse,24,24.6,2019-07-09,2020-06-28,11,1sLAa9sTZKOp8xSB6WJgaJ
tobi lou,11,24.6,2019-07-02,2023-12-06,4,0Fz4gtQy4Jr2c8wgY90ve8
No Te Va Gustar,11,24.5,2017-01-27,2026-01-20,6,44m9PAUZYeOEGeaTYh6NAl
Eric Johnson,6,24.5,2016-06-07,2016-09-30,1,5qm0KiVKMXW1kq6VrnIhz5
Adrian Younge,11,24.4,2018-11-14,2021-06-17,11,76Jjc4U0lgyVzN1QKWc9he
Los Pericos,7,24.4,2018-03-08,2025-12-01,4,6pKADEM7gx8EZ6UypMUzyd
Melba Moore,5,24.4,2021-11-12,2022-11-15,1,3HXlUK6ZbcqSHvY4iDBJuT
Gente De Zona,6,24.3,2018-01-06,2024-01-22,6,0oOKrqMK7cLmbeVuXa7fMW
Tim Maia,11,24.3,2024-04-16,2024-04-19,8,2UcZRxA1HcZYn1JN1HEDWU
Los Fundamentalistas del Aire Acondicionado,11,24.3,2026-02-10,2026-08-18,5,07cAngNkw1s6fXT1NXeCYr
Oby Onyioha,4,24.3,2021-11-16,2022-11-15,1,19wjyDo8xqP3XPgLHl0tE3
Andy McKee,8,24.3,2017-03-01,2017-03-03,7,3Vwq6JJWt9bLiM19Rn3ojz
Chuck Strangers,14,24.2,2019-05-13,2024-08-02,9,3MTPNfjERxRuljSD5GKgYR
IZAL,7,24.1,2021-10-23,2021-10-23,7,6sW1PeRcMnJ0PKAiYNDuGp
Declaime,9,24.1,2019-06-11,2022-11-14,3,7dDYobgpyZzWdOFdzoOkNp
Atu,8,24.0,2026-07-03,2026-07-03,8,3n6YvEse7wqFMIFsjKUe9H
Matt Champion,6,24.0,2019-07-11,2019-07-13,1,3Q3VhCDPc9g7qUoVtzbumb
Subeibaja Eléctrico,6,23.9,2019-04-29,2019-05-03,1,5HKVrPDrQJWrUD5ViPxfFz
MIKE,11,23.9,2019-08-06,2025-09-25,6,4cwfpmkkaUXGJEEwhPjg9j
Mr. Bungle,5,23.9,2022-09-03,2022-09-04,5,7tLedixoCWqEJpMZru3Ecf
The Twilite Tone,7,23.9,2021-02-27,2021-07-26,1,4wzH21Lkswz2kNHAq6cgut
Willy Crook,7,23.9,2026-02-10,2026-02-10,5,1uThSTIBjrz36P5YPFGbmf
PARTYNEXTDOOR,8,23.8,2017-03-16,2023-12-06,8,1DMYEiuAgz1OKvANXiNFrN
Weather Report,18,23.8,2017-11-22,2017-11-23,13,5qUBFzcE7frTmh5f9IQLYp
Club Atlético San Lorenzo de Almagro,46,23.8,2023-01-26,2026-04-09,24,6N2M7LhkkfBEIioSay867S
Flume,9,23.7,2017-08-14,2025-05-22,6,5Pf4hNsNZMHjuKTTwsJuYK
Rayana Jay,11,23.7,2019-02-05,2024-12-27,5,3eIzChv8AqByBiRwxDMFxN
BUG,13,23.7,2016-11-02,2017-03-26,1,5yuECtEgp0irBfAsvRC2Kc
Tory Lanez,10,23.6,2017-05-22,2022-01-11,10,72nI7XRt3BHxRGIpNxheUO
Charlotte Day Wilson,8,23.6,2020-09-04,2024-04-16,6,4JvEicQI7CxOJxuI0xtpim
Hether,6,23.6,2020-08-18,2022-03-15,1,0ORndgmEcVU6IkpTsya2bY
Oddisee,8,23.6,2020-10-13,2024-03-26,3,2913TPvqgDIeFsQvG34SQu
Majestics,6,23.6,2020-08-18,2021-03-20,1,1oNlY8zKKufMD0WuYMAg2W
Rahsaan Patterson,6,23.5,2023-07-19,2024-01-16,3,14VwBAL1qSlG4ovOSYUQF4
Hermetica,10,23.5,2024-12-20,2026-08-24,9,174gCegpUjug5Z2yQ8ectM
Finn Foxell,6,23.5,2020-03-23,2021-11-02,2,1mXMyPpKcMz8QB6gIwHbBz
Sophie Sobral & Factor Paracaídas,8,23.5,2021-08-23,2021-08-23,7,27F5IMyZCbH3EN7PXq4UWh
lojii,10,23.4,2020-07-18,2025-08-06,6,5ynCTKKJOsF4odgl5G9eVy
Cassie,9,23.4,2020-08-21,2024-04-11,2,7k6IzwMGpxnRghE7YosnXT
Jneiro Jarel,7,23.3,2021-02-15,2022-05-19,1,01b4RZH3mxKwJvIRIkpEMN
James Ingram,5,23.3,2021-11-12,2022-11-15,1,5edioRF5SIeNzZafgd1Py1
Billy Lemos,11,23.3,2019-04-29,2024-10-11,1,07HYEJfLR6CrvKeLpfrA7r
Ambrosia,5,23.3,2021-11-08,2024-01-24,3,6JHXiRD1QjMK1N6AQEnL04
Christian Rich,7,23.3,2016-09-05,2021-02-07,2,1D4EN31etjd54560Ccksup
Preservation,7,23.3,2021-01-18,2023-04-05,2,7uFzBu7MIxvOH4Be3PFNhy
j'san,10,23.2,2019-06-25,2019-09-13,6,76ui6kPzjm2vKODEIOZMXK
GRIP,8,23.2,2020-05-08,2021-12-02,2,3Sxd2zTEoWwMPAVbBJGwAC
Ross from Friends,4,23.1,2019-06-11,2020-06-01,2,0DRp685EnPxbJsF3tsZlC4
Young Jazz Giants,6,23.0,2021-08-09,2022-03-15,1,20AN4PTTnbJdhN47RcaKoH
FLORIAN,6,23.0,2019-07-11,2019-07-13,1,6OU9VH0luFi6oSZ5arLiOy
Igor Stravinsky,10,23.0,2020-04-28,2020-04-28,10,7vW1de9a9tYD6e1rd5GwFt
Luis Miguel,6,23.0,2019-02-07,2022-04-10,6,6vPAmoERUMRoTZaCCSWQ12
Victoria Monét,13,23.0,2022-10-05,2024-04-18,6,4U9gm9Icd8rzJoVb8siDED
Tego Calderón,15,22.9,2019-02-12,2026-02-19,10,6sfBQReZH9v9tYSs82Xt1O
Goapele,6,22.8,2023-03-15,2024-01-16,2,5liaFrDdoINOvJ4B8WDPa1
Gauchito Club,8,22.8,2024-07-09,2025-10-14,6,48nBfwB1kIZKMy1T3rHFE1
Rome Streetz,14,22.8,2024-01-25,2025-10-01,10,5s1VBegxNUWtFeUpOSOoqv
Rage Against The Machine,7,22.7,2017-03-02,2017-03-03,6,6zbHSDJjgrNdfIxPyGfPBt
Chris Brown,9,22.6,2017-04-02,2024-01-05,6,6XHVuErjQ4XNm6nDPVCxVX
Pi’erre Bourne,8,22.6,2019-10-21,2022-01-18,4,23aigxgRn6cVPxkJF3S5oe
Danny Brown,9,22.4,2016-09-05,2025-02-14,5,5VRVvhMA1szwwiv7Z7Jfrk
Rema,8,22.4,2022-07-09,2023-08-22,4,00VHyG13HibI1sU3RgxaoD
Larry Lovestein & The Velvet Revival,7,22.3,2020-09-04,2021-03-20,1,4nRKMlLUK5sLa8lmuEA9iv
Mali Music,7,22.2,2017-10-02,2017-10-03,6,4S3FRqrM3VyuajD7jFZcLm
Sir Froderick,20,22.2,2019-03-12,2019-06-04,12,6N4HkilcLWTf718qz4lTYG
Amaya,21,22.2,2025-05-24,2026-08-15,1,5hDfrn8wXfNHMbgSv44gvt
DONDA,15,22.2,2025-04-30,2026-04-09,12,5JDu5HkUyhcwJHU69ysMvD
_BY.ALEXANDER,6,22.1,2021-11-23,2023-04-12,3,0fE7PNmTtHXKDfrwB7lUwh
Buddy Sativa,11,22.0,2016-11-02,2017-01-03,1,3IFW7UhralJj1a39lGaBHU
"Grover Washington, Jr.",3,21.9,2021-11-08,2024-01-24,1,1ko2lVN0vKGUl9zrU0qSlT
Tiago PZK,9,21.9,2022-06-10,2025-07-05,5,4TGwERXRlyQtBdggYTHo6j
Nicki Nicole,9,21.9,2019-10-09,2023-11-05,6,3Fekr3gkWmX25J2m4aVNaC
Trapo,8,21.9,2019-07-15,2023-03-26,3,6wxR9lUlvVuXdLUcPHdtMn
Chronixx,9,21.9,2020-06-16,2020-06-16,9,0Wsw4L3ghAr38bv3vekUb7
Los Chalchaleros,29,21.9,2025-05-24,2026-08-15,1,3hbISBwz5b3w7HyGYtQKrC
Cadence Weapon,13,21.8,2020-08-25,2025-08-21,1,76fyjZT556J5tydoOTbwUA
Childish Major,8,21.8,2020-04-06,2021-08-14,1,5XqJ37YvBlqA1sDoXnCSEl
Kemba,9,21.8,2019-07-11,2020-07-07,1,6R7gwnDog4ZyEf9lal14jS
KeithCharles,9,21.8,2019-10-18,2021-12-28,1,7MzeGtTCfJvz0XA5zC2CFH
Wilma Vritra,7,21.7,2019-07-16,2023-06-12,3,3sWpoyNFD7eHsLXwanQdkf
Nicolas Jaar,4,21.7,2016-08-02,2020-09-08,2,3W07YyumudXPf6CVvNYDyC
Pastor T.L. Barrett and the Youth for Christ Choir,3,21.7,2021-03-17,2021-03-18,1,6pVQibcyWnhZc7McE4d93M
jhfly,12,21.6,2019-06-12,2020-02-02,10,5hgX8pSZSOcKhsvzldsgWy
Young Nudy,7,21.5,2019-08-06,2023-03-29,3,3zXPxm4WxdCIgfdsbad9FH
Roy Woods,7,21.5,2017-05-22,2019-05-03,2,0PXp9QxBfSKGGpWUNaws2X
Cosmo Pyke,5,21.4,2021-12-28,2023-04-12,2,4uG1Ll3yUH06xfwabEDZO9
Grace & Badlove,6,21.4,2022-08-15,2022-08-15,3,7CEeK8WLz8ZI3mvJyYNiRy
Lords Of The Underground,7,21.4,2024-09-20,2024-09-22,7,3UhwS81S9L7i2byZCrhSAv
$uicideboy$,10,21.4,2019-04-29,2021-02-07,1,1ejyx2kXWFY6QuYHu7yOyD
José González,5,21.4,2021-07-11,2021-07-11,4,618rtDxtcmKIv4Yh2EVBUB
Odd Future,16,21.3,2017-08-31,2021-10-26,3,0d8ONGx43ZprlHlmLZODpD
Leo Mattioli,15,21.3,2022-11-12,2025-07-05,11,2pMwrVusXakXwm0yE6O4zP
Joss Stone,10,21.2,2016-12-29,2025-01-18,8,13RkLCN4EaJFHphH5lnsf8
Zack Villere,6,21.2,2021-03-18,2026-01-15,2,75ZmWYlROB5Cy3Wh6rgXVh
JAŸ-Z,9,21.2,2026-03-14,2026-07-25,8,2tqoJQbv6dNNOi0PCCjuse
Bunbury,5,21.2,2018-03-08,2018-03-08,4,0i6LaB1qpY26ok8CbNZIvE
Bayete,4,21.2,2021-02-16,2021-02-21,1,5eQzBASyDdz7A4klSa2Cy2
The Doobie Brothers,6,21.2,2019-09-17,2025-03-23,3,67SULW8e86tcdfAsPW02dx
Brad Mehldau Trio,6,21.1,2016-06-29,2016-09-16,1,1QxmKMggKPykokcwBYvjso
Phoelix,9,21.1,2019-05-13,2021-12-01,1,4kjJgdn53JuTLHvcedNAcl
Las Pelotas,12,21.1,2018-03-08,2026-08-24,4,7q7XFO9av9VpNJSXKJwJxD
Ras G,11,21.0,2020-06-27,2022-06-26,3,3OuXO3ge84CRriztlXAUlj
Los Abuelos De La Nada,13,21.0,2018-03-08,2026-01-20,5,6VPIaZNNJFOY9U17geQz1o
Sheck Wes,5,20.9,2019-03-11,2025-07-22,3,07AQbb8xIEj3bF082KEwJp
Amber Mark,5,20.8,2021-08-16,2023-08-25,2,7yeAu4xPWoTOGwQlQpgNZA
Cam O'bi,6,20.8,2019-03-11,2020-08-27,2,20BFVyOyWP9TRttaVHZUxz
RZA,6,20.8,2024-07-30,2024-07-30,6,3ZyMrsSyHxNXzU989WPLpf
Taylor McFerrin,6,20.7,2016-08-29,2022-05-02,4,6idUXmVXKR8mfBhKKuP3Kf
James Fauntleroy,13,20.7,2021-10-12,2021-10-12,3,0QBLM1BWV7NyNrnqblBLFp
Liger Vision,5,20.7,2021-02-27,2021-04-22,1,5VQRprPHXLGb9bvzyxWPpt
Funkadelic,7,20.7,2017-11-29,2020-03-18,3,0Wd5s5lUF5TnJaz5qicvZj
Jai Paul,8,20.6,2019-07-11,2021-06-17,2,516daakwmX9S2aRifLUCp8
Equipo Crema,15,20.6,2017-06-26,2021-04-24,1,3sxhi0mVq2Nkf7vX5yg3Ur
Blu,5,20.5,2019-06-13,2022-06-03,2,5BegRQCcJu4trXT6PPdih9
Byrne & Barnes,6,20.5,2019-09-17,2023-11-01,2,0Ii2hosMSZGnH3pBfZD2xn
Big One,10,20.5,2016-01-04,2025-07-05,5,4oCmi8KmyMyG0Grm5RviAm
070 Phi,7,20.5,2020-11-16,2022-02-07,1,7ddib5S5mC0jUsggml7Dr9
Samiyam,13,20.4,2016-09-19,2024-06-06,6,10DQNYFQ7rTH8r9tvEZ4ZO
J Hus,7,20.4,2023-06-09,2023-07-10,3,40EXFgNMOIQRQOwJZ8mJkC
Father John Misty,6,20.3,2016-06-23,2017-11-24,2,4l86U8arITFVBfDvYn82v7
Donald Byrd,3,20.3,2021-11-04,2024-01-25,2,50z19wGtfXkmaI3Vki0GmN
0-600,5,20.2,2018-03-28,2019-03-25,5,66TqyIw4lqniQu62cbMfyz
Manuel Turizo,7,20.2,2022-11-12,2023-02-16,2,2X8AGLwb9F0JzJ9zT27a22
Donna Summer,2,20.2,2023-08-22,2023-08-22,2,6Szw3sQC5Zssr15AJsUY9J
Pen Pals,7,20.2,2020-08-18,2021-02-21,1,5VcHCAp7XCywPoAOw6z4Rh
Gil Scott-Heron,6,20.1,2016-07-13,2025-04-23,3,3x9uellEL1QrQRibCK3Pap
Cory Wong,2,20.1,2021-07-11,2021-07-11,1,2qnkxY33jiyKF4fQ9KXeyF
Thievery Corporation,6,20.1,2018-01-22,2023-04-19,6,6rSSXBwf10jEte7fB8ZaOi
"Martin L. Dumas, Jr.",2,20.1,2019-03-07,2019-03-07,1,0DRLzxLEcB7ESnOPsDyRpZ
femdot.,6,20.1,2020-11-02,2023-12-28,3,4WqbpRNAcjRq256ExCTR59
El Zar,5,20.1,2021-11-13,2025-10-14,2,0MArhYeFvgi8V2Pj3ecwBs
Babyfather,6,20.0,2020-03-04,2022-06-19,3,4G2wDx4EztZCPNz4sVHOFF
Los Palmeras,6,20.0,2022-11-12,2026-08-26,5,19oggfRyJpBt68pSKbFofW
Pamela D. Bruner,4,20.0,2020-08-18,2021-04-22,1,6MM0CgAiPoyyobvEfQTtyu
Wizkid,5,19.9,2021-07-12,2026-08-04,3,5FG7Tl93LdH117jEKYl3Cm
La Ley,4,19.9,2018-03-08,2018-03-08,2,1BH4LMGVMLBGc9uEJdm8D8
Modo Diablo,6,19.9,2019-03-06,2023-12-12,1,3aozFlnbP7zhcJKi9O0FUz
Sunshine Anderson,5,19.9,2023-04-13,2024-01-16,1,0xikWgPgYN9BEes0ieZ8Co
MARINA,5,19.8,2015-10-10,2015-10-10,5,5UBeEw8u5VurDhPo1klAPY
Tha God Fahim,6,19.8,2019-05-13,2021-11-27,1,5bQnKa2pIGOa4QDedI5QOv
Maluma,8,19.8,2017-01-28,2024-01-22,7,0JoHqmlqE0W0i9prt6kcHR
chief.,11,19.8,2019-06-12,2019-09-13,8,6wpp3Zc9ntLHw1Nj1s9szf
Maya,5,19.6,2021-11-12,2022-11-15,1,5A73Nnju5DCi8EV6wPvI5H
Leavv,9,19.6,2019-06-11,2019-09-13,6,4qwwv9X32MXzVvGJSOil1u
Bakar,8,19.6,2019-07-11,2021-06-17,3,2gnqYtFA7I32jbjGS3dBFE
((( O ))),4,19.6,2021-04-28,2022-04-10,1,4kYN2gB3ilT1TzGSYcdfsX
Medhane,11,19.5,2021-04-21,2024-06-02,5,7akOw16mWpyF1RyojYy1c9
Brenky,15,19.4,2019-06-12,2019-09-15,9,07x4ksm3vERD4Xwd7pJubB
Apollo Brown,7,19.4,2022-03-10,2024-09-05,7,6UVnHoXBNgUAsnT8J2lUP9
Sofie Royer,6,19.4,2021-01-18,2021-04-22,2,0ZR4GidJ85RVi9gJCsCzUC
Jimmy Whoo,7,19.4,2020-03-04,2021-06-05,1,1pbWfCr2ekFNl6Z74G4V2i
PinkPantheress,13,19.3,2022-03-15,2024-10-26,4,0QezBrYzFFT0f68zK6EvZI
MXXWLL,9,19.2,2020-11-30,2023-09-15,5,3AvWmgrhL1nL93F7WTPQaQ
Mark Ronson,8,19.1,2017-11-29,2019-11-21,3,1v0ufp7FLTFcykUGOmFZKa
The Purist,8,19.1,2024-09-16,2024-09-16,8,0nRZKVhqz0INF5ucWYgZgI
Chester Watson,10,19.0,2019-04-26,2021-04-11,3,0B1UJ3oylIB4nQ3o5LBWc7
Papoose,7,19.0,2021-06-24,2021-06-25,7,47uZqfNndj7oHkMajMGRhS
Quentin Miller,7,19.0,2021-04-08,2023-04-05,2,1DpKLgAO3PW1As6yst0eZz
Monchy & Alexandra,4,18.9,2022-01-14,2024-01-22,4,45GOV2654yaxoT6fTQEFyY
The Koreatown Oddity,10,18.9,2020-04-17,2023-07-14,3,3yNM0NR7UBAny708DveHo4
The Chainsmokers,7,18.9,2017-01-29,2017-02-05,2,7BKLCZ1jbUBVqRi2FVlTVw
San Lorenzo FanChants,44,18.8,2023-01-26,2026-04-09,38,0O1hMFire7yvshccKhwQaV
LUCKI,7,18.8,2019-03-07,2022-01-29,4,76dE0B9VSFm2xocQNKq8qU
Maylee Todd,5,18.8,2021-02-27,2021-04-22,1,3E6z1eSdJlksnWiMN13rEw
Eric Benét,4,18.8,2023-07-11,2024-01-16,2,1NyMdeeVDYizUcXHConsq6
Duval Timothy,6,18.8,2021-02-01,2021-08-07,2,6RpSStPwYW4MufCmHfMTVT
Death,5,18.8,2021-08-09,2021-08-14,1,2bFOyIFbCyDnp5oSJxcvb2
Brandon Banks,6,18.8,2020-05-08,2023-03-10,2,00RtTRdFqzPMoigEvyTJhT
Joe Armon-Jones,5,18.8,2021-12-13,2022-08-16,4,5d2FyrLzlThWrBW2LDmyR4
Skrillex,6,18.7,2014-10-23,2016-09-28,3,1c35oVynBuaFs99MNGUOUj
B. Cool-Aid,7,18.7,2019-07-15,2024-02-14,3,42At8N5vwdf7JHJep4sBUu
David T. Walker,4,18.7,2020-07-07,2021-12-26,2,5RRpimjelfROAX4FBg6FlJ
John Petrucci,2,18.6,2016-06-07,2016-06-07,2,5bewALWDdkPXsfa8EmqNfy
Novelist,4,18.6,2021-03-17,2021-10-26,1,5dmhSQr30uLpcY2Kxt3CLT
Paulo,12,18.5,2017-05-15,2022-02-25,3,7Bwh2Sup4UU192nDCOtJif
Frank Sinatra,14,18.5,2017-01-26,2017-03-02,5,40tAOP3DPqmVD6L1h45Jp6
Lou Val,5,18.5,2022-02-28,2023-06-23,4,1JTUU1q0ilxfcsqAQKh9Lm
Offset,4,18.5,2020-07-14,2020-07-17,1,32iPykTXUNZ9oGyACGUybq
Manchild,3,18.4,2021-02-07,2021-08-19,1,3FGk94EWXXpzLuV0TLo7xN
Loyle Carner,7,18.4,2016-07-21,2021-07-29,4,5rYTMjVkGioNF4MpSQISlg
quinn,12,18.4,2022-11-16,2022-11-21,7,0vnKMMlpBvSUTYCuoGIYHf
Mac DeMarco,7,18.4,2021-08-09,2026-08-10,3,7H7NyZ3G075GqPx2evsfeb
Kirk Knight,5,18.4,2019-05-13,2021-10-12,2,4qzZjhIWbFH5koqcKo1cMN
Marlon Craft,6,18.4,2019-07-22,2024-02-20,5,6XdJF4zHZHloSSQjzgHD9f
Vex Ruffin,6,18.3,2021-02-27,2021-04-22,1,06nOaKSdbUoOU3g8D3fiju
Gaidaa,6,18.3,2020-08-18,2021-02-21,1,6RYdd1Q0KZe5IvgPc5dmNT
Las Pastillas del Abuelo,8,18.2,2015-12-08,2024-01-17,6,7oMwRK4hMfWTPRrUyhZB6m
Oscar Jerome,4,18.0,2020-06-17,2021-12-14,3,2RsGdqXD8drtHXtADOi4cX
Hit-Boy,5,18.0,2023-03-26,2024-04-23,4,1E9jnRS7TRaJtmBf7NzQWn
Kyle Dixon & Michael Stein,12,18.0,2017-10-30,2017-10-30,9,5SjLRpgI7LWFzy9ggSqlkO
070 Shake,6,18.0,2020-03-11,2022-07-09,6,7iqWypU3U1JmPGYuSFg8gd
Max Swan,3,18.0,2023-08-07,2024-01-16,1,0XRZHUKBVaSHHxxeuj5FWF
Capital Cities,8,18.0,2014-12-26,2016-06-06,7,0n6OsM7bGbigdsVl6pWRFG
N-Wise Allah,4,17.9,2019-08-14,2019-08-14,4,7dZIUy1kKzSOpl6WYBLjag
Baths,4,17.9,2019-05-05,2019-05-05,4,1Nxm4OgvbTD5HPqzfagDHu
Avant,4,17.9,2023-01-23,2023-07-19,1,1y2wM4Qxn27EOsQnhHYA3Q
Kehlani,4,17.9,2019-05-30,2021-06-08,2,3XM9ic6bKnvskw9zT1zQ9p
Jereena Montemayor,4,17.8,2022-01-18,2022-01-18,1,4uwlrwosITj6dxxu1ZWETH
Mujo,10,17.8,2019-06-11,2019-09-13,8,6MwN6feVdE1qMsl6RwlxyG
Michael Franks,6,17.8,2021-07-23,2024-01-24,2,33p7jMh4ThQdZ3fe6scpfI
Andrew Ashong,2,17.7,2020-08-27,2020-08-27,1,3jYzcHvW4k6Lrfm6fj87Rn
TOTO,5,17.7,2021-11-08,2025-05-07,3,2R3E4xKmy7lyieBKONkIMT
Berhana,8,17.7,2017-08-30,2022-11-13,5,1x1BKrrpq7CfOZPBeUsx16
Joji,8,17.7,2019-03-02,2021-08-07,3,45rFdiqdK7xjGb287C06bY
Wiardon,8,17.6,2020-04-06,2022-02-07,1,0w0qIrSxfZhqtbakE39fry
A.CHAL,5,17.6,2016-09-05,2019-03-02,3,3qj1v267X5kiuONBDbkocY
Crave Moore,7,17.6,2020-04-06,2021-07-30,2,36mg8YE4RKBcDpq4ZZuOj6
The Wombats,6,17.6,2022-01-15,2022-05-30,4,3kgUL6z42w6qC6Tp5FrZrU
Bill LaBounty,5,17.6,2019-09-17,2021-11-08,2,2zjs7VtYszHqh3gHcSHGJP
Isaac Zale,8,17.6,2019-04-29,2019-05-03,1,2vLR69Tv9JqtW6XFm3dgsc
Yung Lean,6,17.6,2020-03-16,2021-10-12,2,2czReC2NDu2pn7jlZskgVY
"Dungeon Family feat. Big Boi, Witchdoctor, Goodie Mob",5,17.6,2019-04-16,2024-01-08,1,6xhNmH3GLeED9aTuTEsfzO
Kobe Jxrdan,8,17.5,2020-04-28,2021-04-11,1,5Yzs2TG5SxwG3pKW042rdE
Dani,10,17.5,2017-05-15,2017-07-25,1,51QggwrT1nnGTYq0BVVXj7
Clara Cava,5,17.5,2024-07-09,2024-08-18,3,13oGKDy4OSNNW8PvpDOoxb
Dom Kennedy,6,17.5,2019-05-06,2023-06-15,3,7yflDT7Hm2j9Y8BFqf5IqT
Labi Siffre,11,17.5,2019-11-08,2024-04-05,5,2EQWbkcNoKPOXQtJM7nqRV
Powerline,4,17.4,2021-11-12,2022-02-07,1,4AOwu0MCPuXkg9Ts8NwKT0
DjOcean,7,17.4,2024-02-20,2024-02-20,6,5xqttqZfBnJuofBNm48sY6
Symba,4,17.4,2023-04-12,2023-04-12,1,3jSGgwZMCfdEOOIxP8JkC2
Juan Mango,3,17.3,2019-04-26,2022-05-02,2,7Ljk8dF4AibO3eMGAPCSld
Enrique Iglesias,8,17.3,2017-01-28,2024-01-22,6,75EveQXAVJzwuEO9gjfyGZ
KAM-BU,6,17.3,2020-11-15,2021-12-01,2,1zkO7zjEMW8SL4LU2mIIKF
REASON,10,17.3,2019-07-11,2021-12-26,3,70hDklZStSazrExPjHJPfR
Leonard Cohen,9,17.3,2017-11-29,2018-06-22,1,6oI7lWaQ1jfjDduxYblGOo
John Carroll Kirby,5,17.3,2021-02-27,2021-04-22,1,3kTp9ZWxHzJ84MXR34iFZz
Mo Kolours,12,17.2,2016-11-02,2017-03-26,1,5JbTiQg77f0qz0Tbxn11zK
Cap Kendricks,8,17.2,2021-04-08,2022-11-13,1,2GcHlqRkqpQOQAMrJ6XNcj
George Benson,3,17.2,2020-08-27,2025-03-23,2,1HCo7W2RtTWbaJTIa25Mz8
CNCO,10,17.2,2017-01-27,2017-12-17,5,209gZgcfLq2aUuu51vOWBl
Justine Skye,4,17.2,2020-01-09,2025-08-18,4,2eu8l5uancfC1F0dRNe1Tn
Hotel Ugly,9,17.2,2021-08-04,2025-01-22,3,34HgIvucTKJvDgzHVMaGLG
Bass Santana,9,17.1,2019-04-29,2019-05-03,4,0IrnW7t5oRzmSqIsH4wwWz
The Chemical Brothers,7,17.1,2015-09-25,2019-09-16,6,2cNjgoSh1TBHFQIhfzRJUE
Black Sabbath,6,17.1,2020-01-25,2026-03-31,2,7wqF3BU0ykeKch6BcNqGiT
Lara91k,10,17.0,2022-01-13,2022-02-11,7,1QP9ls2BHIhjRYM3zNGgd8
Astro,4,17.0,2016-07-13,2016-07-13,3,1rz6xbnQjSlYfiTCP5jA5x
Rejoicer,6,17.0,2020-05-24,2021-04-22,2,1vtzkOw8P8DHt14kHL2ECF
Kenny Mason,6,16.9,2020-12-01,2024-01-23,4,5hpkK8f1iVrF3OrAMcphJY
Blackoutondabeat,5,16.9,2019-11-12,2019-11-12,3,3hREM1S5bGTVEgBOgsQ4x1
Kase.O,6,16.9,2019-10-20,2021-02-28,6,3OC3AO2zGgcyM7pAFO47YZ
Gospel Seekers,3,16.9,2021-11-16,2022-02-07,1,0ID1GEOZLKWfoLhYO0Yqsk
Mi Amigo Invencible,5,16.9,2022-05-02,2024-08-18,4,4q3INV20vNx0BQYNTDLGEb
Imani Imani,6,16.9,2026-06-05,2026-06-05,6,5U3HwviC3DNRDhTZ3CdinF
BenjiFlow,5,16.9,2019-07-11,2020-11-29,1,6w2WWyBAOXQeP6waVT9s5O
Shlohmo,4,16.8,2017-10-23,2020-05-08,2,4UTwiKGU3TDnoYvNWMzqhl
Rae Sremmurd,4,16.8,2016-08-08,2019-05-06,3,21xJVN5wEbJogczYxfZhqR
Airbag,5,16.8,2017-01-27,2024-01-17,2,10zSgbysU2KyVTrcRmtu62
Gravenhurst,4,16.7,2014-10-07,2014-10-07,4,12auYnVP75RwtX2SDNz6pr
Resavoir,8,16.7,2022-05-16,2022-11-13,5,5jdUHAw4amtEPUZvbKu6Me
Syd Barrett,4,16.7,2016-06-28,2026-02-18,1,07QZXkXxtkjlm1GPxfH4gt
The Isley Brothers,4,16.7,2020-11-02,2024-01-25,3,5ovaAL9Xo7FRPRU3QZv8eS
Automatic,6,16.6,2021-02-27,2021-04-22,1,4ySFcTBK7dazGat6t92038
keni can fly,4,16.6,2021-07-27,2022-11-19,2,42QaWkEnzasE66Zc8jjuBD
Dana and Alden,5,16.6,2022-11-13,2022-11-13,1,48HATQmXssKoCAqhaFjtAh
Blended Babies,5,16.6,2020-11-30,2022-06-26,2,58a6J0DhgpUYr8SUeUV5hP
Héctor Lavoe,7,16.5,2017-01-04,2026-02-20,7,5uKIMQMYjJebUj2aTeTldQ
ECKO,30,16.5,2017-05-22,2023-09-14,9,6kIjEtjnuvhGuHPhYW7WhB
Ivan C. Bakmas,6,16.5,2026-07-25,2026-07-25,6,3CKuuAKuwovl94WiqoksoV
Strwy,3,16.5,2021-11-01,2021-11-02,1,1s59dY4uUPQkXCEO3Dnowz
Yves Tumor,6,16.4,2019-05-30,2022-06-22,4,1Kjw0LwdniCWran4PxJqPQ
Dazz Band,4,16.4,2021-11-12,2022-11-15,1,21UuepAL9d4OSfLYTjIgo1
Asha Imuno,7,16.4,2023-04-12,2024-04-08,2,50hrYu8lrrAczm8Oylw5Rr
Zelooperz,8,16.3,2019-07-16,2021-08-07,3,1BCJsU8AvjX3dKyXHMd5V9
Juana Rozas,8,16.3,2021-09-07,2025-06-15,8,1nCnCKKJ4H3R7bYJnjQyRJ
Sech,5,16.2,2019-05-17,2022-05-24,3,1ndlOUUT3Eq1SDCSdKJASw
SWV,6,16.2,2020-01-09,2024-01-16,5,71EHOyEOhNx1SzTebRRyng
Ye,7,16.1,2025-07-14,2026-02-19,5,3zUNCyezZQ7Wg2wYcsjGN4
Black Star,4,16.1,2021-01-18,2025-08-06,1,5WHsa2d0VhV4Dog4vhIYUH
Fishy Beats,7,16.1,2019-10-28,2019-10-28,6,1qmj54BsvPUOBQOrmgMmlX
Gold Hippy,6,16.1,2019-02-05,2019-02-06,1,5Ei3KbDcslKDBmsbzcL2UQ
Bobby Caldwell,5,16.0,2020-06-06,2024-01-24,4,6Dk5fHTvH897XrVzCO64Mx
Slide Five,3,16.0,2022-05-28,2022-06-16,1,4bNnVPKnJG4djQQF3PWnR5
Jamila Woods,3,16.0,2020-03-17,2021-05-05,1,3B11HLD8nKerFzXwMuszi1
Chase Shakur,8,16.0,2022-09-20,2025-03-18,8,1ztPf79mbGpktO7TjB7tWW
Koriass,4,16.0,2020-08-25,2020-10-03,2,2Mz1AHiXYwaQlQXBXgt5kh
Wilma Archer,5,15.9,2021-04-08,2021-04-12,1,2ndM3m6c98W1jt3X89LXNH
slowthai,8,15.9,2020-07-07,2023-03-26,4,14skreCVTjGqWOFSe0P09O
Dream Easy Collective,7,15.9,2019-06-11,2019-09-13,5,3BBkqmhQiqPN4S4mghyN0q
El Soldado,3,15.8,2022-06-10,2023-12-27,1,2WE7vQVhCBf8E9COHIK7uP
Bobby Raps,4,15.8,2016-06-29,2021-11-11,2,2CxeCD01TGsEmuyuoqKPmc
Dani Ribba,7,15.8,2018-01-07,2022-06-11,5,6t4YfQwwCZS5NIVJelVa9y
Oscar #Worldpeace,6,15.8,2019-03-07,2020-11-29,2,1YtIaALeco9exi3enm3GTL
Black Eyed Peas,5,15.8,2017-04-30,2025-01-18,5,0KxU9wjCedUxSGdjuFdBDu
The Edge Of Daybreak,3,15.8,2019-03-07,2021-12-26,1,1CRJc7EeCawTXuDDZmXfhB
PALO,7,15.8,2026-06-25,2026-08-26,7,6khLvrBbzIMHkWO2QOoWWd
Anita Baker,4,15.7,2021-12-06,2021-12-17,2,5z1Yde01fIsC6NaswUXbDI
Gang Gang Dance,4,15.7,2016-06-22,2016-09-30,2,06YrrH7Grwlv7askgPEe4H
Casey Veggies,6,15.7,2020-02-17,2021-08-14,1,1twZoRIDBZzHaunmzMl2Vp
Lee Eye,7,15.7,2021-05-07,2021-05-07,6,3WsPaPx43uUp55pGXkXXxU
Vox Dei,5,15.7,2022-06-10,2026-04-08,3,5idPDDz0ojfFw9RCTa7oCG
Jungle,9,15.7,2016-01-15,2024-10-11,6,4AvmSuHmHLgQaovHWX9vhm
Sean Leon,5,15.7,2017-09-04,2023-06-23,3,2At3lMCqMfb3coYQVpBPKJ
Marcos Valle,3,15.7,2021-11-12,2022-11-15,1,2koS4fD3kzizdnzWzyrxyT
Vegyn,6,15.7,2020-04-06,2026-01-15,4,64OUGJg6tyQA5itTh0IOEs
Sticky Fingers,6,15.7,2023-06-24,2024-08-12,6,3OwsQhfC9eJdOlD3IO74l4
Rusherking,8,15.7,2022-01-14,2023-12-12,5,7I8L3vYCLThw2FDrE6LuzE
Boom Clap Bachelors,3,15.6,2016-02-03,2022-03-02,1,0Ag44k4hdnKUe4bU4E4qne
Quakers,7,15.6,2021-02-27,2021-06-11,1,6G6FxB421GBsg0L6WoV7yM
DJ Muggs,5,15.6,2021-01-26,2022-10-04,2,2srOz5EYLtk03pYVrRS2Go
GULI,9,15.6,2019-07-11,2022-08-15,4,3V4wnO1qmYuaQmep97iOnK
Pitbull,9,15.6,2014-10-09,2024-01-22,5,501PoxE6Qti2ekECimQeXK
Asal Hazel,5,15.5,2020-04-16,2021-06-05,1,3xBEV03CrDLJWQ7OIhKtk6
Juto,9,15.5,2019-04-29,2021-10-20,3,55OIkHG26gFRYsf2S0fQb9
Andy Shauf,5,15.5,2020-03-23,2021-08-08,1,0IZVC7E8Vk0bx76cRu6Ql4
Fredfades,5,15.4,2022-06-12,2022-06-26,1,7Ehwb8owKVC3SpQZmjzld6
Friendly Fires,5,15.4,2024-08-17,2024-08-17,5,030VTvfbjjn3Lnrif6tLcy
Clams Casino,5,15.4,2017-08-14,2020-03-16,2,6kokXKEbCgKAlkhcJssgh1
emil,8,15.4,2020-11-02,2024-06-19,4,47ZcmjStRBvBsSMov0Njxj
Whoarei,8,15.4,2021-04-20,2023-07-26,2,77gIz0aPZOwiptfnmoGYL6
RIMON,4,15.4,2019-03-02,2023-07-26,3,1kR2AzyFnBVzKIjjgMftoO
Aria Bléu,5,15.3,2023-01-24,2023-08-25,1,24aEwSIf8VwXuLAsa3CA8t
Ryan Trey,6,15.3,2019-07-15,2022-04-06,1,531MBHrtGF6nAkK4zUafi9
Chris Jedi,10,15.3,2017-07-08,2018-05-20,1,22eADXu8DfOAUEDw4vU8qy
Yung Beef,7,15.3,2019-04-06,2021-06-24,3,10kPgderIl2VTEuAhLHkae
Shigeto,3,15.3,2019-05-16,2019-05-16,3,3d5y51BomOkO2JP6eQbCAO
Steve Spacek,3,15.3,2020-08-27,2024-01-25,2,0szBuf655IlkwKWsy8JGJV
Juls,6,15.3,2021-02-07,2023-02-13,4,1ZS1jIvAsmlx09ltztNur1
Kasabian,7,15.2,2014-11-17,2014-11-17,7,1G6RFxSt5nxryHeD6EYsa2
Peter & The Magician,3,15.2,2021-11-27,2021-11-27,3,38vcR4svnep9am0HoBnH9R
Midnight Express,3,15.2,2021-11-16,2022-11-15,1,6v7uxeaLYyIct1y0v7agJK
Varnish La Piscine,5,15.2,2020-11-29,2022-01-18,1,32XrWifbbjOTP4djnHM11J
Ace Spectrum,2,15.2,2022-03-15,2022-03-15,1,31Tc7yXfBJkxQZIsHgMELq
The Silhouettes Project,4,15.1,2021-01-18,2022-03-02,1,3KsOjjJa7Zo59R4pyr1Wvb
Splash Brothers,4,15.1,2019-05-13,2020-11-02,1,6iQZzB1Cv371O2j8CaRkBa
Sam Smith,5,15.1,2020-06-10,2023-02-16,3,29MOOOmMRPeWyPwKQFoF5t
Ezequiel Arias,4,15.1,2024-01-19,2024-01-19,1,0XXLAFh3Q0gOJzgPQXPq6p
Jesse James Solomon,6,15.1,2019-03-11,2021-10-20,4,3FpRoDRfpSJzv2oNuJ2zGj
"Tito ""El Bambino""",8,15.0,2017-01-28,2024-01-22,7,5d8802FVRCxulddNtmjq2I
WHY?,6,15.0,2015-09-17,2015-09-17,5,1VoAzmjIkEOUjU8LYbPgE1
Angela Torres,5,15.0,2023-02-16,2026-08-26,4,3zyaRbV2qnkJG8oIBv3P3I
Lil Wayne,4,15.0,2019-10-22,2021-03-06,3,0bdabO15YOj0iZPg2OujAw
LEE.,4,14.9,2023-04-12,2023-04-12,1,0efwKFnHV30vYjb5kEnzSS
YGTUT,5,14.9,2020-03-04,2023-04-05,2,12whPvsw1oxuuwlD27mTeb
Pete Rock,3,14.9,2016-07-21,2022-06-05,3,3zKQ7LvEHjW3v1e2MTBxU0
Onra,9,14.9,2018-02-20,2021-11-29,8,6uRcnXpftMdoNqyhcxaUHd
Against All Logic,4,14.9,2020-08-18,2021-02-21,2,75WXKQGbaT0mi6GZItcVVJ
Mini Mansions,3,14.9,2016-09-05,2016-09-08,1,5YkziOZTyLXXilEZGAkY7T
BIG MENU,5,14.9,2019-07-11,2019-07-13,1,69nZNLetU5J77yEpNmhmji
WAYNE SNOW,4,14.9,2020-03-23,2021-12-28,3,25TV3x11KDcF1zsuENJQTX
Lucid Monday,8,14.8,2021-12-02,2022-06-16,7,1RypfO5Atd20LFHLJPqbRJ
Unknown Mortal Orchestra,5,14.8,2019-02-05,2020-10-18,3,4dhARBZ8YLvm8oRDnCIeXr
Casper Sage,5,14.8,2021-04-20,2023-05-31,2,3SIBXLAeFF7EycqAb1HXsm
Sofía Reyes,5,14.8,2022-02-11,2023-07-18,2,1uK5rDY3BnikyG0sl3tPpc
Coiffeur,4,14.7,2019-11-26,2019-12-04,3,5iqNlh3emDCCndkWehTZHa
The Dynamics,3,14.6,2021-11-01,2021-11-01,3,5tcZEXe9LKUa6RRxaavWAA
Rodrigo,9,14.6,2015-11-29,2025-09-19,7,5wG4J1UECH0c42YhMhSkcS
Avantdale Bowling Club,2,14.6,2020-03-04,2020-03-06,1,1yiQ4iClDVSJemlFoLk3h2
Trippie Redd,4,14.6,2019-08-08,2022-08-16,3,7rQ84WsT2Wcnrz5gTmbGmw
Damu The Fudgemunk,8,14.6,2019-08-26,2021-03-20,1,0zesnDQpfrDZIXA6gKhb8E
Daniel Agostini,4,14.6,2022-11-12,2022-11-12,3,7xPoGT10C2Heeu5RKvBgzn
C.R.O,10,14.6,2018-10-12,2022-01-17,4,1uARbfg2RXPtyr6sqVQUif
Deante' Hitchcock,4,14.6,2021-04-28,2021-10-26,2,0hvMMP2It7vjCdaPyJIbAD
Tempest,7,14.5,2022-09-11,2023-02-14,2,6HyDUjZBvAitKVlEo3UPMt
Seb Zillner,6,14.5,2021-12-02,2021-12-03,3,6sXcWxUgifc05wLyaHtlkX
ohbliv,6,14.5,2022-06-19,2025-01-13,2,2KyI6CTlW7KyM6ZhubvquK
Quadry,6,14.5,2019-08-06,2023-03-10,2,2OdYXctKpi1pUDx5L1nKwB
Toots & The Maytals,11,14.5,2018-05-05,2026-03-17,5,7D1VnSyDqPXjMEjvbjws6q
Miley Cyrus,5,14.4,2023-02-02,2023-05-10,1,0yLdNVWF3Srea0uzk55zFn
Jenevieve,5,14.4,2020-10-13,2022-09-20,3,0QApKa0P548VjLira7MjzU
The Japanese House,4,14.4,2022-11-15,2022-11-15,4,3RpwjGzgb8QAuOnZbdDZZs
Flughand,7,14.4,2019-06-12,2019-09-13,5,4iMvhikzBaRPxmlI2Uo9Kj
A Boogie Wit da Hoodie,6,14.4,2021-02-11,2021-02-13,2,3AMnOVxEHUgVrythGgqPhI
ayrtn,7,14.3,2019-05-22,2022-02-03,4,1lHqf91hPyXG3QrJ4PlsDc
SAULT,6,14.3,2021-06-07,2025-09-15,5,07qj9w93jk1eA2TGAd6kxj
Myke Towers,8,14.3,2022-05-30,2025-09-19,6,2KcNrONbZ0hvBPjvrDO2tx
Aquarian Dream,3,14.3,2020-07-07,2022-03-15,2,6uUsQRhj6RFAMKb1g7U1iZ
Ian Isiah,7,14.2,2019-07-11,2020-09-08,1,5CgBbknpvReVX6ZJIZ5CJC
Dabrye,6,14.2,2019-06-11,2025-01-13,2,7Fgau8g1vPWm9cIVcG3JU9
Tedy Andreas,4,14.2,2020-09-17,2021-11-02,1,4MACl2QOMP6H5nzWqL0R0P
Ikaz Boi,6,14.2,2020-03-23,2022-11-13,2,2PegEeA9DVgEGzmSeosxKZ
ILOVEMAKONNEN,8,14.2,2019-04-29,2022-03-25,2,5Es50LB8GwKkS800DRpeZG
Tundra Beats,9,14.2,2019-11-12,2019-11-12,4,4OcPthO7ENGB6bk40KEu9I
monte booker,4,14.1,2019-02-05,2024-07-29,2,2Ed0OoVXwEJXJqV5wHxbzC
Justice Der,6,14.1,2019-07-15,2022-06-22,3,3u9MvFgby1Q3wzJGeNYV44
Triathalon,4,14.1,2019-07-15,2021-02-07,2,5NkSzrrHv3wsYDIPraVacG
Joseph Chilliams,7,14.1,2021-02-07,2022-02-07,2,7HCMFtkgghtKzB1Z8XcH3p
Slave,3,14.1,2021-11-16,2022-11-15,1,5nNGWT6o8meSgBjLGMMOgL
Fivio Foreign,6,14.1,2022-02-11,2022-07-09,2,4huBDGP4I3S0pYI0EaRN1c
emawk,3,14.1,2020-12-01,2021-12-26,2,4le3EvudUItKuuIj6YEpNi
Los del Fuego,11,14.0,2017-01-28,2025-09-19,7,2gxI4c72YWxgVO32PrL9bZ
Roy Ayers,3,14.0,2020-03-23,2021-07-29,2,3MD8QD5aVUjE7DsE5eBg7t
Asaad,3,14.0,2021-06-07,2023-06-07,1,7elxVKZMlvdcmTumLoSFvA
Jon B.,3,14.0,2021-07-24,2021-12-14,1,7wYhcfgPUyML3FKfLwvBwk
Buena Vista Social Club,6,14.0,2016-07-04,2025-08-23,6,7DqTaelFf846rl1CHmyfOW
Axel Fiks,9,14.0,2019-04-29,2019-05-03,1,5c9B03lTeTYbOVgtPS6Tj2
RAYE,4,14.0,2017-09-25,2023-02-16,2,5mHdCZtVyb4DcJw8799hZp
DJ Spinna,8,14.0,2026-02-18,2026-05-30,1,1PQHbPuoIm4HrASpb21wq8
Caleb Belkin,11,13.9,2019-06-25,2019-09-15,7,3bs9cgGM9p5XCaNG46y5n2
redveil,9,13.9,2022-04-06,2023-11-01,6,2qfPBPq9BEVEd1GF4UH96H
ODIE,5,13.9,2021-08-04,2022-11-08,2,6QpZXzHcOgXK41Y3YCx203
Telemakus,5,13.9,2022-05-19,2022-06-01,4,3Vw6jxsmxkwMgYwNSyGO0v
Lorine Chia,3,13.9,2019-05-13,2019-05-15,1,62W5CABv1xIp5exdrTDHLV
Anik Khan,4,13.9,2017-09-04,2021-12-01,2,4TcKf4rXRDVT80jLMkPfi4
Ciscero,5,13.9,2020-07-18,2022-01-11,3,4m4IJ0GaepAsVNP3qqSVDW
Hombres G,4,13.9,2018-03-08,2018-03-08,3,6tu2FHuKL9C8pwNrityweQ
Samant,5,13.9,2025-08-20,2025-08-20,5,0Qg6C8x7cXrO7KiV8wl6M6
SoFaygo,6,13.8,2023-06-21,2025-07-22,6,7mAIh2cjeAXId5k6j74mCj
Denmark Vessey,4,13.8,2016-06-23,2021-01-18,2,3NeU5qexIDJvfdeBGOE9b1
Intrigue,3,13.8,2021-11-16,2022-02-07,1,26doe2ctDRtVPd0jjhwkyO
Lady Gaga,4,13.8,2017-02-27,2023-02-02,2,7jczFX9ZGyUBtMKAcmUmwI
Juan Lopez,5,13.8,2024-12-26,2025-03-23,5,455XjqUribz3oOPNjmWisR
Sampa the Great,5,13.8,2021-10-26,2022-10-07,4,61BK2OCXQ0NGtuWW9UDRFR
Bobbi Humphrey,2,13.8,2020-03-23,2020-03-23,1,75beUJVji54O01lbMrpVG6
Amaarae,5,13.8,2021-02-01,2024-02-20,3,3PDph58rpbRHraKLXaC2ZG
Los Tres,4,13.8,2017-01-03,2018-03-08,3,4kEC1SCVFZkAccbN3NyjQz
Dire Straits,5,13.8,2016-09-18,2026-02-12,3,6yVnpVWuT3NdhAmQe05T33
Snowbeats,4,13.7,2019-04-06,2019-04-06,1,6Wba4Lri3UjbbH7mfT9Roa
Bacilos,3,13.7,2018-01-06,2018-01-06,3,7jW99uQlNY8bnkUBT0ilIu
Campedrinos,7,13.6,2025-06-29,2025-07-24,6,4fGfiuxECgwNDL8cTC9SOT
Wolf Alice,4,13.6,2022-11-15,2022-11-15,4,1W5yUCcUuktqC5IWCYLSwf
Thom Yorke,3,13.6,2020-03-18,2024-04-16,2,27SIyhcBaxRrgG3TmIFYG8
Khamari,5,13.6,2022-11-08,2023-07-09,4,2JydmjbQ7nGdVI6HbumkLA
Animal Collective,2,13.6,2016-06-28,2016-06-29,1,3RQDauUKDwVNsg2IVypyMo
Omari Jazz,10,13.5,2021-12-02,2022-08-16,4,2ZiNeBKX9x46z2385KOSDM
Tyler The creator,4,13.5,2023-04-12,2023-04-12,1,4a9pZvKYdeoZm3FuBO4xrH
Franky93,4,13.5,2022-08-15,2022-08-17,2,3nOa4oDqqntxRdeEQ6GA1L
Dan I,6,13.5,2017-08-05,2018-01-07,1,3OKJ6XByKRdxDE9PqPa2SK
Faith Evans,3,13.5,2020-01-09,2021-12-18,1,0KhXVmAN4sqeEgsqRd39f2
Zaia,5,13.5,2019-07-02,2023-04-05,3,5tdZSNA5oYHNsaz68wf67K
Devonwho,8,13.4,2021-12-02,2022-06-16,4,1ASQvD8NX5Fwx3lz96VUXQ
Eli Sostre,5,13.4,2017-09-25,2021-10-20,3,1zJFJHs9CY7QgiawsMI5tj
Aphex Twin,5,13.4,2016-07-04,2021-01-18,3,4ZShsMZrAhAvemrjx1wxuv
Big Sean,5,13.3,2017-03-16,2020-09-17,4,1r0faljjM2b876iNoaDUh5
Adot,5,13.3,2019-06-11,2022-01-18,1,5USTSUBEKldXAlSYTtf27U
Caliope Family,8,13.3,2024-05-13,2024-12-26,7,6LRysRrjwZVTzoRHGogFV2
Romeo + Juliet,4,13.3,2022-02-03,2024-07-29,3,4EWigRsUuQBFO7vCwTFFHW
Odeal,6,13.3,2023-04-12,2026-08-04,3,5vTNC4ONe5kc1rlGbjOEZs
fantompower,5,13.3,2019-06-14,2019-09-13,3,0uNKf8j4cNI1DLWpps877e
Kota the Friend,6,13.2,2019-02-05,2023-06-21,3,3DbBgbnDUOml329rAp2Tbr
Tweet,3,13.2,2023-03-15,2023-07-11,1,6fWbCt5STpwOWJSCWsAA5a
Teeth Agency,6,13.2,2021-02-27,2021-07-26,1,0GTRkvMFFpZvGPngXGTVWD
The Pharcyde,9,13.2,2019-06-25,2019-10-09,3,7foxmWRpEa1fiYGz7JbAKH
Elements of Music,3,13.2,2020-11-30,2022-06-03,1,5cfIibuUGxlrdXcNaWmAnQ
Thelonious Martin,6,13.1,2016-07-21,2021-12-01,1,6PQcT3UDWcO58RoEI33VpM
dj blackpower,8,13.1,2021-05-05,2024-08-02,3,3XHo7a5IOW2kG2i1Qr8VfO
Twelve'len,5,13.1,2019-07-13,2023-04-05,3,5rUj2tAkDsXzrrujpbIfRH
Subculture Sage,3,13.1,2016-06-29,2016-09-19,1,7ciaJIGCyZ8Xky1DQvZg0l
Aftertheparty,6,13.1,2017-09-21,2021-10-20,3,05SnTFcfGkYCh91CXtFuXH
MF Grimm,3,13.1,2020-03-04,2021-05-05,1,05Xe96s1GFUPFcIxJRn7GB
gum.mp3,4,13.1,2021-11-18,2023-03-10,2,7dy6iHSh6j2Kd21Tk9s2y7
Christopher Cross,3,13.1,2021-11-08,2024-01-24,2,7gUMShP1l20tC0xf17Zplk
Saint Parrish,4,13.1,2021-11-01,2021-11-02,1,764VWFcSXndghI8taX8SgQ
Atlanta Rhythm Section,3,13.0,2021-11-08,2024-01-24,1,3Sm5TYFgMXyXwgAcY2xweX
Tony! Toni! Toné!,3,13.0,2021-12-14,2022-10-12,2,6PViGgcsQhLPSkMxgoRWLl
Solomon,4,13.0,2023-04-12,2023-04-12,1,3056PXg5LGeXQ0XwwI9qyP
Bad Gyal,6,13.0,2019-06-04,2026-08-25,3,0J9g1MMJDhyvOb3NWckHMm
Hermit and the Recluse,4,13.0,2019-05-30,2022-02-07,1,5fLfgRtiRyAvLGps4kSByr
KeepVibesNear,4,13.0,2023-04-12,2023-04-12,1,1xa2CuAx4iD2tVq2SNlQG6
Cassidy,3,13.0,2026-05-02,2026-05-30,1,4TUBHuoWlszk9F8wdl2c8h
Yu Mamiya,3,13.0,2021-05-05,2021-11-18,1,6BtqhIqIIaF6XjYkhN8HVo
Yugen Blakrok,3,13.0,2019-05-13,2019-05-15,1,7qPv13rTgW5oKIoc9mkDAR
Vooo,5,12.9,2022-05-19,2022-08-16,3,09NjmJF5aZi2bJRhdr1fUr
NxxxxxS,6,12.9,2019-04-24,2020-10-14,1,6rdRTT3J3bNEpOTi5wwqig
Kudasaibeats,5,12.9,2019-06-12,2019-07-05,5,0sFwZqyIjDWckiS7FLxAjL
Mona Lisa,3,12.9,2023-12-27,2024-01-05,1,3q0UpM0RMtLiKOca2CYzyD
Amindi,7,12.9,2022-06-16,2023-06-23,5,0k6LRpP1C0XH7kOBEoiKtH
Mount Kimbie,5,12.9,2019-04-29,2023-05-31,2,5jJPcImQkogKdwsVS36zH7
Chicano Batman,7,12.9,2016-06-28,2022-06-24,4,2yvZamzwXZAtxdmPPtEtb1
The Arcs,4,12.9,2016-07-04,2019-06-12,2,1s5wRbjKYS4PwvRiUDGtVt
Destiny's Child,4,12.9,2020-07-16,2025-01-19,4,5sN8MGWR2pu2Rn3oAOPYXt
Corinne Bailey Rae,3,12.9,2023-03-12,2023-07-11,1,3cPADBxKFvssrNGYnAJdE2
Bobby Blunt,12,12.8,2016-11-02,2017-03-26,1,5vdfudfI97R4oNFSH3tLd3
Ragz Originale,7,12.8,2022-10-04,2023-04-05,3,5Vd46pXPA18ky9n1t4OOiP
Tarika Blue,3,12.8,2022-06-03,2025-04-23,1,4iyH37AHAkYK1MVhveeqcm
Shawn Mendes,7,12.8,2020-08-24,2025-01-29,2,47owxYjLWt54HjOIu0m4a9
Ultimate Spinach,2,12.7,2016-07-12,2016-07-13,1,6ypqzijMjsopQkfMLrImQp
Johann Strauss II,6,12.7,2017-01-27,2017-02-17,2,2ZQit8vT0lwQMNIQckIuSr
Taylor Swift,5,12.7,2017-12-16,2024-04-20,4,1MgV7FIyNxIG7WzMRJV5HC
Slick Rick,4,12.7,2020-09-04,2025-06-15,2,1e0P4FhjBBMyvO562dLExL
Astels,4,12.7,2025-04-29,2025-05-20,3,2T5iKOjNKWaX1NSPY1GJ15
Emanero,21,12.7,2017-05-22,2025-07-05,5,3ezO8gfskSWM3rk0GTfhFl
L'Or du Commun,4,12.7,2019-04-29,2019-05-03,1,7rJkkb38LACArl8vNkx7q4
Foolie $urfin,6,12.7,2021-12-02,2022-05-30,3,0mSg5BwpH0sdFsT9eVJDYo
Viktor Vaughn,5,12.6,2021-12-26,2025-09-25,4,4i4P1ACAeWcyJTxQSd0prx
Loggins & Messina,2,12.6,2021-11-08,2024-01-24,1,5j9VPhydiWL60b5C0ffbzY
Marama,8,12.6,2016-04-17,2017-01-29,6,0gzcET27nREY6aD8LJU9wD
Rose Windows,2,12.6,2016-06-29,2016-06-30,1,7tA9pZtTUDmYeYBGWesH0z
Smokey Robinson,3,12.6,2021-07-24,2023-08-23,2,1JhpdM2PtIsKC0lrBTPSAK
MYA,5,12.6,2020-10-24,2023-07-09,3,74znaWw1hmQBusGPSOuTFy
Babyxsosa,6,12.6,2020-11-02,2021-11-19,2,3DICBZOMaEWbCxwUfPGcE5
Flovry,5,12.6,2019-06-11,2021-10-11,4,7oOYaFbKaDGOogKqYceJAT
Ghetto Sage,4,12.5,2019-10-22,2020-10-14,1,0i1qCBWE1JbfbCBPAofuHT
Nucleo Aka Tintasucia,6,12.5,2022-06-26,2022-08-09,3,1C0Cy4PNiWfbxWYzj7EBCk
Eric B. & Rakim,3,12.5,2021-02-01,2021-02-07,1,5ti4mhcnlDhC2J1CYUYhWQ
Taggy Matcher,3,12.5,2021-11-01,2021-11-01,3,4tk7z9oKIimIXZwOhS8HCi
Chrisnxtdoor,4,12.5,2023-04-12,2023-04-12,1,5vzmyn8uoMEVH1208I5miA
Natalia Lafourcade,4,12.5,2017-05-22,2023-07-09,3,58iNllszkXpDOcYRgcfLfH
Little Beaver,3,12.4,2021-02-16,2021-02-21,1,3rZrK0m6FsVwNBS0SFpivX
Los Pibes Chorros,3,12.4,2017-01-29,2017-01-29,3,4EHU1tnnEkN9zvlpfc3by7
Most Wanted,3,12.4,2023-04-12,2023-04-12,1,2tQTsxBqkioaN32tNzRT4o
Kodak Black,6,12.4,2019-04-06,2024-01-25,2,2MShy1GSSgbmGUxADNIao5
Louis Culture,5,12.4,2021-02-26,2023-06-07,2,6aQ3L1TeKj7U9OlmSSnLKK
Etta Bond,3,12.4,2019-02-04,2019-02-06,1,6hBZ7SdOzwlPj1igeGFOQz
Gillespi,3,12.4,2026-02-10,2026-02-10,3,7zyiCxnvzxJ27ENVgFnFHE
Frankie Reyes,6,12.4,2021-02-27,2021-04-22,1,5Ng46Ofw9yHous9bZs2ov1
Maria Dolores Pradera,25,12.4,2025-06-07,2026-08-08,1,7vFdrjzrRGWqTWb75lieIs
System Of A Down,4,12.4,2016-05-27,2019-03-15,4,4e9eGQYsOiBcftrWXwsVco
Blind Mic,5,12.3,2019-04-29,2019-05-03,1,6nWG8Vpa3uSPH3x4uDd9Nt
"Héctor ""El Father""",6,12.3,2017-01-28,2026-03-06,4,6W19gzjtJOUi2lykSByW9a
Bas,6,12.3,2016-06-23,2025-09-08,3,0YAQnYt2oB8OdoaeqnHyTI
LaKeith Stanfield,4,12.3,2020-07-07,2022-01-18,1,4tGHVUOsOTwdDTR9fkr7Ba
Luchii,4,12.3,2020-11-02,2021-11-11,1,42JyxahXnCCsguxrbm5KJW
Laylow,10,12.3,2019-04-29,2019-05-03,1,4x3omab5OOnLJZEPt4SA8f
anaiis,3,12.2,2021-07-12,2022-06-16,2,6cLURLxklSLSHLFVIdsxIl
La Maquina De Hacer Pájaros,4,12.2,2019-05-09,2026-02-10,2,0evTkLjoSWqhHSQrn6FCaA
Aretha Franklin,5,12.2,2021-08-09,2024-01-25,1,7L4G39PVgMfaeHRyi1ML7y
Naeem,3,12.2,2020-06-01,2021-06-05,1,1UEycDTgvl6IzwbLPmCZ3Q
Camaron De La Isla,8,12.2,2025-08-02,2026-02-14,1,7mkmqN2l5Rp1Dp6v2Dg6CX
Altos Cumbieros,6,12.2,2015-11-29,2017-01-29,5,64R5nJZvyvIynP0bPnLYgV
AURORA,4,12.1,2015-11-23,2015-11-23,1,7LZPUnAC0rBCXSLIflzE3I
Poolside,5,12.1,2017-03-01,2019-10-15,3,30mfI0Ny3Lq2F0jlXxW4nT
Chioke,5,12.1,2023-03-15,2023-08-25,1,5GcVOyGrZnqZUjZ2mzHK9n
Young Bull,6,12.1,2019-03-02,2020-03-23,1,7cGsZUMfNewOBK0QU0Ur05
1018zu,9,12.1,2021-12-28,2021-12-29,1,33UfSj670BT30A8Lglfu7u
Úlfur,3,12.1,2014-10-05,2014-10-05,3,2EyjG3KMZI9cAwANlQ9Qsz
David Diggs,4,12.1,2021-11-08,2024-01-24,1,5xQg6BcPkVam6THkHAr1Hx
Galimatias,3,12.1,2020-11-02,2021-07-29,1,6OUbnzVgRYNWOj71MfkfDR
Melanie Faye,3,12.1,2019-06-21,2020-08-14,2,3Rl8k5Daz5w5zHYSJz5lHA
Moody Bank$,4,12.1,2025-09-05,2025-09-05,4,3E9NGWbiKMEOVY2dcyAMOq
Retro Jungle,4,12.1,2019-06-11,2019-07-04,2,3istvBcG7srwC9N5uRLIqv
ROMderful,4,12.1,2020-09-08,2021-12-02,1,2TyAlheP3A3UMnXGvqElU9
Paul Epworth,3,12.1,2020-12-19,2025-07-17,2,7zmPMPNAgK1u4eUgUsYwdG
bbno$,5,12.1,2019-05-28,2019-05-28,1,1b9Ab3ogNZcmcFEu2AjKhi
The High & Mighty,4,12.1,2025-07-18,2025-07-18,4,5MAdUDrAkM7T2ZPSYUx8KB
Amar Azul,6,12.1,2017-01-29,2025-07-05,4,2mzncewLAIAvfFeJ01Ukhg
Sy Ari Da Kid,2,12.0,2021-01-18,2021-01-18,1,2iFT3Gw37kidpE0EkVAZDf
Kenny Kirkland,2,12.0,2019-07-11,2019-07-13,1,425c5CCcmJQgoKNJYISxNH
MESSIAH!,4,12.0,2019-10-18,2020-11-29,1,09lgtisfbv0A7IdGAHGrOS
Dizzee Rascal,4,12.0,2020-03-16,2021-11-02,1,0JDeADxffeuClrqiwxNVOS
J.K. The Reaper,3,12.0,2020-08-24,2021-03-23,1,2ygAPlHJZbL0szNWfgov8F
Kill Nigel,3,12.0,2020-05-24,2022-03-02,1,2rETLspWORQZ3sBRCZyKOM
Redman,5,12.0,2023-05-20,2023-05-20,5,0jxVcXFPfjzwoivFX1Ljo8
BashfortheWorld,4,12.0,2021-11-15,2023-07-10,2,1Smhzk6DHo8aR11SkZAtEY
Father's Children,4,12.0,2020-03-17,2024-03-26,1,1h9Ld1byxzplRgkvwSWjj1
Takuya Kuroda,2,12.0,2025-09-15,2025-09-15,1,7l6IS8LPoEUKagJHDRWMga
kudo,5,12.0,2021-09-07,2021-10-11,4,19MBUxrv5F6qvyJrxeLiaE
David Shire,3,12.0,2016-07-12,2016-07-12,3,445uO5LarShVRroQ7uZuao
Wasiu,4,12.0,2020-08-25,2020-09-23,2,2zOZRmljPcEman4D5B3EQ5
Meshell Ndegeocello,4,11.9,2021-12-19,2025-10-16,4,7iAkNtFdZ07C7a7gFVDbRz
Cannibal Ox,2,11.9,2016-08-29,2016-08-29,1,3m7XlfuLfbFiJFZHIjsIbs
Ethereal,3,11.9,2016-09-05,2017-09-21,2,6vqTKsQcuVYnKXoDuv7hTb
Loveship,2,11.9,2019-03-07,2019-03-07,1,0DNlqVOFkpKGO4541dLYAb
Antwon,5,11.9,2016-09-05,2020-09-22,2,3fRO2wRReohOyOWhKVQyCj
Yuna,3,11.9,2020-07-18,2021-07-24,1,19zPT36WogsfBd8HIaUnt4
Luca Bocci,5,11.9,2020-06-03,2022-08-15,3,73A39Bh59zZbSuYxsKduVk
Kojey Radical,4,11.9,2019-04-26,2021-06-05,2,26VAv3zyKFhNyIhkq3ZOs6
berlioz,5,11.8,2023-06-07,2025-07-14,3,6OI1stBQI4YHH2ceWVIrk4
The Soul Superiors,5,11.8,2020-03-23,2021-04-22,1,7GWRZLBR9kBlL7Q89dLOr7
Big Ghost Ltd,5,11.8,2021-02-07,2021-11-02,1,0VDacLhjs6HRe7KekdBcNp
Michal Urbaniak,5,11.8,2021-04-28,2024-01-23,1,6cMFS1jsjtjbH95U81oeVJ
Future Utopia,2,11.8,2022-03-15,2022-03-15,1,0gSLaX91J2Cs9cWXqsRc4X
Kofi Stone,3,11.8,2019-05-22,2024-03-26,3,7bCglTVCGptCVZAkcFi5OM
Natanya,3,11.7,2021-08-04,2023-09-15,2,2QJ7WrBW1krHqMq2gtI93o
Statik Selektah,4,11.7,2016-07-13,2023-07-26,3,4DO5sD9fghVKEkPVM9PP8x
Genesis Owusu,3,11.7,2021-10-12,2024-06-13,2,2LOm31eIgFM0DaVUfZjKeg
Acidslop,3,11.7,2021-04-28,2021-12-26,1,6O20789Z3l8ttvdxHJgzqy
Arcángel,6,11.7,2023-02-16,2026-03-06,4,2mnXxnrX5vCGolNkaFvVeM
Miink,4,11.6,2019-03-07,2019-03-10,1,5pQXzumocP8geF6t9XKxIY
Sons Of Kemet,3,11.6,2016-06-29,2016-06-30,1,5IGsIWw5mYawGxQwz0DP7O
d4vd,3,11.6,2023-02-02,2023-02-16,1,78Sw5GDo6AlGwTwanjXbGh
Makoto Matsushita,3,11.6,2021-07-24,2022-01-18,1,2aaOJJd2fBkd4es7vI2h2a
Kid Trunks,4,11.6,2019-05-03,2019-08-08,4,0tXHBpRgxiUD4X17xhbT2Y
killedmyself,4,11.6,2019-09-13,2019-09-13,2,43s3z7IuxCaU9ZRNVr7VV2
Pivot Gang,4,11.5,2019-03-02,2023-06-12,3,1njlk155GuSviC69TqZUuA
Pinty,6,11.5,2019-05-13,2021-02-01,3,33BPO7PsCdlKyzFOo0U5VD
Boxhead,4,11.5,2020-04-12,2020-04-12,3,0SJFywPA1EtUnUjViK1qNi
Sam Truth,4,11.5,2020-11-30,2021-08-07,1,48U1hydvN4WPGnYvwZ0lqK
Juanes,5,11.5,2026-02-20,2026-02-21,3,2quTytCTP9kKLvpveyO1mt
La Cumbia,4,11.5,2023-11-17,2025-07-05,2,3G26H8W47acDASCgaKQjR5
Chayanne,4,11.4,2019-09-11,2021-12-30,4,4SjWlauTM2FSmHfe62rDPW
Arthur Verocai,4,11.4,2019-10-22,2022-01-03,2,0eVnhQNFTRZXOIhHZNLX85
Serious Klein,3,11.4,2019-05-13,2019-05-15,1,45ZpxvH3WYPNcARKa9943e
Jharrel Jerome,3,11.4,2023-03-10,2023-12-28,2,4E7IPMifyFSL7e6d33aR06
The Vaughan Brothers,6,11.4,2015-01-24,2025-09-10,5,34d6n6HMfyOiQjudsxbfeh
Michi,6,11.4,2025-01-02,2025-05-14,3,30HB0j9q6vHTbQGiyJuMNF
Jonah Nilsson,4,11.4,2021-08-12,2021-08-12,3,53WYOtufMJkfFSfKnlVf2F
Bladee,5,11.3,2021-08-04,2022-03-02,2,1lRNWdVAbmUk0X0xlBQvKS
Tyler Thomas,3,11.3,2020-11-02,2021-11-11,1,5XMAGvktJDs61NfvkcYD6M
Skiifall,4,11.3,2021-11-23,2023-03-10,2,1J4VJFAnnb55HrCfglZmF0
Bryson Tiller,7,11.3,2019-03-02,2026-08-04,5,4SCnCPOUOUXUmCX2uHb3r7
Branko,3,11.3,2019-03-02,2019-03-02,1,6dZDfIx7HmSOp8S3dGA1xo
America,4,11.3,2025-03-28,2026-02-12,2,54eZmuggBFJbV7k248bTTt
Sam Wills,4,11.3,2022-09-17,2025-05-20,4,4dGNSYz9HfEx6gNwTRLu0Y
Shy High,10,11.3,2021-11-29,2022-04-06,1,2lxl55hHNfA6L9uKqeCIlS
Noiscity,5,11.2,2019-09-02,2019-09-02,5,4nJQztksiLvMUZK8Aiw9Zh
Jalen Ngonda,8,11.2,2024-02-14,2025-05-20,6,0KNKtfE0jOcGBeu7Y5pL7h
Marti Nikko,2,11.2,2021-07-11,2021-07-11,1,4yfjWVy2MZI7DJSKgMOITO
Mint Condition,2,11.2,2021-12-14,2021-12-19,2,26kF6FArQt20IFu3pdgYF6
¿Téo?,7,11.2,2019-08-06,2022-06-01,3,46vrZhwggdZuuZGwIQ80O3
Lilblackkids,5,11.2,2024-05-06,2024-05-06,4,4fynpnUCINZLGnZkiebS8L
Supreme Jubilees,3,11.1,2019-03-07,2025-04-23,2,2DIqPQY9scuv8IeJA1Ouep
Horsey,3,11.1,2022-02-28,2022-05-02,1,748hplO7UJ7nRaUOkZE6EQ
Dwn2earth,4,11.1,2019-02-05,2020-10-14,2,2R06238ABtwJ9o47cnn0Bl
KwolleM,4,11.1,2021-05-31,2021-06-05,1,2q3pJArtF7hm4tSCjkoOmC
Rene & Angela,2,11.1,2021-11-12,2021-11-16,1,14u1EaefnEWqLnuccfTLLg
Ambré,3,11.1,2020-08-14,2023-02-14,3,1YrURynMOeAEEShKLi91cR
Fonso,3,11.0,2019-05-06,2024-08-18,2,075GsjkNByKmkKMyb333J7
Skepta,4,11.0,2016-08-08,2022-04-06,3,1rGcL6S3zlLjOvyKMsABMV
Memphis La Blusera,3,11.0,2021-12-16,2026-02-10,3,2mK0zfdIjDgKfENxkNOVcP
Asulin,3,11.0,2026-08-25,2026-08-25,3,5MDXTpUyPBeifKvhBTf2Ut
1915,3,11.0,2019-05-30,2022-05-02,2,4HUAKmTr7u9I3QxUmcUc0r
Ke Personajes,3,11.0,2023-02-14,2026-08-26,3,1fKFxmSByZfjwVSbq0PHye
Ocelote Rojo,6,11.0,2016-11-02,2016-12-03,1,0xsWoUGThGgTdfiFdhn4Dt
Kashif,2,11.0,2021-11-16,2022-11-15,1,2wPJBZ7o4a1TurmrgmNEUK
Contour,8,11.0,2022-10-04,2023-07-12,2,1BDJAujaWBH34978uJgynM
Noordpool Orchestra,3,11.0,2016-06-28,2016-09-19,2,5ykzEwNbLhoXoEsND4MMe7
Coqeéin Montana,5,11.0,2019-05-02,2019-06-16,5,7daxXtevouNtouguwJlm8O
Young Deji,3,10.9,2019-05-30,2021-11-11,2,5u1IZUa8ImV5Xmlqu7itVG
Lucy Pearl,3,10.9,2021-11-17,2023-07-11,2,1TwVcKR6JojvPwBGbWZT36
GODBY,3,10.9,2020-04-25,2022-10-04,2,31ZUzqje1X6742Tt8Ko0zV
Bloc Party,3,10.9,2026-03-05,2026-03-11,3,0K3Xm2MeSXKbvydIJfTpuN
Nehruviandoom,4,10.9,2016-09-12,2022-02-07,2,17vv44Grd1z9E78FkUoSsG
Gabriel Garzón-Montano,2,10.9,2020-06-01,2021-11-04,2,6VvICu4ajgpWT5z4zI0USj
DJ Rashad,3,10.8,2016-09-05,2020-10-18,2,1zFAizcMh7ex2eYTN3FHkz
Leon Ware,4,10.8,2019-03-07,2021-04-28,2,4Jf2sV8tiXWngiY9FzcJAZ
SahBabii,4,10.8,2021-03-17,2021-03-18,1,6YCQtlfK3m7mDHGpD9oFqK
Dosh,5,10.8,2015-09-17,2015-09-17,5,1h31snDuRwlSlmwMtheEA9
Ogi,3,10.8,2023-03-10,2023-09-15,2,3XVsJ2JMP3oBUqhXbFReQ3
Htiekal,5,10.8,2020-03-18,2022-03-02,2,11RKhQxEd1CoDjJbpcDo8z
Vansire,3,10.8,2021-06-05,2023-10-30,2,3IcTQwvHCQWqXmazbIfzEq
Felly,3,10.8,2016-07-12,2019-07-03,2,3JICURjxOngSbii72KTn5S
Russ,2,10.8,2022-02-02,2022-02-03,1,5GSUrmDtxynQhBDLz7X2Mt
Caleb Giles,4,10.8,2019-10-18,2022-03-10,2,3RSserhaYc6s4YCHsYMunE
Tommy Richman,4,10.8,2022-02-02,2025-05-20,3,15iOxEc0Zvnn0wMbK2uhPc
"quickly, quickly",4,10.8,2020-02-02,2022-11-13,2,2RycgtfFQZOPgEGrzBGE0j
Luis Fonsi,6,10.8,2017-01-28,2024-01-22,4,4aWmUDTfIPGksMNLV2rQP2
Dwight Sykes,2,10.8,2021-04-28,2021-12-26,1,2fw6QwoQff44oVzQLhg2nN
JAY MALAKHI,4,10.8,2023-04-12,2023-04-12,1,5n6Vtp90uKafgAqDFlJ45T
Hi-Fi Set,4,10.7,2021-06-17,2022-07-09,1,1QpybTT7CadO6tsUBnoukv
Ryo Fukui,1,10.7,2020-07-07,2020-07-07,1,3ven4ZKSspshBwiLMMibEa
Dirty Sanchez 47,3,10.7,2020-12-19,2021-12-26,1,3ZJTMPKbwsillzh2a6noV7
Homeboy Sandman,4,10.7,2016-08-29,2019-07-23,3,7CbiRhz7gPoL61wGKgdsea
Laura Morgado,3,10.7,2021-09-07,2021-09-07,1,69EabzZyEEhWlZkeJVPYsU
Ricki Monique,5,10.7,2022-02-28,2025-01-29,2,6DY9y5dsU06YuZUY3j07fd
Ta-ku,4,10.7,2016-09-05,2023-12-06,3,39kdh6z0m3UNDfBqLLiXcz
Dorothy Ashby,2,10.7,2021-08-09,2021-08-14,1,5VyKUnu3vZRwOTWePLapKx
Shayhan,3,10.7,2022-03-15,2023-05-31,1,7yL2rOcAcUdLjT89zqWzgu
RealLiveAnimals,2,10.6,2019-07-02,2019-07-03,1,0lu5Irhoh5R1CCnz6mviWD
Magic City Hippies,2,10.6,2016-09-05,2016-09-08,1,2hup7lQB1vMfVTemkfljLR
RXKNephew,2,10.6,2022-02-28,2022-03-02,1,0ZMI0JL8jU98SxGb27gkaR
Jesse Powell,2,10.6,2024-01-05,2024-01-16,1,0hcW7qPqWWJc8189OaqQvX
DāM-FunK,2,10.6,2016-09-28,2021-11-04,2,6TSF8Kjw57hUXibVn4hSsh
Cautious Clay,4,10.6,2021-08-04,2024-04-05,3,3wi4hGGGZZYvkC0SRTU8cq
Stevie Nicks,2,10.5,2017-07-29,2025-03-28,1,7L3b6iaVhDVjfo52Hbvh9Z
BabyTron,4,10.5,2023-06-21,2023-06-21,4,0yYYco9yk2nclC82ioryu8
Jon Bap,4,10.5,2016-09-05,2021-08-19,1,2MSKUCw4Tx5HRN8sMhmbUx
Syndrome,6,10.5,2019-06-24,2019-07-02,2,6AMHWNO9rWKjMEICORbj06
Your Grandparents,3,10.5,2020-09-17,2023-05-11,3,72elEHWSWoCcQZaHCfdeyh
Huey Briss,3,10.5,2021-10-26,2023-03-26,2,1Xmy2ve5x8CRGnGbEkvq4g
Ant Clemons,5,10.5,2020-03-18,2021-03-18,1,4TZenlyGKmSXH75MYBemY6
Hans Philip,3,10.5,2019-05-06,2019-05-07,1,2zAfQdoOeYujy7QIgDUq9p
Theo Parrish,1,10.4,2020-08-27,2020-08-27,1,55L2nB1jHoC6C1kWed3ooA
Blvck Svm,4,10.4,2021-11-29,2023-03-10,2,1CQ3rIFdw9Lie0uWpfA1mr
O2worldwide,3,10.4,2020-03-23,2021-07-29,1,5hMC6EOfG0WGb4E4lnZcDo
ICYTWAT,6,10.4,2019-04-06,2020-09-17,4,3xhhqDJRXRQw1TOJrKDzph
Aloe Fm,2,10.4,2023-04-05,2023-04-05,1,722liQKA3EHqLdWZJWrb44
Archie Shepp,4,10.4,2020-03-04,2021-02-01,1,5IT8xiS70Ul7Zq0pKM8I0l
Quebonafide,3,10.4,2023-04-12,2023-04-12,1,2zDJerUmRJnx2Y0c4r3vHp
Nickelus F,4,10.4,2020-03-18,2021-06-10,1,2ntehuTucV56FCujVKLr0l
Jaz Karis,4,10.4,2023-07-12,2024-02-14,3,1cHBuQf2xa55GghN4eBp1H
rum.gold,3,10.4,2020-06-01,2023-06-23,2,5CisgeB65yWttE54rFIfZ4
Yebba,3,10.4,2023-03-10,2023-09-15,2,0PspnH1gJYzr1NGqYRK3IO
N'shai Iman,4,10.4,2021-12-26,2023-08-25,1,4zPzoxZHzPdOU5mlSwA1lH
Zeph France,3,10.4,2022-07-09,2023-03-26,2,4VdRSoy4tmM2EoDCchJUkV
mimofr,4,10.3,2024-10-03,2025-04-03,4,2ca0ArhgmPOd0nMvhnXPlU
John C,1,10.3,2019-12-20,2019-12-20,1,2b6i9zx3ULzKrNWmyP0ePD
Dominic Fike,4,10.3,2020-09-04,2024-04-05,3,4keHa1UN3c9OWHVv3BE5ra
Fousheé,3,10.3,2021-08-19,2023-06-23,3,4emJOvmhqWJAxpwB7c9JJw
Kenny Loggins,2,10.3,2021-11-08,2024-01-24,2,0ci1kKhT51MR9Ghd43S8Y7
Fingazz,3,10.3,2021-11-16,2022-11-15,1,6h1zFlYqiSzHxpZqHMYUA1
DARGZ,6,10.3,2022-05-30,2024-02-20,3,7lXdxVYiVpwkaaFGLk2koS
Rosa Cecilia,4,10.3,2022-10-04,2024-01-23,2,709hNoozRwtVn0q21guSAq
Stwo,3,10.3,2019-03-07,2019-03-10,1,7vY4ATettZurJp378JY4Xr
Ivy Lab,3,10.2,2021-02-07,2022-06-01,1,1ZD51kpXHiTNqymmz3Yy6b
Roger Voudouris,2,10.2,2019-09-17,2021-11-08,1,5ondxeASmmCknUieFYTyCh
Nicky Jam,7,10.2,2016-02-27,2023-07-11,6,13Z5Q40pa1Ly7aQk1oW8Ce
Griselda,5,10.2,2021-04-06,2021-11-02,3,77EseIwL4dnUACjF3YmDWz
vbnd,3,10.2,2017-08-17,2026-08-25,3,1trtcLaiAhVl59KfQjkYkO
Donny Hathaway,4,10.2,2021-05-05,2022-04-11,2,4ZMofBIe1948b23GZJriAd
Sui Generis,5,10.2,2017-01-29,2026-02-10,4,2ls5Nls2vswpcxsC0HlVZr
TWENTY88,3,10.2,2020-01-09,2020-01-09,3,0VIH3yTKCCnijQ4kbnitqc
less.people,4,10.2,2020-03-07,2020-03-07,4,5JCi2bCdxADf8uizPypvaL
Sebastian Yatra,4,10.2,2017-01-28,2018-01-07,3,5J1c3M4EldCfNxXwrwt8mT
Nanna.B,3,10.2,2022-01-28,2022-01-28,1,1wCDoCwUP3DcK2JZZywnFr
Neema Nekesa,4,10.1,2023-04-12,2023-04-12,1,3ZxOiRrYY7h9BIE552XeOW
Anonymuz,3,10.1,2021-06-05,2022-06-19,1,1SelphydFDCZTnfVqb1PuG
Guapdad 4000,3,10.1,2020-11-15,2023-07-26,2,5IckhJATD1gMHqzpcU0a53
Skeete,4,10.1,2023-04-12,2023-04-12,1,7dPxC7mt8XyB4eGasb2ZeO
Brownstone,2,10.1,2021-07-10,2022-01-11,1,10yCqBhJHRSApHAOcI5RtM
Elton Aura,3,10.1,2019-02-05,2019-02-06,1,2RGiAPhQJmTYJ3QL2GEi9z
Meek Mill,8,10.0,2019-05-09,2022-05-02,6,3piDAA6ss4lG0QbhvZ3WPF
Emmanuel Horvilleur,4,10.0,2014-11-18,2026-06-25,4,3ZLRQgkLV8DjyLQhYCbMn0
Shine,4,10.0,2022-02-07,2022-10-04,2,4sVfxNG6ZDQrhIHHU3bbp8
David Guetta,8,10.0,2014-12-26,2023-07-09,3,4uUG5RXrOk84mYEfFvj3cK
Daryl Hall & John Oates,3,10.0,2021-11-08,2024-01-24,1,7gG2e0eYya2gGCZapxJvoe
Paperboy Fabe,4,10.0,2021-06-17,2023-12-07,1,4RnvS1tmh1ERhjXX6dxv95
Young Stoner Life,3,10.0,2021-05-05,2021-11-11,1,5hTVyxGfOKyBYhY8fgIIzT
Anna Wise,5,10.0,2017-08-10,2025-01-30,3,6mb65kK0JHAP1mOGPGNLB3
Peabo Bryson,2,10.0,2019-03-06,2019-03-06,1,7f467XqJJoYRLOTUqjXdO1
Danny Ocean,5,10.0,2022-05-30,2026-02-19,4,7JahThtCGJ9cdn6HWTWf9S
Swsh,3,10.0,2023-07-10,2024-01-23,2,7LZsbdDRvEZGQv7s5T7Dv0
Teddy Pendergrass,2,10.0,2024-04-12,2025-04-07,1,3IVaPHncIZWWNjfg29HVLq
Arjuna Oakes,3,10.0,2023-07-12,2026-08-25,1,7vreFClzFJATKy5srnwAoD
Sans,4,10.0,2021-04-21,2022-05-30,1,5MfbzRbc9Ef6jTLsl7hBoj
Marigold,3,10.0,2022-11-08,2025-01-04,2,7w7Azof2O08tJEHtW8qJCz
Babe Rainbow,3,9.9,2021-07-27,2022-02-02,1,2vGJfDHB9twLEw8gGsZIx3
Sérgio Mendes,5,9.9,2016-08-25,2016-08-26,2,0vFs2Eorve6vnnQcmItot1
SMIB,5,9.9,2021-11-29,2021-12-01,1,3wX4wJUM7aJlAA6QGc1XLB
L'Impératrice,3,9.9,2022-10-27,2025-07-14,2,7nZ9CzhiFRPhOQCn7eDSnn
Janine,3,9.9,2022-08-09,2022-09-17,2,7kU3HeAcYkI0zYGlMQY9QG
Sonic Youth,2,9.9,2016-07-04,2016-07-04,1,3cOT8vd89VWX2ivf2Ao1D1
Mazzy Star,2,9.9,2021-07-11,2021-07-11,1,1LzNfuep1bnAUR9skqdHCK
Juanito Valderrama,26,9.9,2025-05-24,2026-08-08,1,6fWS70hj0LYuP7yCadTklD
AKAI SOLO,4,9.9,2020-11-16,2025-08-06,2,20pZNW2pdEbLVYnvgEtVNA
Grupo Frontera,5,9.8,2023-11-05,2026-03-05,2,51Awtxah1bdEZCnUP3i70E
Cruza,4,9.8,2021-10-26,2025-01-27,3,2DrKZ4rov4RNnpciP3y4wG
David Lebón,40,9.8,2022-01-19,2022-04-23,33,4uudbqJKqgNDf19hhc4V6t
Christian Kuria,4,9.8,2022-10-27,2023-10-30,3,2xGGpmywtvPY3h7JkcwP1E
Lynda Dawn,3,9.8,2020-09-08,2026-08-25,2,4hPWChBkg8QvI1kTTkEO08
Lenny Kravitz,4,9.7,2025-05-07,2026-03-17,3,3pyjJrvYubl5klFaLTCLQg
La Delio Valdez,2,9.7,2022-11-12,2023-11-19,2,1DFDbSWdESvzWHHAe6BCQ3
702,2,9.7,2023-12-24,2024-01-05,1,4eDCsyIHTSu3cQZ5wDIyP7
Josman,10,9.7,2019-04-29,2019-05-03,1,09Qe9LUneELYWm9UjBB0OH
Lala &ce,4,9.6,2020-03-23,2021-12-26,2,7z8JzTfD5vnlssSejm1dxh
Lone,2,9.6,2022-06-26,2022-11-13,1,0Ip2pWYQmo8NUxKql20QPk
Austin TV,2,9.6,2015-09-08,2016-09-19,1,14driiVW1VdxpmkHj2k2hu
Isla Mujeres,2,9.6,2022-08-15,2022-08-15,1,76ZtHLac6kTYuRaoESpDpg
Sunday Service Choir,2,9.6,2020-12-19,2021-06-17,1,0kjm5DAzDidQhHgElDrdfq
Collard,3,9.6,2019-05-06,2020-05-08,2,4517HNgK6TJxz21ygpIiKo
VIC MENSA,3,9.6,2017-09-21,2023-04-05,2,3fCicSFX1SFnFK8sfRdArh
A$AP Mob,5,9.6,2016-06-29,2022-05-30,3,4pdgV8qr9Oytcv6thCdiIZ
American Royalty,3,9.6,2020-08-24,2020-10-03,1,1SBjKYeVsUgrvR5mtJp6vk
Harold Melvin & The Blue Notes,3,9.6,2020-03-23,2020-04-28,1,2lu7G8oIwTUSVQHqV2TqKh
BK,8,9.5,2023-11-03,2025-01-30,3,34A67HYwwe91CyLaNVQ6JG
Groove Theory,3,9.5,2023-12-25,2024-04-12,1,2lp8xjq0WTm3HZKHuDEweg
Sideshow,6,9.5,2022-03-25,2024-06-01,5,2dsZ1RzOF18HPkyTJNkTxp
H-Town,2,9.5,2022-03-15,2022-03-15,1,6g3IWdT5DBpfwN4yHwjAUl
Kings of Leon,3,9.5,2016-08-08,2025-07-18,2,4cQIbDqCZrHknxlDUjRHZ0
Cabu,3,9.5,2023-02-13,2023-02-13,2,12V7DGbQL0mPE0Og3bjLFs
Evlay,4,9.5,2024-02-22,2024-02-22,4,6wuSnDim5iZlEgIpOoOr41
Zeballos,5,9.5,2022-03-20,2023-05-10,2,5Ptzbmp4bw9lUDWCaYhglT
Daedelus,6,9.4,2021-07-12,2021-11-29,5,5kZHE8Ej3Ev5M6bw53prYa
Matt McGhee,5,9.4,2021-12-26,2022-07-09,1,3Rc7aQamyhbau1Nmn9lcJZ
DJ Shadow,3,9.4,2020-05-08,2022-10-04,2,11jPQq7v65j58sI9Fr7TWz
Benjamin Earl Turner,3,9.4,2019-05-13,2019-05-15,1,2SYYE3Ohp0HSYPVdLX9YJV
Javier Santiago,5,9.4,2021-06-02,2025-01-28,3,6tnMNiwUeGTawaSNefk2Ro
Jay Daniel,2,9.4,2020-08-27,2020-08-27,1,3RdTRLulAJKR5An8vgfUig
Big Dope P,4,9.4,2020-08-27,2020-09-30,1,7G8oECh27OOFZytQOGoUrl
Alan Gomez,6,9.4,2021-05-31,2023-11-05,5,2y7M3BNqkUGY0eJ9oAL55R
Lil Gotit,3,9.4,2019-08-08,2019-08-08,2,3R6HMi67osm1YYg8QxsceQ
Casiio,4,9.4,2021-09-07,2021-09-07,4,4uZ5Vn3J1E7qScx1yOc7CW
Massive Attack,5,9.4,2017-12-04,2025-07-14,5,4tVhBXOhSlqYCL2IjyoUNu
Kokoroko,4,9.4,2025-09-15,2026-01-15,3,0H9K4Ul9aFjf2RV14K5Xzf
Nines,5,9.4,2021-11-01,2022-04-06,1,1BzFMqje8KVwPfJjym3Mrp
Burna Boy,4,9.3,2019-02-05,2021-11-04,3,6pdip6qgVJOI5JxqgbAlu6
Akira Ishikawa & Count Buffaloes,2,9.3,2022-02-02,2022-02-03,1,0XgsxV9fRynDGsb4GbNyI1
TOBi,3,9.3,2020-11-16,2023-05-11,3,5IX0QZ6B7dgur3SUg7v3oO
The Dramatics,2,9.3,2021-12-26,2021-12-26,1,5fhKiFSE0kATcLFW5izsEV
$kyhook,7,9.3,2019-07-11,2019-07-13,1,1CwCWmcD2AMDDq5NcMb5gf
Fer Palacio,4,9.3,2017-12-17,2026-08-26,4,2xsaFtMcJGVRhUUfznSTLM
Leaf Dog,4,9.3,2019-07-22,2019-07-23,3,5lyTzlP1Td2gp0HN2ErtGJ
Whitney Houston,2,9.3,2018-11-20,2018-11-20,2,7861kBrZ5aw7o4NfggcyYW
Dream Koala,2,9.3,2016-09-21,2017-11-06,2,0gzS22fyzVQTXDskju5wOb
Case,3,9.3,2021-12-17,2024-01-05,2,21fXrzSxu2y51Yqf57QycI
Haile Supreme,2,9.2,2023-03-15,2023-04-13,1,0AF4UMZfFXgHmpB8eNILWO
Charles Hamilton,2,9.2,2022-03-15,2022-03-15,1,3aaThsUVKfgux4VMEds6tO
Casa De Leones,2,9.2,2019-06-16,2019-06-16,2,0iuRYmJA5Oy6GF3wpibS27
Isbells,2,9.2,2021-07-11,2021-07-11,1,4PiJ0l44enz6He276vvJiD
Timbaland,4,9.2,2020-05-18,2023-08-26,4,6FSTTQaBAeriR4ntnzRMvU
Duke Ellington,3,9.1,2020-04-28,2022-06-04,1,1eLKRJTsopYSLP7Uo6YwIG
The Marías,4,9.1,2019-06-11,2023-12-28,2,5H8BPBnmDDeocTGbwCmYWm
MARCO PLUS,2,9.1,2023-04-05,2023-04-05,1,31oEZXj3zuuOtR3Da2FsFH
Jazzyfatnastees,2,9.1,2023-07-11,2023-07-19,1,0diM9EauCprZhM25ew6qof
Barnes Blvd.,5,9.1,2019-06-12,2019-07-04,3,6okflAl3X7elXPx7MgJMi6
David Bendeth,2,9.1,2021-08-04,2021-08-07,1,2jeFwhOqdeaM3PzHcRhxkp
Chris Travis,3,9.1,2020-07-07,2022-02-28,1,40uvia2NjB7fN4hphjoS7u
Krsraga,3,9.1,2019-05-13,2019-05-15,1,4EoJnMVP1Rgejo2FfxgUDJ
Cruel Santino,7,9.1,2019-11-21,2023-07-26,5,75pEOg5LAkrMA52s0HtYMX
MiLES.,3,9.1,2023-04-12,2023-04-12,1,5fHomLj0NEDhtQyfnkxTAG
p-rallel,4,9.1,2020-11-02,2022-04-27,2,2tgxO4ued0sUsEMJaRuSwF
Qari,4,9.1,2019-05-22,2023-04-12,2,7wUeUOnbzJvC5pnfbUkafI
Trey Gruber,3,9.1,2021-05-05,2021-11-11,1,0uqaEF4etgkex9xqlBsHAV
Nicki Minaj,3,9.0,2019-03-11,2024-01-05,3,03It1uO69CjGWP3yyVe465
Frankie Stew and Harvey Gunn,4,9.0,2019-03-07,2020-11-29,2,4QMu6OO4Jwhr4SuNBkJiPY
John Scofield,2,9.0,2017-09-18,2024-01-25,2,4nscLQKPFfeAGoI55b5Yup
NNAVY,2,9.0,2021-08-04,2021-08-07,1,067TB7SiK4ZRF5hURd2sJh
Ahmir,3,9.0,2020-04-16,2021-04-22,1,6CQ8BUTQeY1998UObJeU8j
Suga Free,2,9.0,2023-12-25,2023-12-27,1,0oWJiWYnKrq4fHUZAuZmDq
Merlyn Wood,3,9.0,2019-04-26,2020-05-24,1,0BKzgfEqBGumQ8G8TUDP4l
Albarn & Benediktsson,7,8.9,2014-10-07,2014-10-07,6,5PxIMPs0ivxPxBXqkQBSq9
The Gap Band,3,8.9,2017-09-19,2019-03-06,2,6JPU8gJ2PbHvJIvwwzQ94k
Nico Segal,5,8.9,2020-04-16,2023-07-26,2,67Q4A723vZInFO6GJlOqfd
D-Flexx,2,8.9,2020-03-23,2020-03-23,1,5YpTEZA5It6LshaQQK0wzL
Junie Morrison,8,8.9,2018-05-13,2020-03-06,1,63d2bgv1B4yWFmhCs2TovX
McKinley Dixon,3,8.9,2022-03-10,2026-04-15,3,6MuN5BsbsvC2GIpfJJqZnE
Tony Shhnow,3,8.9,2021-11-02,2023-05-05,2,0dlCGUP21xlbgobhTxb3Gi
blnkspc_,3,8.9,2019-06-25,2019-09-13,2,5rGBIklVn5ngOm4MCqfPaj
Jaco Pastorius,3,8.9,2022-03-15,2025-03-23,2,4RflGBhUpxjrs2fMJD0QVX
Sebastián Codex,5,8.9,2018-10-11,2019-12-26,3,2RuDK5ah5rJsnlFOTlfw1Z
Grizzly Bear,4,8.9,2016-07-21,2020-06-16,2,5cf1ZfI16kHp3S1ySpQ36G
Emmanuel Franklyn Adelabu,1,8.8,2021-04-20,2021-04-20,1,6bjY6HZXwmsEzcFfSWPIy4
Arc De Soleil,3,8.8,2024-04-16,2024-04-16,3,3PLlvksV9NfmoGiZXEqunJ
2nd Exit,3,8.8,2020-03-23,2020-11-02,1,0Wk1F7rr43ANfiyAgHZxOs
Camp Lo,3,8.8,2019-06-13,2021-01-18,2,6QYrTHPz86JTy0R3sTMNJy
Barfeye,10,8.8,2022-08-15,2022-08-17,6,6qv7vNLM3mZk8lTRLdaaq2
Charlie Puth,4,8.8,2017-01-27,2017-09-04,2,7j16XLHBZXPcgCoYPKVqmF
99 Neighbors,3,8.8,2020-08-14,2021-10-12,2,5dSMIKHTQEE641IEpWKEOh
D33J,3,8.8,2020-06-16,2021-10-20,2,4xusvftpAHJk39HFAz0aj3
Binta,3,8.8,2023-01-23,2023-08-25,1,6MXQGWz7D3azwmsJDdFhQ5
KinKai,2,8.8,2020-09-17,2021-05-05,1,2d7foPk9CgoWvfbLNtnjRG
I love you turra!,3,8.7,2025-07-05,2025-07-05,3,5F8pAUuQfYYzqUa30oJ3fG
Helvetia,4,8.7,2016-09-12,2016-09-16,1,61rjspU9Rmf2NdrSmkVv0v
Gregory Isaacs,5,8.7,2023-11-10,2026-03-17,3,4llIZen1Cn4mi3DJm2Lqlz
John Roseboro,3,8.7,2021-12-28,2023-04-05,2,0rMI1Nc7niK5Z9fUeR8gtY
Blue Feather,1,8.7,2022-11-15,2022-11-15,1,4cnjnZ9EVZ6JOVQtJIROyR
Sevdaliza,2,8.7,2017-08-17,2017-10-20,2,0HZtDWxSwOa2B2IsegMJRC
Los Carabajal,3,8.7,2021-04-07,2025-07-24,2,6dibTFRo3NIiqMX1VV0hbx
Alcides,5,8.7,2017-01-29,2017-01-29,4,44ZRUhwJopErgSsvJ8iH7I
Michael Kiwanuka,2,8.7,2025-05-20,2025-05-20,2,2LUTN2pDXUplYlc7WjE1Mm
Chef,2,8.7,2022-02-02,2022-02-03,1,7p2mwDoEBIQw927JW59cwE
Tuamie,10,8.7,2025-01-03,2025-01-13,7,6HR8R7yk8xpnAW60K4IPyG
Omar Mollo,5,8.7,2026-03-18,2026-03-18,5,1CTDTexgLyTPt6n3l9h1kp
Ukendt Kunstner,2,8.7,2016-08-29,2023-06-07,2,4bgoQq0XDzMdEK1CJzbQlU
Mesita,4,8.7,2023-11-05,2025-07-05,3,1kqH58eGh2ZTOHwqBIB2tM
Down to Mars,4,8.6,2020-04-16,2021-11-02,1,5yvbATMULkPCaGSzpeuive
Golden Rules,2,8.6,2021-11-18,2021-11-19,1,1SZSn01qixqX9xfkuv84xa
Chinatown Slalom,3,8.6,2020-03-04,2020-03-06,1,6wE9qLKJu7DovH54rvrSVs
Toonorth,5,8.6,2019-06-11,2019-07-04,3,4pPL6ISxDI4k40xj2vN9Zh
Fergie,2,8.6,2023-08-26,2023-08-26,2,6dgWWAs5yhWPOtvE1zuoQ1
Duran Duran,3,8.6,2016-08-09,2018-11-20,2,0yfNXxlyXdmP0ue1iJijx1
Samantha Fish,2,8.6,2021-11-24,2021-11-24,2,50l33yFFCNnGRdB301Hvur
Galcher Lustwerk,3,8.5,2020-04-06,2020-10-14,1,40M4S2jeXc9zlPSHAPTjr1
Attaque 77,3,8.5,2015-09-08,2023-12-28,2,2zogXcCqvKJwh3o67W3GG3
Chicago Hartley,4,8.5,2021-07-26,2022-01-29,1,10DzxXNY8EUJjqWn6AiKW0
Che Ecru,4,8.5,2022-09-17,2023-04-12,1,1MWJbn3Yv8R1q5DaYOOzum
Mariah the Scientist,4,8.5,2021-07-27,2024-04-18,3,4GztgCDwEDr7H0C7Fs0Luv
The Growlers,4,8.5,2016-09-28,2025-07-18,3,4RExr9x20tvTxcAtCVVUJh
Beast Coast,4,8.5,2020-03-04,2023-06-21,2,10nbIPV2SRLqEjIpvS8CVb
Whole Truth,3,8.5,2021-07-24,2022-02-07,1,64UtDXUDaqxhSCewVKvNKP
Nicholas Craven,3,8.5,2022-06-03,2024-01-23,3,2f36pRZBYcLOqEDEhqSnmI
Everything Is Recorded,3,8.5,2019-03-07,2019-03-10,1,2fCdRQLYdF8lfEtvSMr9my
"Whatever, Dad",2,8.5,2021-07-11,2021-07-11,1,3jONVnCbgVkVCNocvE07ZE
Emmavie,2,8.5,2022-06-13,2022-06-14,1,5vLBaq5dQezK5rDb6KMzv3
Ezra Collective,3,8.5,2024-01-23,2025-04-29,2,70VTTe96UJ9QUyFYbsnW5V
Clairmont The Second,2,8.5,2021-07-12,2021-07-12,1,7u8dJ9UzeXNOAMUj6qC8fN
Milton Wright,3,8.5,2019-03-07,2019-03-07,2,7dM2Xy1fWNeYPJJj4o58z7
Lost Kids,2,8.5,2020-03-18,2020-11-02,2,49dBnrQGivqx31w8vPv2cY
Rey Cabrera,4,8.5,2016-07-28,2016-07-28,2,0JmERhHsICMpASYW5Vp1NK
WILLOW,5,8.4,2016-06-23,2021-07-17,4,23AiIIdOpW7sCx2Dtp5IFN
88GLAM,3,8.4,2019-03-02,2019-03-02,1,6Vzs6iGlyb4JTnVX5NAoFk
Mario Luis,4,8.4,2017-01-29,2025-07-05,3,67tfDitCGwzetn0EE6Hw58
Shawty Pimp,3,8.4,2020-03-17,2022-02-15,1,1WWpfqfXuEvWkSTvL41OxH
Barneypm,4,8.4,2018-12-16,2020-09-22,1,6EKmhIwy97GlGM2t6nVB76
Paul McCartney,9,8.4,2015-09-19,2025-03-28,9,1H4idkmruFoJBg1DvUv2tY
MANIK MC,2,8.4,2019-03-02,2019-03-02,1,4vYrbSeOUvI343b1cmkiaC
Portishead,4,8.4,2025-05-20,2025-07-14,4,6vTtCOimcPs5H1Jr9d0Aep
Aso,3,8.4,2019-06-11,2019-07-04,3,0wHO1OJWEUnrJ0N0JuD1IB
Los Tipitos,3,8.4,2018-03-08,2026-08-23,2,0C9V5jMElp7laZZdsCHufD
Repiola,4,8.4,2023-11-19,2025-09-19,2,1RJpmuL9ht9JimLCPazhT7
LEISURE,2,8.3,2022-05-02,2023-02-13,2,6A6GrIjiW5C90mlG9Vj9PN
Jurassik Funk,4,8.3,2016-12-31,2017-01-04,3,2xGCKeFRnbg43fQh7TWzB5
Vasquez,2,8.3,2021-06-29,2021-06-29,1,0JFXvrZySJCmM2B3clRaF8
Peces Raros,4,8.3,2020-02-17,2024-08-18,3,0EL6TLGSGVInCuTlFQesWD
Marlena Shaw,4,8.3,2017-09-17,2024-04-30,3,5kFsZZI4OF0wb69CsfQrYD
T3,3,8.3,2021-11-15,2021-11-19,1,5vOKolqRUv1StcnuMm9wi9
Glenn Lewis,2,8.3,2023-12-28,2024-01-16,1,7vKYuqKAySUizIkcAl4Oal
Diggy,6,8.3,2020-08-24,2022-06-05,1,61CJliHhZaW20x3sGMclkC
BUSDRIVER,2,8.3,2016-09-05,2016-09-08,1,59jz14e2H1EkNHiXY7kd05
E. Jones,3,8.3,2020-07-18,2023-06-07,2,4A2aJYxvRu9HBaDxXKQZV7
HIRA,2,8.2,2021-12-28,2022-07-09,1,5G0P1LakwgvQ6kwhEOldsr
Fantasia,2,8.2,2021-12-06,2021-12-14,2,7ANroj1yWw0YEGcLf7HO3Q
BluntOne,3,8.2,2020-03-07,2020-03-07,3,0Jxhf898ODyaLSR1JTfWh7
Sherman Hunter,2,8.2,2019-03-06,2019-03-06,1,0ebL3m6128tVp36DNr1Nx0
Baro Sura,3,8.2,2020-04-06,2021-10-12,1,3nUyvBMUBzUhFLWdfo4wz4
Juli Giuliani,3,8.2,2019-08-26,2019-08-30,1,4x7BU5dzbL6UWIpJJbexrK
Wiz Khalifa,2,8.2,2019-07-16,2023-07-26,2,4bahrr7XMhFgZ69hQFehzi
Tamae,4,8.2,2023-04-12,2023-04-12,1,3zqHl7VyQ8Ik8lbS3RIinu
Tara Lily,3,8.2,2019-02-05,2026-08-25,2,30Ft8JWX5NA4YI7QRI52j9
Mariano Mellino,2,8.2,2024-01-19,2024-01-19,2,2W40BdkEjIyE5kCJCLqQ5a
Y La Bamba,2,8.2,2021-07-11,2021-07-11,1,2gke8YaJQur5OpkWAeIMdz
Dru Hill,2,8.2,2023-12-12,2023-12-24,1,2MflYZf6aZzOxQWX0O7Brc
Nigo,1,8.2,2022-11-19,2022-11-19,1,5iLWapaddBejhbpgFl2MeV
Chris Crack,7,8.2,2019-06-11,2023-10-30,4,1XgiybQaVIIsPmKYFcItyY
Devin Morrison,3,8.2,2021-11-04,2023-06-07,2,1KEXxYtfNyK08g2Pc4gcSh
Coast Contra,2,8.2,2022-02-02,2022-02-03,1,4z3hS7U4Nb2rsBQajShKgB
Wale,3,8.1,2017-03-16,2019-05-09,3,11QvWp3CsEPd0YLE6xKGyx
Grupo Sombras,2,8.1,2023-11-17,2023-11-19,1,2dfnK7rHRibkQR93iZn7Z2
Knowmadic,4,8.1,2019-09-13,2019-09-15,2,6oQGxNidTIGYb9jqp4CbIn
Patrice Rushen,2,8.1,2020-06-01,2025-03-23,2,7IJSkHRCWMSzdhmjfBlK5H
Suzanna Son,6,8.1,2023-08-14,2023-08-26,1,7MwYXhh2dTqc7fiwkwPZo1
GentleBeatz,3,8.1,2019-06-12,2019-09-13,2,0fFFIADwjNsAbMkeOyS7fC
Rafaga,7,8.1,2017-01-28,2026-08-26,5,3LNZSTiwQYL7BnTfHvIOII
Tom Vek,2,8.1,2016-06-29,2016-06-29,1,2gxbtJv0qfA1I4WsjgKPQe
Mariah Carey,2,8.1,2023-08-26,2025-08-18,2,1NmC7qGL2jdqtFXzrrH3ui
Julie Byrne,2,8.1,2021-07-11,2021-07-11,1,6J5XDjKMhyWbIBW8JkLXFL
Weste,3,8.1,2022-08-15,2022-08-15,1,37o77u2hnhOi7RidzEyhJp
Debra Laws,2,8.1,2019-03-07,2019-03-07,1,2xNlS3YW7yYkHMpUPlGQZK
Smellington Piff,4,8.1,2019-07-22,2019-07-25,1,4souxv3r3j16nLV5j3ahdg
rusowsky,3,8.1,2025-03-18,2025-03-23,2,7zoVtzzASRtacCvgQKLFaS
Stephen Sanchez,3,8.0,2023-02-02,2023-02-16,1,1Y3LN4zO1Edc2EluIoSPJN
Obongjayar,3,8.0,2021-11-29,2021-12-01,1,5VKVtkx3RBTbeK1hwL6aZ0
Lute,4,8.0,2020-03-04,2021-10-26,3,0EGCIajWTckUIeIaZSq8x9
Jadasea,3,8.0,2020-04-25,2021-04-22,1,5qfAXry3bRpnPb5U44jaZs
H,4,8.0,2023-04-12,2023-04-12,1,3FZPhxYIJoMKowdI5N9Be1
Thalia,3,8.0,2018-01-06,2022-01-14,3,4GtpaLx2ibXOIyZDFi8HNE
Jelani Aryeh,4,8.0,2019-04-29,2020-04-06,2,7DadX5HSUmxfYdwRNqXTks
Phlake,2,8.0,2017-05-22,2017-11-24,1,1V0mBhbnLthJHHmwqREUKa
AJRadico,3,8.0,2021-11-01,2022-11-08,2,0jF9AZAaMv49jsy3InMUjQ
SubTrailss,4,8.0,2019-06-11,2020-04-12,1,2BnVjhJeIVGgtbZ8lMXBEH
Louis B,2,8.0,2019-03-02,2019-03-02,1,68HVqTvtboLvUpCHN3685j
Capital STEEZ Archive,2,8.0,2023-03-10,2023-03-10,1,5Yfc35tKeT70GMOnD913zI
Los Jaivas,1,8.0,2026-02-10,2026-02-10,1,7vpRg1cVcWKN7MLyVvhCQf
JOAKO,4,8.0,2026-05-21,2026-05-21,4,2sgod3uQm3Re5hKtmPWToS
Latelonius,2,8.0,2022-08-17,2026-02-10,2,6UfJwEp88b7ZSVxxQ5z9vY
Alex Banin,3,8.0,2023-05-31,2026-01-15,2,4HhEEp88Hc9exGNvvD4avA
Seddy Hendrinx,3,8.0,2021-11-15,2021-11-19,1,7zs2lP0RDEXtX1b4OwudOO
Jazzbois,2,8.0,2025-09-15,2025-09-15,1,5SbDjmvfRJejKyxHLTSayn
Kent Jamz,3,7.9,2021-07-12,2023-03-26,2,72RAYu1b2ijtdxaalEMEun
_91nova,5,7.9,2021-10-11,2021-10-11,5,37fb28oOtUES8N0bD8uPnw
Them Crooked Vultures,4,7.9,2025-05-07,2025-05-07,4,557jg1bhE6fYKPtfEGZXGG
ASTOR,3,7.9,2020-06-19,2022-05-02,2,5iPzax2duOrsYLZ6yED9vW
The Shins,2,7.9,2021-07-11,2021-07-11,1,3Bz3lj6E9VFBk1Wj1hC8vw
Gary Bartz,2,7.9,2025-09-15,2025-09-15,1,1A6EUHcXoC14I6AOhbkfpM
Oblé Reed,3,7.9,2023-04-13,2023-09-15,3,1Hzm1ZvZ95fARLmMVsCVXp
Heems,2,7.9,2019-03-07,2019-03-10,1,4PwYsVDj8wdOrXG0Nm28Zr
DIIV,5,7.9,2016-09-12,2016-09-30,1,53FCh1Yv1gdlnybyYWsyca
theMIND,4,7.9,2023-04-12,2025-07-28,2,4KGaCST7kfqslQnBPNwenm
Badly Drawn Boy,4,7.9,2016-06-29,2016-10-03,2,2NZDGltjD2gQoF5B0TUJdT
El Equipo de la Bachata,1,7.9,2022-01-14,2022-01-14,1,33lOsXDjSYVgjaTkNcXCFA
Suicideyear,2,7.9,2020-08-24,2022-04-22,1,41j9RR5pJSt3nFbbfHIfNv
Saint Etienne,2,7.9,2025-05-20,2025-05-20,2,2DvjHHtTjwlrMXyFKxPvXr
Ralph MacDonald,1,7.8,2016-07-12,2016-07-12,1,24qd8v5rQsvPlYCUuqWxTQ
chromonicci,3,7.8,2020-07-10,2023-10-30,3,4k9BF0WyAx8l8GaB9oJzyV
Julian Lennon,4,7.8,2018-05-22,2018-05-22,2,6lTaVAtnxa69VgRwxOcMsJ
Pure Pleasure,2,7.8,2019-03-06,2019-03-06,1,3una6OI6v7V3aJrCmtdPz5
Lil B,3,7.8,2016-07-21,2021-10-26,3,1BN1KycitcH264DYvwnP4k
Kllo,3,7.8,2016-01-15,2023-02-13,3,1B3x1uT4WMuFD84IxcOiki
Muchi,4,7.8,2023-04-12,2023-04-12,1,3XrxzmCIZnIzUJbbEccRe1
Jeeiph,6,7.8,2017-10-23,2017-11-03,1,4pQMLWSRLENTubAkKJV4jB
Milkz,5,7.8,2019-09-13,2019-09-15,3,1dIFUbrU6HEjCu0C0y3s0I
Cisne Elocuente,4,7.8,2025-01-28,2026-02-10,2,26CNcCidQgrxUw9rPx0sfq
extremely bad man,3,7.8,2021-07-10,2022-06-01,1,2XzTfbvUZlZELFEDsUdOXk
Issa Gold,2,7.8,2021-11-09,2021-11-11,1,7oP9lG6nUzdqDKt9Qtl8k6
BlocBoy JB,5,7.8,2018-04-09,2019-10-22,3,4qKcDkK6siZ7Jp1Jb4m0aL
Nappy Nina,3,7.7,2022-07-09,2023-03-10,1,70inPkTLdiVyAAz7hOHelw
LAUSSE THE CAT,2,7.7,2021-12-28,2024-03-26,2,0CvUNSDkt0hIRomhm05IMu
Black Thought,3,7.7,2020-11-30,2024-05-13,2,61Vc6UXzRv7a9tWYxIJtcQ
KUČKA,2,7.7,2017-05-22,2017-11-24,1,0IawMJTE3PQBayicBmDc3D
Scotty Atl,2,7.7,2022-02-02,2022-02-03,1,2loLcifs7NdAtez0wBZ0rF
Crumb,4,7.7,2019-06-07,2025-01-04,4,0B6oBwvkyLptGexpwJVz7c
Simon & Garfunkel,8,7.7,2016-08-03,2024-05-30,4,2P6F1jmMgSScpvx4aZvbmY
72-HOUR POST FIGHT,2,7.7,2020-08-27,2020-08-27,1,0KnveRVzmgQt9Z1cfnrwuX
Leda Valladares,5,7.7,2021-03-19,2021-03-20,5,5WaQKlZ4c2u9wdTaMPXtfC
The Rah Band,1,7.7,2020-04-28,2020-04-28,1,4vpGXQlusfDlUpvk0tIaa3
Tiffany Gouché,2,7.7,2019-02-05,2019-02-06,1,21Ix1eD6lAJdz8yKePXPTS
SOJA,2,7.7,2019-10-10,2019-10-11,1,0DmZM13fo3Oq96ZWyHWpiL
Kish!,3,7.7,2019-06-19,2020-07-07,1,5g8mXrlSvCGEfn5ntBoz0f
Bawo,3,7.6,2022-07-09,2023-12-09,2,55PclVSKZK3aLxxARrZ0DW
Nightmares On Wax,1,7.6,2016-08-05,2016-08-05,1,3EfoNZddSBYBStamZcYHTZ
Post Animal,3,7.6,2020-11-16,2020-11-22,3,2M56bGzPbF9vjIGUotvVCn
World Brain,2,7.6,2020-08-27,2020-08-27,1,0a2xTdOUfy3VE8yZ6bFPJw
Ricky Martin,12,7.6,2017-01-28,2026-08-26,9,4ON0spZpKuq6LfxITWgkcV
FrOc,2,7.6,2023-03-10,2024-04-15,1,6bVvPXpKaG36ukAwhqeOsZ
Maxo Kream,3,7.6,2019-03-11,2022-03-15,2,668DFatfdHGmq2s45NXiKD
Mr Twin Sister,2,7.6,2016-06-22,2016-06-23,1,3JwgHZq03J7Tqg3NWMuVlb
The Temptations,2,7.6,2020-01-25,2020-04-28,1,39Bd345OWEhRNyfayhp9gv
Van Buren Records,2,7.6,2022-03-15,2022-03-15,1,4a4gHkEK6oWLvlWnRwpU8u
Delroy Edwards,6,7.6,2020-08-27,2021-03-20,1,6SN9oFJ5t117diywzLz9Yl
Emily King,3,7.6,2021-07-11,2021-12-14,2,4Aj1eHsMtEmjpJUWdUWiVa
Max B,3,7.6,2020-05-08,2021-11-18,1,3zHztD8JjCzmF1YTXTObBk
Delaossa,2,7.6,2019-08-30,2019-08-30,1,7b2crEGeREkvEF74GYM2Qx
Mann,3,7.6,2021-12-28,2022-07-09,1,4FItdNoOT2CpVhSJy87hTz
The Edwards Generation,2,7.6,2021-04-20,2022-02-25,1,3jc86j0uL5hrsb3cFfMQob
Nene Malo,2,7.6,2025-07-05,2025-09-19,2,1jjQ1k1jvxdXUaxoK75RV8
Chaitha,3,7.6,2023-04-13,2023-04-13,3,2iCRWjHNoYIYy7OTujGSkA
缺省,2,7.6,2022-02-28,2022-03-02,1,27pcK7Kva8Wk3DM7j5dUrJ
Ichon,4,7.5,2021-05-31,2021-06-05,1,3ruW64ohdS5JVPa9OAEyOb
Elmiene,2,7.5,2022-06-22,2024-07-29,2,06XbwFE5HC7qJaF7ihvZDy
Rosey Pyramid,4,7.5,2019-08-30,2019-08-30,1,72xC3NaozY2mQ1Bzt5LoLI
Nickelback,4,7.5,2017-03-02,2017-03-03,2,2vBiZ7nBe0OqTZKWGP0s4K
Ahmad Jamal,4,7.5,2019-06-12,2020-11-30,1,4WeALICmdsUgK5gW2xjLkG
Jazz Cartier,3,7.5,2016-07-21,2017-08-17,2,4TEHRuLkEYD2Te0HkEibvP
Da$H,3,7.5,2019-08-30,2023-03-29,2,3cPtbYlLWmB8yBDEzlD7Go
Milkavelli,2,7.5,2022-02-28,2022-03-02,1,2JRrExulyTlO4eOFNoZPnp
Diego Torres,2,7.5,2024-01-22,2025-07-05,2,3lQJF8QzeMyrGVbc46KieQ
Cupidon,3,7.5,2022-05-24,2023-02-13,2,4aMExui9zpbQZNhAmMsHPB
Troye Sivan,6,7.5,2017-08-17,2023-08-26,2,3TBFOYhRrY2lL4lcmtvIrU
Like,2,7.5,2020-07-18,2021-07-12,1,5EKg3cx2v8v48dqlKp6GjO
KISS,5,7.5,2016-09-18,2017-05-29,4,38xVeIx8v0YZAvCX2r57yT
Phenam,3,7.5,2016-06-29,2016-06-30,1,3n6xP5DzNoZwvQx3YbjTVC
Black Josh,2,7.5,2020-03-23,2020-03-23,1,32OdokBzVZ19TzTu84RTHL
mvnitou,4,7.5,2020-05-17,2020-05-17,4,54jV3Nc9OvTIWvoPLQs42E
Brentrambo,5,7.4,2021-11-29,2021-12-02,1,6T8U7x901X8TDNDDQ0oEaC
Cosculluela,4,7.4,2017-01-28,2022-05-30,3,2M2WWJE863upPYUrzCRjN6
Leo Sayer,2,7.4,2021-11-08,2021-11-08,1,0IcUT7lGu4jO06hIQeybIi
Cities Aviv,3,7.4,2016-07-01,2021-12-26,2,0WbtGHO7DpklcJtv70UVv1
Raleigh Ritchie,2,7.4,2017-05-22,2017-11-24,1,4KbhgBpAAWWEdq0AvOBqOh
State Cows,3,7.4,2021-11-08,2021-11-12,1,6ZN4fWsorfA45e92R63SXS
Marc Jordan,3,7.4,2019-09-17,2023-11-01,1,2mcBDPto1XOcnMkC6rAzzc
SIPHO.,2,7.4,2023-04-05,2023-04-05,1,1uW9X6oaD8Vq3ob0h5mxwk
Jakob,3,7.4,2019-06-11,2025-01-04,2,2RjsAYVbdZPISqnsWd3Hup
Marshmello,5,7.4,2023-07-09,2023-12-28,3,51FvjPEGKq2zByeeEQ43V9
"Johnny ""Hammond"" Smith",1,7.4,2018-11-16,2018-11-16,1,3o4rvW7gQXuqW405StWQsE
Fana Hues,3,7.4,2022-04-10,2024-02-14,3,0tTI3oRQj4Ybt4ThfM8tdv
PNTHN,2,7.4,2019-07-02,2019-07-03,1,2QbDKq3iWdcU1UnqyxiJ0L
Fobia,2,7.4,2018-03-08,2018-03-08,2,05Ptv8NfK87XhXNNbJ8Tgb
Yoshi Thompkins,2,7.4,2019-07-15,2019-07-16,1,7znCPzdMyKzhPW7UrxNSsG
Miguel Abuelo,6,7.4,2017-11-24,2022-03-08,4,0cPDd0gsYLPszJ6JLMu4wZ
A$AP Twelvyy,3,7.4,2020-09-17,2021-10-12,1,0WxLlAbBs4jP974j8kiPjo
Rainer Scheurenbrand,1,7.4,2021-07-11,2021-07-11,1,4u5ujq94mHFg8e7sGrQqtU
iblss,2,7.4,2020-05-08,2021-11-23,1,6Asug8xfAiqm5OW5YAKbEN
Scott Xylo,2,7.3,2021-04-21,2021-04-22,1,6BInJazQTPJOdqEJ7Elg8V
The Game,2,7.3,2022-01-29,2023-08-26,2,6Ab81Bs9fcOwaTYuBsUUpI
Mustafa,4,7.3,2021-07-29,2022-01-30,2,4VP8nqMq7eN3vMnuAaptax
2 Chainz,2,7.3,2019-05-09,2022-01-11,2,6Z4rmc0uujCpl8yXe3yjgI
Rata Blanca,2,7.3,2019-11-21,2023-12-28,2,4eCrF1FgVL4se3AkHOnLDL
Lee Fields & The Expressions,5,7.3,2019-05-13,2021-05-05,1,2mGWmvIIvs7jKEXxyh7Wfb
Ahmad Jamal Trio,1,7.3,2021-02-26,2021-02-26,1,3XlXaNRCGCkjmRTqpkS2qf
Baker Ya Maker,4,7.3,2019-04-29,2019-05-03,1,3TNwTBnZn7Q6ZVhyV7uFmv
Universal Togetherness Band,2,7.3,2019-03-07,2019-03-07,1,6qCWswjuiRujXjXkIxLepg
J3PO,2,7.3,2022-05-19,2022-05-30,2,4TCHo0PV2eohDViRozd6w4
Remble,5,7.3,2021-07-16,2021-07-26,5,7ydwINfsOKRb696fvfzmid
Jesse Boykins III,2,7.3,2020-08-27,2021-12-28,2,4H5Bnsl8pp7iMpXAQQWLow
Marcus Marr,1,7.3,2016-07-13,2016-07-13,1,4n6qcmpSdCOemWg2PvbS3f
Lexa Gates,2,7.2,2023-07-26,2024-01-23,2,29UD6MYEQP92RepyvXkfPE
Primus,3,7.2,2016-10-24,2017-03-02,2,2A9VGjhp6u4dcx3oBSwMyV
The Fratellis,2,7.2,2021-12-13,2025-07-18,2,4V1fFZJij2G72iELt517X0
Ekathé,2,7.2,2026-02-10,2026-02-10,2,5tSPCr8Tw38Rzn7t8fJhep
Jose Manuel Calderon,5,7.2,2018-05-20,2018-05-20,3,1ekz1AWLqvlWuPqhQFgpfJ
Greentea Peng,3,7.2,2020-08-14,2023-06-12,3,2NHVRc2gml9maFMHRgIC0y
Greta Van Fleet,2,7.2,2025-05-07,2025-05-07,2,1BfR5GMOgW0peHkPxrwf11
Babyface,2,7.2,2023-06-07,2023-06-07,1,4ES2gMcCQshE8EWU0FY8vW
Rey Pila,3,7.2,2016-07-04,2022-06-24,2,15pcyAdvBi5iye5K0GiNra
Penny Goodwin,2,7.2,2021-08-04,2022-02-07,1,5pk8VNrHhcaVRGq12rz8BI
Duwap Kaine,4,7.2,2020-11-15,2021-06-08,1,0rVgzfMpM4YOEinrWFaeMQ
Mutual Benefit,1,7.2,2014-09-17,2014-09-17,1,1pcUJfbyEqRjzjjy4H6ejk
La Sonora Master,2,7.2,2022-11-12,2022-11-12,1,2Qj3RcwYRKV7AR2qpAapB8
Latir,2,7.2,2023-06-23,2023-06-23,2,2DIZqCXiloVK48SkmfTMGw
The Cardigans,2,7.1,2025-03-23,2025-07-14,2,5BLA1EL22Jf62O1HW6TWkE
Dizzy Wright,2,7.1,2019-07-22,2019-07-23,1,773GlfTf841YG0H8UHAdaP
OneRepublic,3,7.1,2023-02-02,2023-02-16,1,4h9wh7iOZ0GGn8QVp4RAOB
tomcbumpz,5,7.1,2019-06-25,2019-09-13,3,1yGOogzmdVFLqFFh3EU5Ve
Shaggy,2,7.1,2023-08-26,2023-08-26,2,3WkibOpDF7cQ5xntM1epyf
ïnnü,2,7.1,2023-10-30,2026-08-04,2,24i30s71KZcOf6kMwwLVbK
1999 WRITE THE FUTURE,2,7.1,2023-12-28,2025-09-25,1,6Xa3ZCamaDFWBmxOFoR2n8
Elijah Bank$y,2,7.1,2019-07-15,2019-07-16,1,3YpOYCSXRmId70zsHlzKRm
Leon Vynehall,2,7.1,2022-06-02,2022-06-16,1,1ZW0w1VtmU2R6eHinN4Mor
Kimbra,2,7.1,2021-07-11,2021-07-11,1,0m21ylWHBXdwk42QafHmqR
CAN,3,7.1,2016-07-04,2020-04-28,2,7otf12LkWCB2mTZhZvMHTb
WE$T DUBAI,2,7.1,2020-01-23,2020-01-23,1,2XGU82Lx8urLynWSdJ2ehz
Lil Silva,2,7.1,2022-11-19,2023-06-23,2,4d53iJvfGbPyQGRnbtmtiW
ANTEMASQUE,3,7.1,2016-06-29,2016-06-30,1,5RMgGhhOgyfS4XLC3xlS0o
Dirty Ike,2,7.1,2021-01-18,2021-01-18,1,1s4OBg6JnqrRdiu4mMjQGh
Black Noi$e,5,7.1,2021-04-20,2022-06-19,2,2aUPPADserR4vBEVu1aMaQ
Yazmin Lacey,2,7.1,2020-06-17,2025-05-20,2,4hNgMLdda6VpNHUKdgmRMU
Cold Callers,2,7.1,2019-03-07,2019-03-10,1,10WdVv0gEYHTPpeDxpiXEd
Dred Scott,2,7.0,2025-01-28,2025-01-28,1,05cAjRFbioNoB0vhDyzCod
Andreas Alives,2,7.0,2023-04-05,2023-04-05,1,45PyBiT9m1JeDsH5bGz2uY
Foster The People,3,7.0,2018-06-22,2025-07-18,2,7w87IxuO7BDcJ3YUqCyMTT
ARDN,2,7.0,2021-12-01,2021-12-01,1,4ZaXaOcUscPNx546exx7Bm
BROODS,2,7.0,2015-01-26,2022-11-15,2,4dIiT84Xqyzbzuj4ukNyDK
Sharon Jones & The Dap-Kings,2,7.0,2025-03-23,2025-04-23,2,2ffGZTdlRN0lNxA4LOYyTs
Nia Devine,3,7.0,2023-03-16,2023-04-18,1,0mOUzhBFbh3Nwbt0kjHGvV
Allan Kingdom,3,7.0,2016-08-29,2019-12-10,2,0DLcjcjvUywWkPYseSdg7J
LordSakima,2,7.0,2022-02-28,2022-03-02,1,4DC5KOVFFJrW0Aemi3a0h1
Amythyst Kiah,2,7.0,2021-11-24,2021-11-24,2,2lqhbXBX8XZujQLHZBHd3b
Francis and the Lights,2,7.0,2021-07-27,2021-07-29,1,0O3Pb33KINQl8t04jGOrX2
Feux,2,6.9,2023-03-10,2023-03-10,1,60NpI9I1xDTOMEnzMXWcNV
The Neighbourhood,2,6.9,2019-04-06,2019-04-06,1,4ymD0FxX1fnWszSu9rMAtD
Frank Zappa,1,6.9,2024-01-25,2024-01-25,1,5Re6qjdZDYOcwWgFtiztwJ
Young McFly,2,6.9,2021-11-15,2021-11-18,1,4W3aE7dfF9330ZyKzSESwI
Lushlife,3,6.9,2016-09-12,2016-09-16,1,4dYRvBW5j7BDIKpKjEg1QR
Grandmagneto,2,6.9,2021-11-01,2021-11-01,2,5mI1wbUISJwLdQcdZKWpcv
Lean Chihiro,5,6.9,2019-04-29,2019-05-03,1,5Mpu0ipRE1Dml2B0e9yoBX
LiL CaKe,3,6.9,2023-02-14,2023-09-15,1,1DxEbt6OSbrkRthk6pjZue
Flipp Dinero,2,6.9,2019-04-06,2019-04-06,1,3HNX5oAJQEgfhMMvPQULp6
La T y La M,3,6.9,2023-02-14,2026-08-26,3,4J1vAbtAhMdsdpO1sKU3EO
DRAMA,2,6.9,2019-03-02,2019-03-02,1,0rpKMK6WacF7xKdpqbMWCa
Abel Pintos,3,6.9,2021-04-07,2025-07-24,2,1LWROl6N3vJKhLPvOo2xUt
Nipsey Russell,3,6.9,2021-08-09,2021-08-10,1,0a2XZ9SnjzmxmAQrpbvwbD
Nariaki,4,6.9,2020-09-17,2022-02-28,1,03oDhiHAYPRx26Rb9mu1wg
Chris Dave and The Drumhedz,3,6.9,2021-12-12,2022-05-16,1,43YEZ1E8VUyOWxKNyy3xxj
Fabiana Cantilo,2,6.9,2026-06-25,2026-06-25,2,7xfh6z6YnAFq2Xhp6MNnjd
Cibo Matto,2,6.9,2025-05-20,2025-07-14,2,0VTIKvnQeGkMDtvHdlcqb6
Benita,2,6.9,2019-03-07,2019-03-07,1,2aNOkWge7L1IubHjS9dkgL
Joe Coleman,2,6.8,2019-03-06,2019-03-06,1,0TPkVpYPgapa4dN4RmLPcW
Roberto Carabajal,2,6.8,2025-07-24,2025-07-24,2,5Vf99DFbfzaKbjo22id9GC
AKTHESAVIOR,3,6.8,2019-10-25,2019-10-25,1,1WcwRRRaRSjwiVUJpgBu7m
Jake Milliner,3,6.8,2025-01-03,2025-01-13,3,3TY7tEOwtTXzTr4Jv6lKFK
Masayoshi Takanaka,1,6.8,2023-03-26,2023-03-26,1,3lo62oIkdf6b5ufn6HUaHh
Jafunk,2,6.8,2025-03-23,2025-03-23,2,7GStnyZffPUZaJpe27bmDx
Way Dynamic,2,6.8,2026-01-15,2026-01-15,2,6iN60D6ZqdjfY7vjxHoC2E
KayCyy,2,6.8,2022-11-08,2024-01-25,2,0VofOfBQCt2kZkNqMawsqb
Cornell Campbell,3,6.8,2021-02-07,2021-02-07,1,44x96dSK7FKZUk0xIdNmsE
DJ Nelson,2,6.8,2019-06-16,2019-06-16,2,2QNRG78xcJZpLyXYX4JmhD
Ben Reilly,5,6.8,2022-02-07,2023-09-15,2,0jdcdrTpIzIZGBqBvkgEaC
The Colours That Rise,2,6.8,2020-09-08,2022-05-16,1,6GBtavjc1QZHqLVBUCnfVt
Gesaffelstein,3,6.8,2019-03-15,2019-07-15,2,7wFybC8jBH3zE139OpCtpG
Foggieraw,3,6.8,2021-02-01,2023-06-12,2,0Ounknlz15eoyM1kSEAtmo
greek,2,6.8,2023-05-31,2023-06-23,2,4fC8mW8ZFQanmSHq30mgWz
Polydora,2,6.8,2022-11-19,2022-11-19,2,5vLKYUd7N8TPZ1KoYWH07I
Umphrey's McGee,3,6.8,2016-09-12,2016-09-16,1,3hyI2HLQxWPtoT8Or2e5Rk
Karen Dalton,2,6.8,2020-01-25,2020-04-28,1,6Vz2IQv3AYoznh4tjsrRPo
Guillermo Beresñak,3,6.8,2021-07-11,2021-07-11,2,6YplELc642iihlEg3964Sv
Jadu Heart,2,6.7,2019-03-02,2020-10-14,1,0tI9jtQuJynzivmpQFc4Gx
Gor2,2,6.7,2022-08-15,2022-08-17,1,7voX5COjgnozyOOly10SbZ
Goya Gumbani,4,6.7,2020-10-13,2023-06-12,2,0D0KrtlQiLPTbDpLOtYUoA
Oxlade,3,6.7,2022-06-27,2022-08-11,1,2WigMwGJysIh9fRnSJvpjn
Morat,3,6.7,2023-02-02,2023-07-11,3,4khWEpnaijN0G1x019Uzdr
Roman GianArthur,3,6.7,2018-09-18,2018-09-18,1,7tCBMsxAS9MEdcsiJ34U9B
Melo-Zed,4,6.7,2022-09-20,2023-07-12,3,6P1sdNlflVMEDWH5E4Srqa
Aged In Harmony,2,6.7,2019-03-06,2019-03-06,1,59UHhx1FdbzQy5mAiKxRRO
Tytokush,2,6.7,2019-04-06,2019-04-06,1,3qAVwt2XjURKCgK1iTcgd5
Flavors,4,6.7,2019-06-12,2019-09-13,2,2xrNoPl0nhRRCcF4zrzcEi
The Ponderosa Twins Plus One,3,6.7,2021-07-24,2021-11-04,2,7zye9v6B785eFWEFYs13C2
millkzy,2,6.7,2026-06-18,2026-07-02,1,04YRSuoGZcAj9kj57c6utu
Ameer Vann,3,6.7,2019-12-10,2020-11-02,2,46KyjsEobuGoWbH2CoWjCN
Healy,2,6.7,2021-08-04,2021-08-07,1,2yRlcQn3yUqseUYHw2XzNZ
Arthur Russell,4,6.7,2020-04-25,2020-11-02,1,48zUFsio0IV0KQxnpqAaEm
Crewrod,2,6.7,2026-02-10,2026-02-10,1,057qd8gLsUcRb4vf2P8Aa5
Tommy Butler,4,6.7,2017-11-03,2017-11-04,3,0x7LWsiu5bATxhAWjEGMvB
Sergio Mendes & Brasil '66,3,6.7,2016-08-25,2016-08-26,1,0Vl9aGb0dmeiCQ2ATgNK2B
Locust,1,6.7,2025-05-20,2025-05-20,1,4eCgoHGTLuZshiHWitgAtT
Rachel Chinouriri,2,6.7,2021-08-04,2021-08-07,1,5cjDlkCbcYPKYUQDRliac7
SoGone SoFlexy,2,6.7,2021-12-26,2021-12-26,1,4UbdYUgzorrYYrf9Y0sMEl
Robb Bank$,2,6.7,2023-04-05,2023-04-05,1,3JqNnZzlrqDVZXqBOSQ7PI
Los Cadiz,2,6.7,2022-11-12,2022-11-12,1,2srKgu7hvh8cmIWmfwOz70
Makaya McCraven,2,6.7,2022-08-16,2025-09-15,2,0j5BDpqfAAzF4mtu4vE68P
Flap Jack,4,6.7,2016-09-12,2016-09-16,1,1YVoWEDXUv8fdVo01IWi4a
Cousin Stizz,2,6.6,2019-04-06,2019-04-06,1,4yrPLSdbqtdF6PJB3kqebe
salute,4,6.6,2016-09-12,2016-09-16,1,4DajdlzylrfGYBABwbFoh5
Ozzy Osbourne,2,6.6,2016-05-27,2016-09-18,2,2Gv8N5uCG9aACVDfEq7Zcv
Die Antwoord,2,6.6,2016-08-29,2016-08-29,1,43IKHinCdHEJFaNTXDE4KA
Cap1talA,2,6.6,2023-03-10,2023-09-15,2,02cJQdJcet00sJp20o5DiN
Eaddy,2,6.6,2019-08-30,2019-08-30,1,1DOpAaFw70JOPRb2izjRtb
Omar Varela,4,6.6,2022-01-21,2022-01-23,1,3vkbOYhkB3erzeTuVksSnM
Liim,5,6.6,2025-09-25,2026-01-15,4,5DJJ6PClk0Mt4ibjsegmOw
Bandana,2,6.6,2026-06-25,2026-06-25,2,4hG3BN5iiURXPGDUQxfJ8b
Marsha Ambrosius,2,6.6,2022-10-12,2023-07-11,2,7p3zXqc0IxJy2Q6gijQ1JN
Marino Infantry,3,6.6,2020-08-18,2021-11-11,1,4kEt1YYC8uqLvG085d7gZP
Robert Palmer,2,6.6,2021-11-08,2021-11-08,1,38E7U60ipLSTVDcPIuVzZw
Sugi.wa,4,6.6,2019-09-13,2019-09-15,2,0tnTF05Tzd9oeG5bbnCdZy
TiDUS,4,6.6,2019-03-07,2020-04-06,1,5Gbq7C4Eo1YN0MtE1wtt7G
Kwe$t,2,6.6,2019-07-15,2019-07-16,1,3F6uX5Ae1C3hozDNzBabNS
Tommy Boysen,2,6.6,2019-03-28,2022-06-11,2,3cdOle1lBZm4lBJAFHoFmC
Harris Cole,3,6.6,2019-06-25,2020-02-02,2,5Y69oMuGeIxfP4tIcCv6EO
Jonti,3,6.6,2019-07-15,2021-07-29,1,04HSrx46qlPvnEiObsRr5f
Rombai,5,6.6,2017-01-28,2022-06-11,3,1MpKZi1zTXpERKwxmOu1PH
Juan Pablo Vega,7,6.6,2017-08-17,2017-08-17,5,4pUo1Cn6Z6tU2IBJWTe1dG
Kyle Dion,2,6.6,2020-04-25,2020-11-02,1,3dIQBJdqStpq539wSrqhXw
Kin$oul,2,6.6,2019-05-03,2019-05-03,2,4zmbR2kLWowi8Pk0x9vR2T
NugLife,2,6.6,2022-02-28,2022-03-02,1,3kzlByrOGMtLRL7TsW6LWY
Green Hypnotic,2,6.5,2020-08-25,2020-09-30,1,7dN7f89Nx6P2pbbgBj8gy8
Jordy,2,6.5,2020-03-16,2021-10-12,1,1sAcrMPc4nxjScV79mBaYA
Reuben James,3,6.5,2020-04-25,2022-06-16,2,3CgqsbkmOkNe0darI74pdX
Sebastian Mikael,2,6.5,2023-04-05,2026-08-04,2,7z6VTwkfEhX25WWy1xC75O
Hiroshi Yoshimura,1,6.5,2021-07-11,2021-07-11,1,64JtbaCzTqbduHQaZYOU4T
Hidden Spheres,1,6.5,2019-04-24,2019-04-24,1,5cOzFKzc2pXXf1Ti1yuFRR
The Shouting Matches,1,6.5,2016-08-29,2016-08-29,1,1XMQ4v75bj65rHBCDwaBGc
Neon Indian,4,6.5,2019-06-11,2019-06-14,1,5QS6GlfUgFjE4ACsiIB9Td
Ama Lou,3,6.5,2019-06-21,2024-04-05,2,2AbAZwor5RySDTcrYdsVgb
Jurdan Bryant,3,6.5,2019-05-14,2023-07-10,2,2P8wItbUXEYabqM2y5hqe9
La Nave Croydon,5,6.5,2019-10-11,2019-10-11,4,1fOKm0WchFSo6UZMtCsRQB
Monster Rally,6,6.5,2016-08-29,2024-04-16,5,73Qq3EIZnvGZXb0QqIp8vi
NNAMDÏ,2,6.5,2020-05-08,2021-02-01,2,5A350Gl8xgpXnZ90rBcIbA
Harry Fraud,3,6.5,2016-09-28,2021-11-11,2,0F0boyxwq31pV79fJA3vos
Ovi,3,6.5,2022-01-17,2023-12-12,1,56CnVxbOqzOXBJrVxnMTtk
Slim Dee,10,6.5,2017-05-22,2017-08-14,1,2JkcMgyxGpgP3R9676u4LP
WYS,2,6.5,2020-03-07,2020-03-07,2,5ehVOwEZ1Q7Ckkdtq0dY1W
Boza,2,6.5,2022-06-10,2022-06-11,1,1ExEbycXUKSaC6gLNMcNmm
Harrison,3,6.5,2022-06-01,2024-01-23,2,6nC4bYoL9hTcwRV4kqVjzq
Tambó Tambó,2,6.5,2023-11-19,2025-07-05,1,23ADuBlydh01tBQhJgMgIV
Andres,1,6.5,2020-08-27,2020-08-27,1,6aSI5qgrJU9gsjUTfXlx5q
Emanuel,2,6.5,2021-08-04,2021-08-07,1,1S50ql05CwYITaM3LE4rWA
Mcabre Brothers,2,6.5,2019-12-10,2019-12-10,2,0xG8D06Zi5qZPCy2G7oT15
GINGE,5,6.4,2024-04-30,2024-05-02,4,1GdV2QDqIPIZq8YEowWLVj
reggie,3,6.4,2021-02-26,2022-06-12,2,5zBDAhKVH4lAXzXwmPGThy
Grupo Red,2,6.4,2025-07-05,2025-07-05,2,3tl8h7FZbALLLTGk5MPeHL
Gidi,2,6.4,2023-04-05,2023-04-05,1,4Fjd72zmX7U14NQn5wHddt
Wyatt Coleman,2,6.4,2023-05-31,2023-10-30,1,38fxqAD27LiOeJqSanZ3Eh
Barry Can't Swim,4,6.4,2023-02-13,2023-02-13,2,51qw9DAEYn0RS23LtwZU84
Ay Wing,2,6.4,2021-02-07,2021-02-07,1,5EEtTFmVrAduqDGv5fOLXA
Chuck Strong,2,6.4,2019-03-07,2019-03-07,1,7H0EQqrJD3MFWq35hWoEZg
Chico Buarque,3,6.4,2023-06-25,2026-03-07,3,3jeX62NQUCRVGrpLmQhYOp
drkmnd,2,6.4,2020-03-07,2020-03-07,2,6qxKriUGyojpxFrg93clbS
xxyyxx,2,6.4,2017-11-24,2020-07-18,2,1xAj0iDV5y4cqwU0grR6iG
Nicolette Larson,2,6.4,2021-11-08,2024-01-24,1,2bS2tETCzUmjALnXEvhOGo
FMK,3,6.4,2019-06-16,2023-11-05,3,1v5QhGtlv2bkpUz2kAXTCq
Jessica Pratt,2,6.4,2021-07-11,2021-07-11,1,0nl0YdR8RRpakl8zGhe5uS
Ben Beal,2,6.4,2019-07-22,2019-07-22,2,4ZQeZw3qRZchc7w2xvbV1I
Lani Hall,2,6.4,2019-03-06,2019-03-06,1,3YqEc4cKdMz9jy7s61ktdM
Sun Kil Moon,1,6.4,2021-07-11,2021-07-11,1,6sNT5PF1SjTYgMiAIQGYMd
Psymun,2,6.3,2016-09-19,2019-05-22,2,6Y9JFYyGCcD34RJ7gTMcQM
Dalila,2,6.3,2022-11-12,2025-07-05,2,2d9l94V66SgMgvOu0DKdwl
Hodgy,2,6.3,2019-05-06,2019-05-06,1,3JmSzbvWBgEDehdgPosbYI
Joe,1,6.3,2023-12-28,2023-12-28,1,3UGNdLrhhsK0SY9gNqe8TT
Raekwon,3,6.3,2026-05-13,2026-05-17,1,5voQQgZzXmFkSvwbnx5qfe
박혜진 Park Hye Jin,2,6.3,2020-09-08,2022-11-13,2,4fOYETeXvq7Ub4E9FMY3JB
Dardan Leistra,2,6.3,2022-11-19,2022-11-22,1,27U2vAXaXKEFo3oaqYFqq3
Lyanno,1,6.3,2019-06-16,2019-06-16,1,78i2QPC8prEzftYZrBjKOM
Kahlil Blu,3,6.3,2020-08-14,2022-06-21,1,7pydPE1Tqcd2hOcU0g666d
Drowz,2,6.3,2021-11-09,2021-11-11,1,6FajJwsElIMo7GMd2T8NcA
"Medeski, Martin & Wood",1,6.3,2024-01-25,2024-01-25,1,26IapGXdI0m8nhHs8dRg8X
Kidz At Play,2,6.3,2023-07-10,2024-01-16,1,3aZ88edq7llf7kl3in3JV5
Dontcry,4,6.3,2019-09-13,2021-09-07,3,7cDlVNC3d0RRW4p2qmiMLm
Raulin Rodriguez,2,6.3,2022-01-14,2024-01-22,2,0OgX5NA7KFx8FCr5W0HYl9
PLAZA,2,6.3,2019-04-06,2019-04-06,1,3TrKVdGzzdS5JiLb2DTVBE
Okvsho,5,6.3,2022-05-30,2022-11-13,2,5Q66Zc9gAYGQPCaRWUgWUN
Gwen Stefani,2,6.3,2025-01-18,2025-01-20,1,4QvTOAIVxL3NGgrIYU97pj
Armani Caesar,2,6.3,2021-06-17,2022-11-19,2,127yb3oAuaGBgH8hoSV4Da
Keys Open Doors,2,6.3,2020-11-30,2021-12-28,1,1QjDtSyFQhYX9YB2h7xS8F
NAV,4,6.3,2019-03-15,2019-08-12,2,7zxRMhXxJMQCeDDg0rKAVo
Crwsox,3,6.3,2019-06-14,2019-09-13,2,4P6egy944SNDHl5BMJyVHe
East of Underground,2,6.3,2021-06-05,2021-06-05,1,7bbpg7SShcWLj1C8ABApb0
Cruz Cafuné,2,6.3,2023-06-07,2023-06-07,1,3UZQFk3N3ghIAMcHTrJQ9l
Deep Purple,5,6.3,2016-09-18,2017-05-29,3,5cXKhFw5kjRSfifazrnPbp
Phillip Wright,1,6.3,2019-03-06,2019-03-06,1,2Mh2ss3iIvAuSd6V6066W9
Vory,2,6.3,2022-11-08,2023-07-26,2,0W25rxWT08TRxHizqueBOV
Beach Weather,2,6.3,2023-02-02,2023-02-02,1,7DbdUf8aHSYoliSjO6LZv6
Barney Artist,2,6.3,2016-09-21,2024-01-23,2,2MQHi2is5NPRSBLcHGB2Fu
Rowena Fysx,2,6.3,2023-06-12,2023-06-23,2,6Xaq6pQGv71etJZNSFSGKl
Moderat,5,6.2,2016-07-21,2020-10-18,4,1Dkz8Iqes5umuhmX3cB6Xx
Jeshi,2,6.2,2021-10-20,2023-10-30,2,09Z3vqWLXnpCytqf3vZfEy
La Banda De Lechuga,3,6.2,2016-02-27,2025-07-05,2,4HSZVS72M5MXs9yFQX9irX
daniel hayn,3,6.2,2022-05-30,2022-08-16,2,0kAp4TveJqWs5F0zmzjDhy
Judee Sill,2,6.2,2021-07-11,2021-07-11,1,5qpWttDHZuzfoHuBIX5kRd
Justin Quiles,2,6.2,2023-02-02,2023-02-16,1,0otoSS2m3QjbDLzsHMobgK
Patrick Carney,9,6.2,2020-04-06,2020-04-12,3,5dV2mUBoEAQFXhgiptE9pq
Ego Ella May,2,6.2,2022-05-31,2022-10-04,1,2g4YSg91UejdoqGsteHNSy
K-OS,2,6.2,2023-03-10,2023-03-10,1,55fzx7xVGA17MQTY86J6vV
MFnMelo,3,6.2,2021-12-25,2021-12-26,1,7L556ClYRfonam3yC8Nenk
Ama,2,6.2,2026-08-04,2026-08-25,2,7ceXCl3ndsTFrH60P1c0io
Joony,4,6.2,2021-11-02,2023-07-05,3,4iLDN3yd3cIssxU5E4Lwv6
Parliament,1,6.2,2019-08-06,2019-08-06,1,5oWtZBMy3WFsyAnpd9PMAT
Maurice Moore,1,6.2,2019-03-06,2019-03-06,1,5lLyMC0VadHZo9VMmFKbPZ
John Robinson,3,6.2,2020-03-04,2020-03-06,1,0XhhtvR3BYqfg9JM1jM9Cb
Opraah,3,6.2,2022-11-19,2025-01-04,2,1x1Ku0tBCuxlU9OCQVKod9
Sly & The Family Stone,3,6.2,2021-10-26,2021-11-04,2,248duoFk1LhS9s1R8Foahi
$ilkMoney,3,6.2,2019-08-06,2021-07-13,2,7uTNrj5hlcRrctakrHtDgh
Kidd Keo,4,6.2,2017-08-03,2018-01-07,3,1nSQmP6kneFD4moL1Op778
Spirit Minds,3,6.2,2022-11-19,2023-09-15,1,3d1399HgDr0DSrnmd2EUIx
Mike Dimes,2,6.2,2022-09-03,2023-07-26,2,3lcJOGpwiiLN7SjhV1UK9J
Kamada,3,6.2,2024-05-17,2024-05-17,3,4YxsIx5RiFAZXcnCDglbZr
NiNE8,2,6.1,2020-11-29,2020-11-29,1,10aJiOBX2LamSEc6J8x3oO
Cal Tjader,2,6.1,2022-03-15,2022-03-15,1,4OBfJlwOfYoRs2uqjQCzUG
Paul Grant,2,6.1,2025-05-20,2025-09-15,2,5XyuVe71LH78hXcqTqm5xY
Azizi Gibson,2,6.1,2017-11-24,2022-01-18,2,21PmKbhk8SsEgIEfDCDjvw
Rx Papi,2,6.1,2022-07-09,2022-07-09,1,7ll8Uu52HW3btThoxB3osN
Kari Faux,3,6.1,2016-08-02,2022-06-16,3,5hDwVwRdgcC4msudLCoapL
PawPaw Rod,2,6.1,2021-07-22,2023-06-23,2,0nWiDgx8LrFDxTF1dKNGhp
Jimi Tents,3,6.1,2016-06-22,2016-09-08,2,2McRkFVV5T1Uw7EarrkcwX
Crystal Castles,1,6.1,2015-08-03,2015-08-03,1,0HYnVkjxE96bN6cN6z0UiU
La Base,2,6.1,2022-11-12,2022-11-13,1,6A9DihD83oqsUF6dC9PuAi
Sonnyjim,3,6.1,2023-06-12,2024-09-16,2,4bceNdxoHAGkEhwldRadmL
Deb Never,3,6.1,2019-07-15,2020-09-04,2,1lZI25Fu80HU0Bm0m5s77i
benny blanco,3,6.1,2019-03-02,2019-03-02,1,0v56EFhzpi5Gs5zeGx3IGO
Sen Morimoto,1,6.1,2019-07-15,2019-07-15,1,1z4DPOVwQxj2HSuXQYnoKO
Gabby Laurent,2,6.1,2022-11-19,2022-11-19,2,1Yf6Ai3nlvtlvELD2IguA8
JGrrey,2,6.1,2020-05-08,2020-11-29,1,70H1J2Wez5861Vyg5Pz9c6
Jozzy,2,6.1,2023-06-07,2023-06-07,1,0UqV4f9Uyp1EwM5jxXex36
Los Amigos Invisibles,1,6.1,2018-03-08,2018-03-08,1,5n8uRcZ9Nm3EuBIpCiBjOk
DJ Khaled,4,6.1,2019-12-22,2023-12-06,2,0MDimlSjIqH6zMGqpfJAew
Lord's Child,2,6.1,2021-12-26,2021-12-26,1,4I5dVjz3Uwqmgb4Wzmupn6
Peteco Carabajal,2,6.1,2025-07-24,2025-07-24,2,0r6ZLb3EilxfAogZa99cuL
TJ Brown,5,6.0,2016-09-19,2020-03-05,5,4Q7qOcH4syz5HYVk6pdbiv
Isabel Parra y su Grupo,1,6.0,2021-11-02,2021-11-02,1,1aSnAzc9JErHzM04eTai0r
Lucy Rose,2,6.0,2025-09-05,2025-09-05,2,1E6cDg8Jap75feyEa2V4XA
Ismael Serrano,17,6.0,2025-05-24,2026-05-02,1,4RxmuIiswv0OmZ85CZMhPc
Bathe,3,6.0,2023-09-09,2024-12-27,2,3CvplxSl3Mj1rNlw4IaBr2
Fran Azorai,2,6.0,2022-08-15,2022-08-15,1,2scm2AwSXMcbS3aLNNSofS
alt-J,3,6.0,2019-06-11,2019-06-14,1,2gNFtXlsoAkVBhDjinVWXg
KYNE,2,6.0,2019-04-24,2019-04-24,1,4HQ6w616zgeQ5vFokDOxar
Jazzy Bazz,3,6.0,2019-06-04,2020-06-16,1,25rbhXgDxiONgXtmZv6f1a
Heart,1,6.0,2016-12-08,2016-12-08,1,3FW5JjAdRIeCCRxoj8Uohe
Kazam,2,6.0,2019-09-13,2019-09-15,1,0LXvOQaUzxthzpQqXuVuJt
Chris Mazuera,2,6.0,2020-03-07,2020-03-07,2,4elFAtcRs6jScW6Fyc0dSS
Chet Baker,2,6.0,2021-07-11,2021-07-11,1,4gFlHAye7To29Fs4UszQUH
Hope Tala,2,6.0,2020-06-16,2021-07-29,2,13z7RLPmgupzRwQY9NiTZU
Fuego,4,6.0,2019-03-06,2023-07-09,3,4qajjURlmtTy1dRrZ3qowl
Gloria Jay,2,6.0,2019-03-07,2019-03-07,1,5oeL6Qnnlg4x789IMHQyl3
Balue,3,6.0,2016-06-28,2016-06-30,1,1DBkGLzWwGFdap1hRbpolr
Kasper Lindmark,4,6.0,2019-09-13,2019-09-15,2,7LPLcfyDuZgOoaYu50lFRy
Giraffes? Giraffes!,2,5.9,2016-06-29,2016-06-30,1,6svSukdIhpKDFaFJNrblJ4
Kevin Ross,5,5.9,2022-10-05,2024-12-27,2,5WRdTeRVq1UdKq9ydLGfcT
Hiroshi Suzuki,1,5.9,2022-07-09,2022-07-09,1,4RsL2ZlU4P0CIKDrOwQkzz
The Lew Howard All-Stars,3,5.9,2021-04-20,2021-04-22,1,5452MwhVA67RkZBcnr88WQ
Open Mike Eagle,4,5.9,2016-07-12,2022-02-28,3,7fjLBPTsQrbkV2WRedi2bw
Matthieu Faubourg,1,5.9,2019-04-28,2019-04-28,1,09FhTsmePmERV5mWBpYBOH
Chewii,2,5.9,2020-08-28,2020-09-21,1,5PMR8jxKDmFG8LPbtt9CyU
Django Django,1,5.9,2016-07-04,2016-07-04,1,3FA2UQC1CRzD66ZHoD3PuR
Blaccmass,2,5.9,2020-05-08,2021-10-26,2,7JP9AdrfI6SHAmylO3i8l4
Yaeji,2,5.9,2019-05-30,2020-06-01,2,3xvezCCOHRAzgtt4bfYnhj
Chiiild,2,5.9,2020-03-18,2020-11-16,1,5BfvUt5ztFuAyhWjgWzjr1
Azymuth,2,5.9,2021-04-24,2022-08-16,2,32QTkysuubJuk0I59MQ339
Distant.Lo,2,5.9,2019-09-13,2019-09-15,1,6fOJMz3tuZHrQagZgq5aDq
ODRY,2,5.9,2014-11-18,2014-11-18,2,4dKqBAsMefVRVogUhTXcRc
A Great Big World,2,5.9,2017-01-27,2017-01-27,2,6Vc5wAMmXdKIAM7WUoEb7N
Macaco,25,5.9,2014-11-18,2026-08-15,2,1Qypv0IvYTc3pFZVVKiczs
Hare Squead,2,5.9,2017-09-25,2019-03-02,2,5dlZero0Alg0iLaIYWbVUP
Meltycanon,2,5.9,2021-07-29,2021-07-29,1,2PtUYPkHvt9ErEbU9vuGDU
Los Gedes,7,5.9,2016-12-24,2017-06-11,2,6eXYHqqR2hSP64zSX0yjwK
Godriguez,2,5.9,2022-05-19,2022-06-16,1,5kVgxA0BJmq74Uf4ILx7uM
Avenoir,2,5.8,2023-10-30,2023-12-06,1,2MJlhN2OockKCadeGS4AEP
Heatwave,1,5.8,2021-04-28,2021-04-28,1,4ObtCddd94XbJcsF2RSgWu
Zombie Juice,2,5.8,2021-10-12,2023-06-07,2,3oqPlAAVT9JM9oF1TVfQzD
corto.alto,2,5.8,2025-09-15,2025-09-15,1,26r5hoIx5hDUY9b4tDisHx
Dirty Art Club,2,5.8,2016-07-21,2021-02-26,2,75W4Jn52bxY6NcXoojL9vf
Vilma Palma e Vampiros,1,5.8,2018-03-08,2018-03-08,1,2mBpqtoVKLzgccfvqUVFpO
Cint G,3,5.8,2026-08-26,2026-08-26,3,0UZje3r1UrJljSdN8VdIUa
Wünsche,4,5.8,2019-06-14,2019-09-15,2,3fI1DEUK7gml9W6iFntNel
Kaash Paige,2,5.8,2020-09-04,2022-03-25,1,6u1v9cXC7AtUIVH2DUY4XH
Bag Raiders,2,5.8,2017-04-30,2017-04-30,2,2lZHCWCUkxLuQ5skJhkoyS
Alex G,7,5.8,2019-06-04,2021-06-05,1,3oN69OOE109XTs6KP9dcPd
Fiona Apple,2,5.8,2020-06-15,2023-08-22,2,6PNvv1dmDbOWrAYwEcuKBX
Nosaj Thing,8,5.8,2016-07-12,2024-06-06,8,4YFQvzh4KO7Fom7PLsYbEc
Oatmello,3,5.8,2019-06-12,2019-06-14,2,3Vnpn5njjNcqw2RmoamR16
Rosa Linn,2,5.8,2023-02-02,2023-02-02,1,76OGwb5RA9h4FxQPT33ekc
Cash Cobain,2,5.8,2023-04-05,2023-04-05,1,0npNB4EY4DNzt9LBXV0w6X
Roze Oficial,2,5.8,2025-09-19,2026-08-26,2,6X8DTIJEgHUjZynuds0E2f
Los Huayra,2,5.8,2025-07-24,2025-07-24,2,5zoqKvQ83lGJHqR8fgTaMp
Katrina & The Waves,380,5.8,2020-06-06,2020-10-13,1,05wIrZSwuaVWhcv5FfqeH0
Starvue,1,5.8,2019-03-07,2019-03-07,1,6ezCprJ3jhksdjlRqc0nQw
Havana,2,5.8,2020-04-12,2020-04-12,1,7buwzL5dUclzp1GXxHbqov
Californian Group,2,5.8,2018-03-08,2018-03-08,1,0olgAAz1uFzTxgnk8t1icy
Sidonie,26,5.7,2025-05-24,2026-08-15,2,2NWWhvKfxY7jVG2PH5F5CY
Gwen McCrae,1,5.7,2022-11-15,2022-11-15,1,4rS4K30qVDExdjeU4feF4c
Swans,1,5.7,2016-08-05,2016-08-05,1,2wPJFjghtjN5PBqQOXutiv
Juana Aguirre,2,5.7,2024-07-09,2024-07-09,2,32z13T7GZPwoKDTUlYFLGO
Ohana Bam,2,5.7,2023-03-10,2023-03-10,1,5KdaVIY7hEcT6GndINw0eI
FLO,2,5.7,2025-08-18,2025-08-18,2,49NRBGk0YnwdVVg4eKZwCF
ABBA,4,5.7,2018-10-03,2018-10-04,3,3vkQ5DAB1qQMYO4Mr9zJN6
Rahul,2,5.7,2023-03-10,2023-03-10,1,7rVeOpYLHAS5luBPIv79t2
L'Orange,2,5.7,2016-08-29,2016-08-29,1,7aUyoBq5hL3qbLgM1KE2ro
Omaure,4,5.7,2019-06-11,2019-09-17,1,1BL1aVDLeEhe82PuOsIS47
Dela,3,5.7,2025-01-03,2025-01-13,2,7hb2hEHV71IqQFz3WrhAUj
The Family Circle,2,5.7,2022-05-10,2022-05-10,2,7BwERqkAhmhvaGeaIusL6M
Jerkcurb,1,5.7,2020-03-18,2020-03-18,1,26uu6uxVb5ck1vYhXDIrPR
Chromeo,2,5.7,2019-04-22,2019-04-22,2,2wzsaUL31aQAna0Rnd82mM
Tan Bionica,2,5.7,2023-09-14,2023-11-05,2,7ESKEiE8LRLrDwdS2ZgUiR
DJ Detective,2,5.7,2023-04-05,2023-04-05,1,0tTOyAux5M7R9uuy52kCt5
Kev Brown,2,5.7,2021-01-18,2021-01-18,1,3axd6nS2OpTthBIv7Fv8LB
Cisco Swank,2,5.7,2023-05-31,2024-07-29,2,7mVDDe0DVooFn6G8dWdO85
Ariana Grande,5,5.7,2017-12-16,2026-01-18,5,0S4RKPbRDA72tvKwVdXQqe
John Lennon,1,5.6,2025-07-18,2025-07-18,1,7xsr2OppItxPB4whucYr2G
Reflection Eternal,5,5.6,2016-07-04,2025-01-28,3,1l7xvA5XajmKQDo1h8Vc3K
Fazer,1,5.6,2020-06-17,2020-06-17,1,2fYcpbTFptY9uRcaY56NRu
Joe McDuphrey Experience,1,5.6,2021-05-05,2021-05-05,1,62BAUowDhqEc6Hl4npi4vD
Auxelia,2,5.6,2022-11-19,2022-11-22,1,58ODMaEmUCpk5bU7qoHLDD
The Jam,2,5.6,2021-07-11,2021-07-11,1,2R5zO3Zi0Of0v1DyxusWbk
Julian Casablancas,1,5.6,2016-07-04,2016-07-04,1,1k4OsQujxXPLij0ZsTFlMx
DECAP,2,5.6,2021-12-03,2021-12-05,2,7yPmwtsoVzirhagDJTkdJU
Asmr Nathalie,6,5.6,2017-02-17,2017-02-17,6,7Gl2Tb0CFsLmpHdofGQl56
Ateyaba,2,5.6,2021-11-02,2021-11-02,1,6PWMAoEaU4ih0ZkPmWgDIJ
Ashton Travis,3,5.6,2023-04-05,2023-04-12,1,5kRAI8FU35oY52jn8xwrI0
keiyaA,3,5.6,2020-08-27,2022-06-16,2,0enN8Wl6zLyCG4jEv87Bv0
See You Next Year,2,5.6,2023-03-10,2023-03-10,1,5Y7JSViHddInvnscslXiu3
Wolfine,2,5.6,2019-06-16,2019-06-16,1,3njYteZvn759aNUXMCxiRX
Fa cundo,2,5.6,2022-08-15,2022-08-15,1,3wK7zRAZpgQJbHYN2voQy9
Creedence Clearwater Revival,2,5.6,2020-04-27,2026-02-12,2,6z2AyfE9GZxoHqJVSA4NgN
JM7,2,5.6,2021-10-20,2021-10-20,1,5lz01VsaXD6hBvr3ekqJGT
Peyton,2,5.6,2021-01-18,2021-01-18,1,4yurN9uKsooqpAjMhfPfRh
Glue Trip,2,5.6,2016-08-29,2022-06-24,2,6WvESq4vEfCqsVCiWl5o8t
@Peace,1,5.6,2016-07-21,2016-07-21,1,58CPFKDvQHlm5g4PjQTtUt
Stretch And Bobbito,1,5.6,2021-11-09,2021-11-09,1,0m1UUZzotJS7yCtlYzJdeM
Brad Mehldau,5,5.5,2016-09-12,2016-09-16,1,367v0W8xNxj1QrzZAKDj6u
Lolo Zouaï,2,5.5,2019-04-06,2019-04-06,1,6HMJztEGXVZgkPICDvH2yx
Prime Society,1,5.5,2023-03-26,2023-03-26,1,4ZDWgNBrQhooVAzG5eitvY
Bktherula,2,5.5,2021-10-12,2021-10-12,1,1d6GYOvw2MBTQpZwU3gNYi
Dam Swindle,1,5.5,2025-05-20,2025-05-20,1,1OCyvBDbH188HXsv59Cy8I
Mack Browne & The Brothers,2,5.5,2020-03-23,2020-03-23,1,3tuDCFSxG2W6XIJKhS0hcX
Zen Meditation Garden,1,5.5,2022-11-19,2022-11-19,1,6Ju1cRnaWq0PU3NDFuUths
Skip Marley,3,5.5,2025-10-24,2025-10-25,1,6jQB97LaIftgb81KhkisXl
Eduardo Falú,2,5.5,2025-08-23,2025-08-23,2,4PjSNFEVc8acXgSXl321WT
Liquid Liquid,2,5.5,2020-01-25,2020-04-28,1,5ISPoYHI87FmHKV5mVS514
The Olympians,2,5.5,2022-11-13,2024-04-16,1,6D3hbXkR1LLzNUquRznIZE
Gabriele Ducros,2,5.5,2021-04-20,2021-04-21,1,6D68xdaG7IKsxqIcQPtpnb
LUPE,2,5.5,2022-05-02,2022-08-15,2,1G9IcSJSMDes9bAdElgalh
Ski Mask The Slump God,3,5.5,2019-02-04,2024-04-05,2,3nTDO6k4R6i3FpKx0QNgJ5
VRITRA,1,5.5,2023-06-12,2023-06-12,1,2xkPKXubjwz6q3zNXkFeta
Kodie Shane,2,5.5,2019-08-08,2019-08-08,2,7m60tOsgFlWoLTk1Y8zAHJ
Love Apple,1,5.5,2021-12-26,2021-12-26,1,1WIGxI0OteM7GgrmMV2oht
DJ Tao,4,5.5,2022-11-12,2024-08-31,2,3fUZbg31mIJKIxuv8nUcGg
Josef Leimberg,1,5.5,2020-08-27,2020-08-27,1,4wnUdK1yiVyPrUuBkarruF
Pa Salieu,2,5.5,2020-04-26,2020-11-29,2,5kzrBAsrJLkFJuKLh7Dn5y
Pino Palladino,1,5.5,2024-01-25,2024-01-25,1,0PaYje2xvdnwi3GmzUCNPx
Marco Bernardis,2,5.5,2023-03-10,2023-03-10,1,5I8RUR4CIn6AwTXw1hhFPf
Caroline Polachek,2,5.5,2022-05-06,2022-05-06,2,1uBC1U3los3X6UI8X9e3hj
J E N,2,5.5,2019-06-11,2019-07-05,2,4GAYBe0UV3dAjzwmmjFSiJ
Davishmar,3,5.5,2022-06-12,2025-01-04,3,7nBwYGojA7Lvj2MMd2T4rP
Ion Dia,3,5.5,2023-07-14,2023-09-15,1,7KTPLShpRc7m6091ywTrjU
WORLDWIDE MUSIC GROUP,1,5.5,2021-10-26,2021-10-26,1,6TvhRsP5OlCWQxK6aoAuDS
Dusty Springfield,2,5.5,2025-03-23,2025-05-07,1,3MtP9T0WF4xbIo8vqHYeXM
Lionmilk,1,5.5,2022-02-07,2022-02-07,1,48bhKKdoFU53JqWCthdNbz
Mitski,3,5.5,2022-05-30,2022-05-30,3,7fd3aMiuwHWKsTdZafjOfZ
slenderbodies,1,5.5,2017-01-03,2017-01-03,1,6UZi4d7K1gzkGvmnbb0FJC
Dolly Parton,4,5.5,2026-06-04,2026-08-26,1,2SpEHTbUuebeLkgs9QB7Ue
Brainstory,3,5.4,2022-05-02,2022-08-16,3,33QyoRmhHKADVNXnn4VgvY
CjayQ & glibs,2,5.4,2019-07-15,2020-11-29,1,6rAUkkM3deCh5yuyaM3Znp
James Pants,3,5.4,2016-07-04,2022-06-19,3,3ao3Fhs2gxG61D7YrfRy5Z
Yona,5,5.4,2016-09-12,2016-09-16,1,2zkm7HqpwuMS01UjebUvGG
Grandaddy,1,5.4,2022-02-15,2022-02-15,1,5LgEIO8N869qNgadqXCb2L
Benét,2,5.4,2022-02-28,2022-03-02,1,58nLMb5qqqwvfechq107Oh
Chris Patrick,1,5.4,2022-11-19,2022-11-19,1,444MCQH5Z8CUi7QD7zVcb9
Dre'es,1,5.4,2021-12-28,2021-12-28,1,2mCpXZIcN6Ywhq3Lt6ve7Q
HYUKOH,1,5.4,2020-06-01,2020-06-01,1,6X3V7JD1RwcaauVedIXxgJ
The Kills,2,5.4,2016-08-08,2021-12-13,2,6H4IX21JUQ87XjaQKaGHmy
Chris Anderson,1,5.4,2020-09-04,2020-09-04,1,7F5WmeTO6vjG0v8xooBDEe
Miraa May,2,5.4,2019-02-04,2019-02-06,1,1eysgqkitOXCQRCMjRu42E
Sylvan LaCue,1,5.4,2023-07-26,2023-07-26,1,0MZND9BQd8RQA3p3N40un8
Jerico,2,5.4,2021-07-12,2022-01-18,1,1yZYvvkqA3amNKE9Kp4LBf
AYOCHILLMANNN,3,5.4,2021-11-15,2021-11-19,1,0TLJl8iw6cbxYfk5aPKLR9
Six Sex,2,5.4,2025-03-23,2026-06-25,1,0hrrIKyJYc5BNLOn6zsCE6
Quarteto Em Cy,2,5.4,2021-12-26,2021-12-26,1,4iVpZVKaPUnMhEagBOIIuI
Carlos Vives,3,5.4,2017-01-28,2026-02-20,2,43it4kot08akLzFIEMhXNN
Yawning Man,1,5.4,2016-07-04,2016-07-04,1,1GETRg8ccqhORELGViG1Km
Meechy Darko,1,5.4,2023-07-10,2023-07-10,1,0tOeHPjaB22chZyHd4NmFP
Hubert Daviz,3,5.4,2021-02-07,2021-02-07,1,3NRYnSIm0GxAioDJyh2ftV
BIGBABYGUCCI,2,5.4,2021-11-02,2021-11-02,1,2d6m3zT6jAcWcCUp9rAxX3
Mayer Hawthorne,2,5.4,2021-11-23,2021-11-27,1,1EpeBT5fYD7eWL8jLiqlMz
Dopehead,5,5.3,2016-09-12,2016-09-16,1,22bluEejqmw2feNxZPlC0V
Limes,2,5.3,2019-09-13,2019-09-13,2,6o9XlNBrB90h21gxnfN9tF
Jorginho Gularte,1,5.3,2026-02-10,2026-02-10,1,2zzGusC3mwl7UwNiJ8TQwA
María Pien,1,5.3,2022-05-02,2022-05-02,1,3TIy0IH3GIA331EKFxKfdm
Mack Keane,2,5.3,2023-04-05,2023-04-05,1,2MPxCsBRuPOS8YVa0L71Xy
Jhove,2,5.3,2019-06-12,2021-09-07,2,1ps4vkLm4iXXaVhkx5XF8e
ChiChi Peralta,2,5.3,2026-02-20,2026-02-20,2,7guVlnmdqpcFjJmwP6RSRr
LOTTO,2,5.3,2022-02-07,2023-10-30,2,7HRYvJ3GB3TeaaiZox4azU
SamRecks,2,5.3,2022-07-09,2023-10-30,2,5WAMHyec9GXj0P4E1qnCJk
Zack Fox,2,5.3,2021-10-12,2021-10-12,1,2R711v6UpsgYvDuzCJ1iSl
Nicolás y los Fumadores,2,5.3,2019-05-06,2019-05-06,1,4eS7oYMIInNf7y98zDvY40
dj honda,1,5.3,2020-08-14,2020-08-14,1,5BAwVGuohBVscZWyoLCkkG
Chosen Few,2,5.3,2019-03-07,2019-03-07,1,3p2h6wrksYiKPoyOgboUnW
halberd,4,5.3,2019-06-11,2019-09-13,2,7BdazOnsFvAkQGyrp2djJM
Steve Miller Band,2,5.3,2016-09-30,2020-04-27,2,3e0FzZjTXOUtiJGSClOBrI
The Coup,1,5.3,2020-07-10,2020-07-10,1,2YC0oTQhwtJPW3Xb4EuVi7
Twista,1,5.3,2022-02-17,2022-02-17,1,3A4cpTBPaIQdtPFb5JxtaX
Estelares,2,5.3,2023-12-28,2023-12-29,1,6cFf4Jfy7ThUwGzbqFcZsx
J-E-T-S,2,5.3,2020-04-06,2025-07-28,2,5dxipWoXJjf67EWMUhXwWz
Emerson Kitamura,1,5.3,2021-07-11,2021-07-11,1,0MsDLUnJUO2FmChnspNKP7
Zanto,2,5.3,2019-04-17,2019-06-16,2,5Z4t58Sjs5fFj8LhlaQu8d
"Lone, the Ghost",2,5.3,2021-12-26,2021-12-26,1,1GpZofCtuWj4adPQLqpeFw
Matt Citron,2,5.2,2017-09-21,2017-09-21,1,4zbXWaUGsZYIHnspRy2gRe
French Montana,3,5.2,2019-05-09,2021-10-26,3,3B54sVLJ402zGa6Xm4YGNe
Los Charros,10,5.2,2017-01-28,2023-11-17,8,6z6aUQtuqZzq2tbyVwHO6n
Lalo Rodriguez,1,5.2,2022-04-09,2022-04-09,1,5mg6sU732O35VMfCYk3lmX
BØJET,2,5.2,2019-09-13,2019-09-13,1,3Izj0JRa1iVoMToDqDCYsr
Kem,1,5.2,2023-07-11,2023-07-11,1,3HoyAX58MUIBFCNmhMliHy
Fatb,2,5.2,2019-09-13,2019-09-13,1,28pBqrTB7GpH2oGqgeyg7L
NewJeans,2,5.2,2023-02-16,2023-02-16,2,65FftemJ1DbbZ45DUfHJXE
Mila J,3,5.2,2022-08-24,2022-08-26,2,02Xk1Aow5aESDQVaMaei9f
cityboymoe,2,5.2,2021-11-01,2021-11-02,1,1YtZnDNMYltW0UtD2jSgts
Connie Laverne,2,5.2,2019-03-06,2019-03-06,1,6SUmbOhYmqcqH39rdFIGtL
Laffey,2,5.2,2021-09-07,2021-09-07,2,5qiQbcAUPqsZsUgN9zNsKs
Policias y Ladrones,2,5.2,2022-05-02,2022-06-10,1,5wYliyZ7Zf59vy1RJW6enS
Huguito Flores el Super,1,5.2,2025-07-05,2025-07-05,1,79v3sImuaCmWvOn1Au1EZU
Atmosphere,2,5.2,2016-09-28,2016-09-28,1,1vMM8ZJL9T2XHSwo7V5aL5
Althea And Donna,5,5.2,2023-11-10,2026-03-17,3,7gJ0NcWavWf09x3Zl49Ea5
Connan Mockasin,1,5.2,2022-01-18,2022-01-18,1,7tfwCL29TQ2j27f4N5LKI5
The Ethics,2,5.2,2021-11-18,2021-11-19,1,2CkinP4BBBT1BohhTjD350
C4C,2,5.2,2020-03-07,2020-03-07,2,1oqYVpmmliXObp0cCdZwFx
Catupecu Machu,2,5.2,2015-02-11,2017-01-27,1,3z5F0EaY9VCq9GiQPzrbDX
Clever Austin,2,5.2,2020-08-27,2022-08-16,2,09qiIy1PqBtF8Jwo68xjVB
Jesse Jo Stark,1,5.2,2021-07-11,2021-07-11,1,7M3txFiUnjpSbSc0axEUyW
Floyd Fuji,2,5.2,2022-06-01,2023-06-23,2,5enMs9HhVONWrSgVw7ra8f
Bousmara Division N°1,2,5.1,2019-04-06,2019-04-06,1,2sOXTNjnzHbzP7GK9OaLvi
454,1,5.1,2021-02-01,2021-02-01,1,4nMh9zhSlFnUj6vF8mG7IM
Jackie Venson,1,5.1,2021-11-24,2021-11-24,1,6ol3k9BqQi7tOX98KPnVPa
Sea of Waves,2,5.1,2022-11-19,2022-11-22,1,4PDuAWcBrtLPRce5V33hHK
Rosa Passos,1,5.1,2024-12-31,2024-12-31,1,3Zt1ziRYn8ABtqaApKGIcr
Xori,2,5.1,2019-06-12,2019-09-13,1,1RBN6qUB7t7Nhbbz76IMCs
Modjo,1,5.1,2025-03-23,2025-03-23,1,49X0LAl6faAusYq02PRAY6
S.Maharba,2,5.1,2021-07-12,2021-07-12,1,0LuCswQI54QlK6EVez06Bw
Shabaka,1,5.1,2024-07-29,2024-07-29,1,3IiaROiVHOVkwfX1DCHM31
Beowülf,3,5.1,2020-04-12,2020-05-05,1,5qbWgH6xs6CUkua6tG2BNP
ARZLEE,1,5.1,2023-09-15,2023-09-15,1,17JRMK24uKI8fjiFLhCo9U
Ryan James Carr,2,5.1,2025-02-14,2025-02-14,2,1BjU2u3ViENZyHiNNAMG5r
Danger Incorporated,2,5.1,2019-03-11,2021-07-22,2,2aPl6mmrGlcvxsh62bbcDW
Tei Shi,2,5.1,2016-01-15,2020-05-24,2,73sJkLTbfC5BTUUjR9tpCS
V.C.R,2,5.1,2023-04-05,2023-04-05,1,1o1bEFROirftkoCx4x7hbc
Nix Northwest,2,5.1,2020-04-16,2020-11-29,1,6yJCYgtutkJMfEZgvGKOVb
Punch,2,5.1,2020-05-08,2020-11-16,1,591PtBphKuOvo1FrUxt0Fn
AUDREY NUNA,2,5.1,2020-03-23,2020-03-23,1,63kJcTnJu3qis6h5MX2nnB
Zion & Lennox,2,5.1,2016-02-28,2019-06-16,2,5gflgO9EPbIBf16n5TKnQS
Flozigg,2,5.1,2021-12-30,2023-09-10,2,34dEWnWlThEqkHiASAy0ks
Psalm Trees,2,5.1,2019-09-13,2020-03-07,2,5KvmNZtjXCaJT4C9pxWex4
M83,2,5.1,2017-02-05,2017-02-05,1,6GyFP1nfCDB8lbD2bG0Hq9
Delegation,2,5.1,2019-03-06,2019-12-28,2,3TiCuJiisBOB9HzKAM6FDG
Masked Man,7,5.1,2019-06-11,2019-06-12,1,0pIvv7PZvKixLzC8EMxcq8
ssjishmael,2,5.1,2020-11-02,2020-11-02,1,6MrluA4EL8z3LUhI5w8cFY
Dexter Wansel,1,5.1,2019-03-07,2019-03-07,1,5YrQDMfPNkLHzHYVmolSk5
Mila Harper,2,5.1,2022-11-19,2022-11-22,1,1Xs8qLgBD1IeblneE69YsV
Paradis,1,5.0,2020-10-18,2020-10-18,1,28TU5QBtimczFlllih8vE8
Wildhood,1,5.0,2017-09-21,2017-09-21,1,0E4Y1iG5qGVxQlmtd6dG07
Sting,1,5.0,2019-04-12,2019-04-12,1,1X3Vb1oIAW6Ee22JZAEi59
Choclock,2,5.0,2022-06-10,2022-06-11,1,68Zpl89dELC7le6tFlsU8s
Franco Battiato,1,5.0,2016-07-21,2016-07-21,1,6GVCS3fxlAe5Uyp0irdeS6
RÜFÜS DU SOL,1,5.0,2016-12-02,2016-12-02,1,5rpx047aanR0h9Rfp1wgBB
Asanović Tihomir Pop,2,5.0,2021-04-21,2021-04-22,1,5KYmUMelLqi0EdO579xuxR
stoop lee,2,5.0,2024-03-26,2024-03-26,1,0fpezCsCOmR22MdRQkrviN
Thouxanbanfauni,2,5.0,2021-10-12,2023-07-26,2,2CxjDTsUBmVlcMjjy2UETJ
Camoflauge Monk,2,5.0,2020-05-24,2020-07-11,1,56C9bIHovxXrHb3smYMX8d
IL Tano,2,5.0,2024-12-26,2024-12-26,2,1RGl0QyEY7SVV3yx4IJLYm
George Michael,1,5.0,2018-11-20,2018-11-20,1,4jDmJ51x1o9NZB5Nxxc7gY
TAICHU,3,5.0,2021-11-13,2026-08-25,2,1HMcrQaGJ7tkeZ1t0JXXLj
Luke James,1,5.0,2021-07-10,2021-07-10,1,07RKtQeEIpysXlxoeTK4Hx
Aaron Childs,2,5.0,2020-07-18,2020-07-18,1,4xC3EWDjwlWS0L62QZO9F8
Blanco Palamera,2,5.0,2022-08-15,2022-08-15,1,6iF0aZvLPZTm78hCJyWRqv
chinwezz,2,5.0,2022-08-15,2022-08-15,1,7ePKk28ykbrgFotRPKKorW
Audioiko,2,5.0,2019-03-26,2019-03-26,1,5PoC7UjozHs1P2YSsxPtmx
RJD2,1,5.0,2016-08-29,2016-08-29,1,6gifrVamdnrYxkXPV6ul0k
Hudson Mohawke,1,5.0,2020-11-30,2020-11-30,1,30QzZstR8X3hbhT3F0W6Kl
Teresa Parodi,2,5.0,2025-06-29,2025-06-29,2,2KVgvEa5KCDgHwsPvdElSw
UNKLE,1,5.0,2015-08-03,2015-08-03,1,5WRn4yLpfAMerAH5zaiHO0
Mark Generous,2,5.0,2019-11-12,2019-11-12,1,6cgFqHAUzNYeTanYTJPf6c
Deradoorian,1,5.0,2016-06-29,2016-06-29,1,7BXPB6ZUjj68vIQzq3U4VQ
Daeho,1,5.0,2017-09-21,2017-09-21,1,7KCYciMIoMqtXgmoevbpr0
Pentagon,3,5.0,2020-01-29,2020-08-24,1,5zJWRDohBVAB1D4X41EIQ0
Jim Legxacy,2,5.0,2022-07-09,2023-07-10,2,7wg7X9UwOLhMkOdN3nvdoL
Spencer.,2,5.0,2022-01-11,2023-06-23,2,5EU5T4pvPG6Bedaepnhhxk
Adult Jazz,1,5.0,2016-07-04,2016-07-04,1,0z4o7GgQW8DEQ56mMu6Elv
Cotton Jones,1,5.0,2016-08-29,2016-08-29,1,0BeAL5sGX7mxLNDWUJ36Ci
Shygirl,2,4.9,2023-08-22,2023-08-22,2,3ed5gMzocnaLWCvljQdCwe
Made in M,3,4.9,2019-06-25,2019-07-04,3,3izuaLqYKLPLargJXoErNk
Sal Houdini,2,4.9,2017-08-25,2017-08-25,1,19khIlHUJY5nEsS1aFIdlQ
Mr. Muthafuckin' eXquire,1,4.9,2021-01-18,2021-01-18,1,23rvx8Jjqkg2FsrF5tLsNK
Melanie Williams & El Cabloide,3,4.9,2022-05-02,2022-08-15,1,2T1g1V41vJ06rgVGMpBXMZ
Nill,2,4.9,2021-11-09,2021-11-11,1,73W3MxxTA0XatZjoETfenP
Justin Timberlake,4,4.9,2020-07-29,2023-08-26,2,1AWQoqb9bSvzTjaLralEkT
Brittany Howard,2,4.9,2020-08-27,2020-08-27,1,1Wxm52rh9ZSuuyChqBilbs
YHANDI,2,4.9,2025-09-12,2025-09-25,2,04IlCt2iWrsbY5TsqNm5Ao
Swell,3,4.9,2016-09-12,2016-09-16,1,6tuZKBiS1p6Ig0UtC0ii0Y
Rosie Lowe,3,4.9,2023-07-12,2026-08-25,2,4HNeLKW804ajGc5h41GtHE
Augustus Pablo,2,4.9,2021-02-01,2025-10-24,2,5EVhXp775ZZT1xKDoSlI24
Azamiah,1,4.9,2024-03-26,2024-03-26,1,6yZ6lL94pstQD0AwvfXKd8
StackOne,2,4.9,2019-06-14,2019-06-25,1,38lWgLPBoLVEwqk7XZkEPI
Aterciopelados,1,4.9,2018-03-08,2018-03-08,1,4JbaHnHxPaMXQG1NFT1Nem
Eddie Dee,1,4.9,2019-06-16,2019-06-16,1,16KDdey3vnSBWwqUZoe1cT
La Mona Jimenez,5,4.9,2017-01-28,2017-03-03,5,06WHI8UMxwVatRUuJwrOhp
Cate Le Bon,1,4.9,2020-04-28,2020-04-28,1,56L2WFrZxHPCsGdTwGHcDR
Kreaem,2,4.9,2019-06-14,2019-09-13,2,46N9IILP2ONEWEoj5JWgrc
DJ BJ,1,4.9,2017-09-21,2017-09-21,1,4DVoKxkuEt29vZMVN1pnar
Playyard,2,4.9,2023-10-30,2023-10-30,1,5OD8PgrPPJmkOq79sMeNfm
Bellah,2,4.9,2021-10-12,2023-10-30,2,4HB9GHrm8VvizUlbV6VnWg
645AR,3,4.9,2020-09-17,2021-05-02,1,092rfWVlz3tFzGRIOlofm2
mndbd,3,4.8,2019-07-04,2019-09-13,3,3OpQVwRE5b8DpCEo0iPKTH
Leo García,1,4.8,2018-05-25,2018-05-25,1,4Lo9osdsopemnKIfgi6IqW
Bush,3,4.8,2018-07-02,2018-07-02,2,2nzlgHTbUDzuRtTFoX3qfJ
Alé Araya,2,4.8,2023-02-14,2023-06-23,2,1q3IPJtWFRfUNaRGEGGVQa
Gareth Donkin,2,4.8,2021-08-04,2021-08-07,1,2cWAfOTxFrCPJ6rZU5WqDG
La Vela Puerca,3,4.8,2017-01-28,2025-12-01,3,4MPwBYidOWnwpKlqQYJEzX
Kapanga,2,4.8,2014-10-17,2017-03-02,2,2lFaLgnka0UzwYMA79shM1
Fragments Of The Mind,2,4.8,2023-03-10,2023-03-10,1,3ICY4Gp8oex1BPVEgBJNKD
Darius,1,4.8,2025-09-15,2025-09-15,1,2xsTPjOwjtLWDoDKHpHWa5
SAIKO,1,4.8,2023-07-11,2023-07-11,1,0EhuGnOS6fTc5l5UNtDEH2
Montell Jordan,3,4.8,2021-10-25,2023-10-29,2,4b3RyDj2z82siOoYzJIPMw
Jaga Jazzist,1,4.8,2016-07-18,2016-07-18,1,6yd6TACdbS9W4v2p30D6E8
Gen Hoshino,3,4.8,2020-03-18,2021-07-11,1,06QV1CmV7BSPWAF1l5p6fi
Lynden David Hall,1,4.8,2023-07-11,2023-07-11,1,5IS7qrmK3KCeUJaueAsPdu
Craig Xen,2,4.8,2019-05-03,2020-06-01,2,4m1mrlWu35x0trDuKE5XvX
SOLARI DJ,2,4.8,2022-11-12,2022-11-13,1,70toNfqoNx8XxBiFkiKe4N
Airplay,1,4.8,2021-11-08,2021-11-08,1,3AFGpmbpdctoSsLYiu07vl
J-Love,1,4.8,2019-10-18,2019-10-18,1,44f1tAzyMvJ0He7G2QcILx
Danniella Dee,2,4.8,2023-09-15,2023-09-15,1,0OxuDXDRclJMhW7cBUQyj8
Jany Green,5,4.8,2021-08-27,2021-08-27,5,4ob57HncIng7zW6hXvgOC4
Pet Shop Boys,1,4.8,2018-11-20,2018-11-20,1,2yzPBlE5UXK2sqvnNM9QQ0
Blxst,2,4.8,2021-07-12,2022-12-15,2,3OJ466u28uesNYsK5sOINP
Makala,3,4.8,2020-09-08,2023-06-07,3,7y5gZUGzlESM7e3si2oYcy
Stoic,2,4.8,2023-03-10,2023-03-10,1,6efEbNsYY2p25z8jEvXEld
Ransom,1,4.7,2016-07-21,2016-07-21,1,1jDIC1iM2sKteWL1OBlcEA
Hot Sugar,1,4.7,2019-07-22,2019-07-22,1,7LY8HVoBFipd6XbNOmwePC
Marco McKinnis,2,4.7,2022-09-17,2022-09-20,2,1fCynl1EJesWZobfUXOPU8
clipping.,2,4.7,2016-09-05,2016-09-08,1,0dw3eZrspIanEY3x2D6hev
Avery*Sunshine,1,4.7,2023-07-11,2023-07-11,1,075OkOIwlKjkMJxkfB36pt
Tetuà,2,4.7,2014-11-18,2014-11-18,2,16h2h033ATBwVVSA9cTWIl
Leo's Sunshipp,1,4.7,2019-03-07,2019-03-07,1,0Q64cfqGave7kkgQJ1LPlJ
Wes Montgomery,1,4.7,2021-08-04,2021-08-04,1,2M3laSC4qeLl9tWxDEzF4T
Moor Mother,2,4.7,2022-02-07,2024-09-02,2,6xGbsYCVrBTPIuziP8b39K
TM Vidal,2,4.7,2020-04-12,2020-04-12,2,1Vj9h8YjV7aSLksEanvOuw
Caleborate,2,4.7,2019-07-15,2019-07-16,1,7fWMxQKbY4FxofuYz1ZMDx
León Gieco,1,4.7,2016-10-03,2016-10-03,1,4MSAABBfBYzwKsHKgZHNng
Maria Wolff,2,4.7,2022-08-15,2022-08-15,1,1EoBwOuZne94xv7Nt7MFu5
King Combs,2,4.7,2025-07-14,2026-02-24,1,5P02eVAQ2j8ykf9ecyYVh0
mago,2,4.7,2019-09-13,2019-09-13,1,51tZ4PT9GWzWqXbjc39b8R
Anonimus,1,4.7,2022-06-11,2022-06-11,1,7l8ahZGFqEVNZy0mI1qMdw
The Vines,3,4.7,2021-12-20,2025-07-18,3,5GRetestyPSbZe6OdX0Mah
Lenny White,1,4.7,2021-06-17,2021-06-17,1,6fNksRM3Ni8CLN3HIR7Jqa
Kwame Adu,2,4.7,2022-01-29,2025-01-04,1,7gQwC6LNaRMnk0gbaXFq0o
Us3,1,4.7,2025-03-23,2025-03-23,1,06DSI8L6IT8SizCw3JLckz
Common Saints,1,4.7,2025-05-20,2025-05-20,1,7JHFdL1Tt1JcCpt3pPY2Ok
Ray Barretto,1,4.7,2021-11-01,2021-11-01,1,4VUrKFiXLzQPzZlN3rQXrf
Res,1,4.6,2024-01-23,2024-01-23,1,0nFu0CiLJGf3qw9t08Mm8L
Salaam Remi,1,4.6,2017-11-06,2017-11-06,1,0PrMdfjz1heOHdQsLWtxGH
Gian Marco,2,4.6,2015-10-19,2021-06-08,2,6aP2ySgladUWMojsj8SgeJ
Two Tons Of Fun,1,4.6,2019-03-06,2019-03-06,1,71fnf5q09LNyx6MEEBDwSA
Moloko,1,4.6,2025-03-23,2025-03-23,1,4O0LwyuV3U18Hg5AxILDlI
Lito Vitale Cuarteto,1,4.6,2016-12-30,2016-12-30,1,7nOSkrcqXgjExL7L4HEIuV
Ledisi,1,4.6,2021-12-14,2021-12-14,1,1wRQqmZwiF4thdQ8N7FiNv
aja monet,1,4.6,2024-03-26,2024-03-26,1,4qKQGEus6IEWqZYSqqhBqZ
稲垣次郎とソウル・メディア,1,4.6,2022-02-28,2022-02-28,1,2llFlNkPX4hW1M3HLdEMBm
Skyzoo,1,4.6,2021-10-12,2021-10-12,1,0jeqQt5rMD2fnilGupFPrt
jrd.,3,4.6,2019-09-13,2019-09-13,2,4p3WYUNimRsM8xvCqy89Jj
towser,7,4.6,2019-06-11,2019-07-05,1,1irlKD4stLbAgvD2Ux41Mk
Fatboy Slim,1,4.6,2014-10-07,2014-10-07,1,74hN9ZdIny7yr2ZPzJu1jb
Bell Biv DeVoe,1,4.6,2024-01-25,2024-01-25,1,4oRDt0qQeY4XQOQWYOQUmt
Brandee Younger,2,4.6,2025-09-15,2025-09-15,1,4acXFGYa5XLVYFL7wCWzKF
jus.,2,4.6,2025-01-28,2025-01-28,1,1U5tWycUVeZVHpukFqNOP7
Delayde,2,4.6,2019-06-12,2019-09-13,2,0mkM19QK1ZYcJzBKgY3ckK
Hamzah,2,4.6,2019-06-12,2019-06-25,1,0G4Jc0AKOrhdPmk2ppuxIj
Daniela Toro,3,4.6,2025-06-29,2025-06-29,3,2o5xCliQlPN2IP27oqaVnf
EL VY,1,4.6,2016-07-21,2016-07-21,1,1t0MWv2ay9kLlJFNeOtwDx
Anuel AA,3,4.6,2019-07-19,2022-09-14,2,5ANkjNH7elrxzggidjnH9v
Spice Girls,2,4.6,2018-11-20,2025-01-20,1,1RQnYh2xw2BPpnzQFbO5r5
Vosque,2,4.6,2022-08-15,2022-08-15,1,6xJYR7oE5djh3QVU62lHqo
Ripple,2,4.6,2017-01-19,2017-01-19,1,2UaLTrQtyrjfLccxypnyBM
Tom Odell,2,4.6,2023-02-16,2023-05-10,1,3JvKfv6T31zO0ini8iNItO
Whitney,3,4.6,2016-07-04,2016-09-21,1,1CLmFKW99S8eJrebO3GB04
Stereolab,2,4.5,2025-05-20,2025-10-19,2,0rjmjw66MN5qDr8jAEOi5k
Isaiah Falls,3,4.5,2022-09-11,2026-08-04,3,7c3YkPGBLWhqhLwbUHSInq
Big Daddy Wilson,1,4.5,2021-11-24,2021-11-24,1,3Evbh7zMfQ9thUxYjsvfAG
Charles Wright & The Watts 103rd Street Rhythm Band,3,4.5,2018-12-14,2024-01-25,3,4pW3aTX3kAmOaPJfc9UM12
Hundred Waters,1,4.5,2016-06-29,2016-06-29,1,1nZWWk8JQ16vIh8FicPuXG
Rick James,1,4.5,2023-08-22,2023-08-22,1,7bmaPyTymCSuggnpU0CRBw
The Pussycat Dolls,1,4.5,2025-01-18,2025-01-18,1,0BxfFnk0YzONqvmrkO0QrB
Hugo Fattoruso,1,4.5,2026-02-10,2026-02-10,1,5TxJCcsJP0dgExztVxiKrV
Paul Wall,1,4.5,2026-04-09,2026-04-09,1,5iHO0dAm9FmDA017mWdFkB
Nine Six Honcho,2,4.5,2020-08-24,2020-09-30,1,6cpmfk3PpdFrPI1qxskibz
Knucks,2,4.5,2021-07-24,2022-01-18,2,7z8mamHXaezlYVODfFOypw
Vashti Bunyan,2,4.5,2021-07-11,2021-07-11,1,6bqB7idfAnJVisSMQA1mZQ
Ashley Henry,1,4.5,2025-09-15,2025-09-15,1,1ssRJeVukT0jJEoBO8b0c7
Paulade,3,4.5,2023-06-23,2023-07-09,1,2RBt0qVLDmXc5kpDluo3Ge
Alessandro Safina,1,4.5,2025-01-19,2025-01-19,1,4Z4lpnep46909N1cqGQDQj
Latrice Lynz,1,4.5,2020-06-01,2020-06-01,1,0jqCkMDrmBwxiJDsmFd0Qy
Average White Band,1,4.5,2019-09-17,2019-09-17,1,5L76uU6baNaVIojocQARjz
Pitín Zalazar,2,4.5,2021-04-07,2021-04-08,1,3gRZncqpYEpYsGbb34FSEI
OMI,3,4.5,2017-01-28,2017-01-29,1,7vFoFDWqTX0mHzLfrF1Cfy
La Franela,1,4.5,2023-12-28,2023-12-28,1,18Q3WTfyWX1tdS1cp42NhA
Japandroids,1,4.5,2016-09-30,2016-09-30,1,3kwcpUyTpf9uUsmy9HvbNu
AR,3,4.5,2021-11-29,2021-12-01,1,294sf8T7z00Ti5yfey2UKm
Wesson Desir,2,4.5,2020-11-15,2020-11-15,1,10TOeMHUDPkswPClP45U7z
APSPDR+,1,4.5,2017-08-24,2017-08-24,1,6ikMyGF43DDW5vlx18Dm9y
Don Blackman,1,4.5,2019-03-07,2019-03-07,1,4dsFca4wmIVKzl080VNxsB
Ocean Breaux,1,4.5,2023-07-26,2023-07-26,1,4Gla5hTskRkBwfHC8SW5Ak
Theravada,4,4.5,2021-11-01,2021-11-02,1,5biUST1oepzTvcydrBel3r
Joey Purp,2,4.5,2021-02-01,2021-02-01,1,2hJf188Sz3XxfBDmYK1IMC
MorMor,1,4.5,2019-06-21,2019-06-21,1,4xskW9IiPAhklhclZfU5Am
Francesco Suppa,3,4.5,2021-04-21,2022-06-22,1,3Yh4oIxc99pRdUM6vE8Lsx
Baby Rasta & Gringo,2,4.5,2016-02-27,2016-02-27,2,6lIu4tWEUHQEQSmcW8R2v8
The Fearless Flyers,2,4.5,2025-03-23,2025-03-23,2,5EUbvbjJxC2Qe3DXDix8dl
Yvonne Elliman,2,4.5,2016-07-12,2017-05-29,2,1tsWNtWxi7SVydMm2G1W6Z
Alex Anwandter,1,4.5,2017-05-22,2017-05-22,1,5ko5W2ujj8F5rUuWKaxNZp
Nai Palm,1,4.5,2021-11-04,2021-11-04,1,2VsKJODsXzU1NtoFYIh9FM
Daniel Lanois,1,4.5,2021-10-26,2021-10-26,1,1ZF0GRJIRUaigCvp7Er8Y6
"Sheep, Dog & Wolf",1,4.5,2016-08-29,2016-08-29,1,2pbZ8wGS6vsdZmxSgawnzn
Mary Lou Williams,1,4.5,2022-02-07,2022-02-07,1,2csZNorI7ydRuucZEekLi4
La Lá,2,4.5,2022-05-02,2025-08-23,2,5bY1UH8n00FwtgMWQt142q
John Milk,1,4.4,2021-11-01,2021-11-01,1,3mAJSRcNFk81xueqlKDLib
Teeze,1,4.4,2020-11-29,2020-11-29,1,4ubFlXH5WA7dUfNZVEmHfK
Gavin Turek,1,4.4,2023-08-22,2023-08-22,1,2yj56ZDLq2gbh9VJc0d8nv
Jon Batiste,1,4.4,2022-03-10,2022-03-10,1,2ov5nYZ5xLLrojFK5yqxmD
BALTHVS,2,4.4,2024-04-16,2024-04-16,2,6F42K33jC5A2brWORXT8nE
Joe Corfield,2,4.4,2022-05-19,2022-06-16,1,7coQMwGlGIL4LVni5Wjicp
Sofía Mora,2,4.4,2026-06-25,2026-06-25,2,0OOKRlvyvYaydBORdxPRRN
Flight Facilities,4,4.4,2019-10-15,2019-10-15,3,5eAlAm8CUPAnwyks2X5GTs
Wham!,1,4.4,2018-11-20,2018-11-20,1,6tASfEUyB7lE2r6DLzURji
Las Luces Primeras,1,4.4,2022-05-02,2022-05-02,1,3nBAZWhYLJpzNJIIyifg2m
Joanna Cooke,1,4.4,2021-11-24,2021-11-24,1,3aUbp8mH1JiPU1ces1S68Q
June Evans,1,4.4,2019-03-06,2019-03-06,1,5uYe0KTfBNCZGhPRl9jn2V
Rexy,1,4.4,2020-03-18,2020-03-18,1,5j5vgZb1On5dlgA0FYQXss
Erlend Øye,1,4.4,2016-08-08,2016-08-08,1,4skDw34eOhiefNMdIkyExp
Polimá Westcoast,3,4.4,2019-05-16,2019-08-12,3,4ECPtHdw6cJcSXcfsXRZ9r
The Acid,1,4.4,2015-08-03,2015-08-03,1,3TLcc9bVRRdJoKgzNCqqZ5
Ramsey,1,4.4,2023-08-22,2023-08-22,1,38khddUfl6xYcZriiHmc2J
Sauce Walka,2,4.4,2023-06-15,2023-06-21,1,2oFdrFpXDgPcszmfWaKboI
Rubén Fabré,1,4.4,2017-06-18,2017-06-18,1,7yRB6TWLfcow0butNT9wof
Jonas Sanche,1,4.4,2017-05-25,2017-05-25,1,3aL9cvLFANtEDL4X7QS6cl
DLJ,2,4.4,2019-06-11,2019-06-14,1,5GnooOtLI0V486naNu7GoG
RickExpress,1,4.4,2022-06-01,2022-06-01,1,0LlTJ4zkJfFqa5xLL1nY9T
VeilHymn,1,4.4,2017-11-24,2017-11-24,1,54xRk3fc6bP0aOmEAQXG2C
Key Glock,3,4.4,2023-06-21,2023-12-06,3,1ipSpQfzBbhPFhYm6tfVIz
Lost Son,3,4.4,2019-09-13,2019-09-13,2,1vILhORmchpknTeEVhPhLu
Nacho,2,4.4,2017-08-17,2017-09-12,1,3VClLWqNn80Llv0PJOsKgr
Hayley Williams,1,4.4,2022-11-15,2022-11-15,1,2NYPCh5sEiXsNhvNIjYIhA
allowed,2,4.4,2022-07-09,2022-07-11,1,4nLTMvnkbcfCRd7C4yKgDl
Norhye,1,4.4,2023-10-30,2023-10-30,1,6OOUq2ifdFzFVIQOKEyQfT
Hotel Eden,1,4.4,2016-08-29,2016-08-29,1,5QS9GYw1lZtIIlfnCqNvgX
Delfina Dib,6,4.4,2021-10-23,2021-10-23,5,7cLOAHcuy89IggPP8VYBeq
Sacha Rudy,3,4.4,2020-07-07,2020-07-08,1,4kCc2VTWZwklWCrE2kLcuC
Smoke,1,4.4,2022-01-18,2022-01-18,1,6cwMYFqjwIrVV5nS6WsCIv
Andrea Bocelli,1,4.4,2025-01-18,2025-01-18,1,0U4mdFPED6oviFgWjst8q9
Wings,1,4.4,2021-11-08,2021-11-08,1,3biofZjKYOw75cPE2oTSFo
Camionero,1,4.4,2026-02-10,2026-02-10,1,2nBuPZSmtayWLQRvkR6im7
Carpenters,3,4.4,2026-03-30,2026-03-30,2,2kyVQg00pphEufGT59M2XH
mynameisntjmack,1,4.4,2023-12-28,2023-12-28,1,1c8PjFzb4RWfAXgupKgbba
Jean Dawson,3,4.4,2021-11-08,2021-11-11,1,6BZNRGduXWWoR1KEzwGEnI
offonoff,1,4.4,2017-09-21,2017-09-21,1,0cP8kQvDtcVSP7TOWb9yCy
KOJEY RADICAL Composed by Melo.Zed,1,4.4,2021-04-21,2021-04-21,1,4SZvh24H8uG7QTcVR8zDiP
Poncho C. Saint Fingers,2,4.4,2019-03-07,2019-03-07,1,5PJsZ4NSzhdXaXlQHEIITH
Powers Pleasant,1,4.4,2021-10-20,2021-10-20,1,0uS7OWDutXXYhK77a47zbx
Sandro,14,4.4,2017-01-29,2020-03-29,10,4jHikHNI4OtkHgLd9Pgmf2
Foals,1,4.4,2016-09-21,2016-09-21,1,5mOPeaSXywGZX3mDflbDsq
Delta 5,2,4.4,2020-01-25,2020-04-28,1,2CMQoSgyQLXshYuWLdtlRh
Gramatik,2,4.3,2015-08-03,2024-01-15,1,6O7qFEXmLQcOsV37wrgJDz
The Academy: Segunda Misión,1,4.3,2026-08-25,2026-08-25,1,7irTyPzSyqSbeUXbYsTR5j
Jean Deaux,4,4.3,2020-04-25,2023-07-26,3,3F1jnTXKuJd6iPmjRMH4tO
Sky Ferreira,2,4.3,2015-01-26,2022-11-15,2,7j3nbSiaWphYU2cFgyQXd9
Frank Gambale,1,4.3,2017-10-18,2017-10-18,1,1wIGM1TbFI9U0lyENcn3Qx
Ivan Noble,1,4.3,2014-10-17,2014-10-17,1,7sQ6xhgiMspkPhfiofAUrZ
cktrl,1,4.3,2023-06-07,2023-06-07,1,4aNKxtGS56o4OWD0EUxcWp
Young Prophet,1,4.3,2022-02-02,2022-02-02,1,523iIdfnyrXKYZQiBdC1QC
NEONE the Wonderer,1,4.3,2023-07-10,2023-07-10,1,7DAuQoUWFq40NBVXwWs4xU
Oneohtrix Point Never,1,4.3,2019-04-26,2019-04-26,1,5M1QuhhIwEqNXeNooLndH7
boxboys,2,4.3,2019-09-13,2019-09-15,1,7nY2siyDV3pkyGmiFoak5i
Nija,1,4.3,2020-08-18,2020-08-18,1,7ia5l12mCvbQTeAnG1oYpg
Marc Moulin,1,4.3,2016-07-04,2016-07-04,1,1GUgqF77sGkWcfNanOr2rE
Joe Hertz,1,4.3,2017-05-22,2017-05-22,1,3vslWaSUsWvTH0fC5ddWbv
Oshi,1,4.3,2017-09-25,2017-09-25,1,53SlyIbAbWbAfyBqq8HIje
Skinny Pelembe,2,4.3,2019-07-02,2019-07-03,1,7FBOcdLr2XYJJYKH1LpH4g
Rubi Rose,2,4.3,2019-10-21,2019-10-21,1,5x5sLaZGX6BeecyfCYF5Qm
Dave James,1,4.3,2023-04-05,2023-04-05,1,1CBooBTu5CJivl68dssu0h
A$AP ANT,3,4.3,2021-05-05,2023-07-10,3,7LoCs83r9S5O2NsCkcM36T
Nick Drake,1,4.3,2025-05-20,2025-05-20,1,3Uh7rAb7F0XGVpEEDwfH1k
Her,1,4.3,2017-10-20,2017-10-20,1,15WD2cgiZAlQSY6DHr7rW3
Alvaro Diaz,1,4.3,2022-02-02,2022-02-02,1,4EDIAPw93YVubtjKR3OTNk
Cozz,1,4.3,2019-03-11,2019-03-11,1,7jmTA4qUoE3powcTpw3dvF
Residente,1,4.3,2022-05-30,2022-05-30,1,1kMUGCt7XLDc5Q64Vl0H8S
Conya Doss,1,4.3,2023-07-11,2023-07-11,1,6yj6Si5hkcs1khQyzj0stc
Ed Sheeran,5,4.3,2017-01-28,2017-07-29,5,5mUBAfEctquPCp3oe8CRZX
Bebo Valdés,1,4.3,2025-08-23,2025-08-23,1,481nq74mnlxAMacB6e0SJS
Garden City Movement,1,4.3,2016-12-02,2016-12-02,1,6xPkf69rcfWM0Jfll6V3uo
Juan Luis Guerra y 440,1,4.3,2022-04-09,2022-04-09,1,2r9sa01fZW9NEVwdqFvfzZ
charlie toØ human,2,4.3,2019-06-25,2019-09-13,2,6UuWEqdRJIgNcoLd8WggYV
Sabrina Carpenter,4,4.3,2023-02-02,2024-08-31,2,6dgUya35uo964z7GZXM07g
SWAVAY,1,4.3,2020-11-02,2020-11-02,1,5B1WYxPLcnoWXY7dnan4gk
Toby Love,2,4.3,2022-01-14,2022-01-14,2,3Ux53Gwh9txPtWaO7AXKZQ
K. Roosevelt,1,4.3,2020-11-30,2020-11-30,1,33oczOt8ZLpzAhDBrTaEel
John Jackson,1,4.3,2020-03-18,2020-03-18,1,0oM7tUgJ7OadttA6XEDKiL
Gilberto Santa Rosa,1,4.3,2018-01-06,2018-01-06,1,383hkMdmA976zOTKRm6PLy
Teezo Touchdown,2,4.3,2021-07-06,2026-04-15,2,35ps5LE8ix9WqrEOJF4Nlb
Como Asesinar a Felipes,2,4.3,2019-07-13,2019-07-13,1,00JEvPux68nMuPJNMqwmgn
Manal,2,4.3,2022-06-10,2022-06-10,2,2Ras7UcXvzenVmkyVMibdh
Muddy Monk,2,4.3,2019-06-11,2019-06-12,1,54Dc35Szw78T2bVm7mb8OL
Lava La Rue,3,4.3,2019-06-04,2020-06-16,2,2aaI9GOSJyw5pAABmi3YG8
Sylvan Esso,1,4.3,2022-11-15,2022-11-15,1,7vITd7ck8l9Ww62BWpIhTY
Hannah Williams,1,4.3,2021-07-24,2021-07-24,1,5JtgrxeDRTTcBsYwKoYb8v
SG Lewis,1,4.2,2020-06-16,2020-06-16,1,4xnaRQjBsHrJY5hmxBlMel
Olivia Escuyos,1,4.2,2017-08-31,2017-08-31,1,5MzpLzlkOzaMAGCjywf6Ic
Adexe & Nau,5,4.2,2017-12-16,2017-12-16,4,4BqY7fyYNTnhulKaD1uSy3
Kiko Rodriguez,1,4.2,2022-01-14,2022-01-14,1,4Z5KC5Oai5rYP0tXWKRUZr
Indigo Sparke,1,4.2,2021-07-11,2021-07-11,1,6x6RvYqS14uGEmiOtenM5n
Zyah Belle,1,4.2,2024-01-23,2024-01-23,1,6JWmzKlBURxgT01QhKlAMr
Natalie Perez,1,4.2,2026-08-21,2026-08-21,1,4Q1Ak8GMqmm9kvd83dpis4
Muroki,4,4.2,2021-07-26,2021-07-27,3,3NgkURFAP3GaHFbEBoAs7a
Nels Cline,2,4.2,2020-01-25,2020-04-28,1,43K5Z9KglC9gnHBDvJ45ih
kadiata,1,4.2,2020-08-14,2020-08-14,1,1ZVrAEK8bguXjlvMIKiktu
Little River Band,1,4.2,2021-11-08,2021-11-08,1,34D6mvDTAPypm92EPs8Rxa
Fetty Wap,1,4.2,2015-10-23,2015-10-23,1,3ESSGgWzRf1xvP7G5hHMhB
GoGo Penguin,1,4.2,2016-07-04,2016-07-04,1,1r8kRDtkDZPhHvP0dwaYDd
Blue Iverson,4,4.2,2022-03-15,2023-07-12,2,2bhFsZGcaxlY2YWbO19DE1
Dengaryu,1,4.2,2021-02-01,2021-02-01,1,3RWlYOw2ume5dlujrARtzt
Underbelly,2,4.2,2020-07-19,2020-07-19,2,5ycas3pbP1c0FrR3rswPYT
John FM,1,4.2,2023-06-12,2023-06-12,1,1e5zxOy3eDIhVyMiQGcEoc
Yusef Lateef,1,4.2,2022-06-04,2022-06-04,1,7yzM0pEseQUpb6BMViOPEA
Destroyer,3,4.2,2016-09-12,2016-09-16,1,2kkJENGuusOzj1vXN3s0xO
Jambao,2,4.2,2023-11-17,2023-11-19,2,4bWdlExSeKAotB6uJwxFlf
ANOHNI,1,4.2,2016-08-29,2016-08-29,1,2qIX2RvAbAvZ4VwGPmbhE3
Washed Out,2,4.2,2016-01-15,2016-09-30,2,79H5IKTwXdAbqypigoP832
McKlopedia,1,4.2,2020-01-30,2020-01-30,1,5Ot6yfkeBUKllxb0ghQQij
Pixies,3,4.2,2025-07-14,2025-07-14,3,0p5eZCY0R7uNCZS1YDtIYI
Revol,1,4.2,2022-06-11,2022-06-11,1,3oubh64l6xElX8En3SomTM
Olly Alexander (Years & Years),1,4.2,2017-05-22,2017-05-22,1,493Xpr1O81LYntmyZ3RMeB
Squidgenini,1,4.2,2025-07-28,2025-07-28,1,3L5dOP6Ihkg8dxkMzxJUuc
Iroh,1,4.2,2023-07-06,2023-07-06,1,0icOyqe6EQd8vP7UUrnG1W
ItsJustMikey,1,4.2,2019-03-11,2019-03-11,1,76FRtyFUxBU7cEHJ1dy8Cq
Julio Iglesias,2,4.2,2024-01-22,2026-02-20,1,2x0ED9vjWW7ob7Fl2tw7rv
Marcela Morelo,1,4.2,2026-06-25,2026-06-25,1,2Hzc5VSZG3UwmaO0woLMwq
Nourished by Time,1,4.2,2026-01-15,2026-01-15,1,5SKTxaPCCAECXisZt7MzOr
Rawayana,5,4.2,2026-02-19,2026-03-05,3,2wBrtYgA27EDPE7Fpyzpdx
Phantogram,1,4.2,2015-08-03,2015-08-03,1,2fyS7TaRoUG9loKPhJ7fdQ
Só,1,4.1,2026-02-10,2026-02-10,1,7v95av7ncFVtbHWy2rHRdS
Rosehardt,1,4.1,2023-10-30,2023-10-30,1,5bXUmIWNuQfmmuWAXhESZR
sam e hues,2,4.1,2026-03-18,2026-04-09,1,67w591b4oj8WE3TOqSTO3W
You'll Never Get to Heaven,1,4.1,2025-05-20,2025-05-20,1,5eVXg6BhWXAUxzMSJvMafj
Blue Ivy,1,4.1,2020-08-18,2020-08-18,1,0B3FovCVaGKS5w1FTidEUP
Gravez,2,4.1,2017-09-25,2017-09-25,1,4il0aJiCLzltHTEyDVZPfN
Little Jesus,3,4.1,2021-12-30,2024-08-31,2,6C2nsLf4lmP890KLXbn3UC
Nicotine,1,4.1,2019-05-30,2019-05-30,1,1et9bfdvDHld2wPBZfT1OA
Kaze,2,4.1,2018-04-17,2018-04-17,1,3qI8sIqqIOSvpwOD25HQDF
jonatan leandoer96,1,4.1,2022-01-11,2022-01-11,1,6BjY7Hyus3KS77QKCV4ioQ
Short Moscato,1,4.1,2020-05-08,2020-05-08,1,3z5FBc2rzMpl6p0RbNgvnr
Deftones,4,4.1,2023-08-17,2023-08-23,1,1158ckiB5S4cpsdYHDB9IF
Karate Boogaloo,1,4.1,2024-04-16,2024-04-16,1,015n4UZ7HKQR6V2qKnjIwW
La Rhumba,1,4.1,2022-11-12,2022-11-12,1,1xUBQOF5bCpD94ApXtdAIf
Kayo,1,4.1,2023-04-13,2023-04-13,1,3A3SO4z0RYg0EwAwX2l3bS
Crackin',1,4.1,2021-11-08,2021-11-08,1,1zLf3MP4Furv8bEPgETUq5
Fairport Convention,1,4.1,2020-04-28,2020-04-28,1,0DhTPrxIJy96s5GExDoGWs
Tony Dize,3,4.1,2019-06-16,2022-05-06,3,4YFoQUkj0XXJgTiHp8d61y
Malik Moses,2,4.1,2021-11-08,2021-11-09,1,6sAic1RifoLBsJApRomgkq
Chris Botti,2,4.1,2017-03-03,2017-03-03,1,7FWEDbQYuQtR1DhATgXxRg
La Dimensión Latina,3,4.1,2026-02-20,2026-02-21,1,0zDO5avDZSXRwWzfuguIRb
Luke Christopher,1,4.1,2016-07-12,2016-07-12,1,6s5zacUwLRyMTSVa2GoPnu
Azekel,2,4.1,2017-08-31,2024-02-14,2,6KuQbKp9oklizWKY0Rg0Ih
Ethel,2,4.1,2023-07-12,2023-08-22,1,3whY26FqEAhCSP7YeEluNL
Rugawd,2,4.1,2022-05-30,2022-05-30,2,5eNl3XFQLS3bdBVjurCKCV
Heather Headley,1,4.1,2023-03-15,2023-03-15,1,6NSlNryPDSICV6ER6ZRosi
Leela James,1,4.1,2023-07-11,2023-07-11,1,6Cl90cl4efMaG05Xm4LjDN
Miguel Mateos,1,4.1,2018-03-08,2018-03-08,1,1l0mEM93oZMERzBmOCuiHe
La Quinta Estacion,2,4.1,2022-01-14,2024-01-22,2,4NS92CFETqX7wSp2ZYCyih
Velvet Lune,1,4.1,2023-06-07,2023-06-07,1,2avwnltDAgJZ2iJdQ90yuJ
Father,2,4.1,2019-02-05,2020-08-14,2,0YYIoSpuOGIurK46YJuXsI
The National,1,4.1,2017-03-14,2017-03-14,1,7rbCL7W893Zonbfnevku5s
Slipfunc,2,4.1,2019-09-13,2019-09-13,1,2N6Xyz9NjuCIRIYM46OO9x
Ben Hughes,1,4.1,2024-02-20,2024-02-20,1,0OgyEjrSvZHSLHXLsVMBnr
Mati Guerra,2,4.1,2022-11-12,2022-11-12,1,3YoPLhtvM4qVZFSLnurBzG
Ja Rule,1,4.1,2023-08-26,2023-08-26,1,2hNf1rawV2XAZ6Jld2Fxwf
Landon Pigg,1,4.1,2021-07-11,2021-07-11,1,1KHdq8NK9QxnGjdXb55NiG
Carla Morrison,1,4.1,2019-03-26,2019-03-26,1,0zTSmiDzVkIPUPjsHcUWpe
[bsd.u],3,4.1,2019-05-22,2020-06-16,2,4JLI9AgtAXutJvjlXgZBoR
Theo Croker,1,4.1,2023-06-07,2023-06-07,1,4DvepWnbBJzTb0jZZTqgPG
Marka Akme,2,4.1,2016-02-27,2023-11-05,2,7HrgGbnNKZKhBL70aFKpXk
Ciara,1,4.1,2020-01-09,2020-01-09,1,78CTv7ypHvXQlEjXYst2n9
Lalah Hathaway,1,4.1,2024-01-05,2024-01-05,1,7bsdoELUKMk8A8S7Sf7Lij
Kate Bush,2,4.1,2017-02-25,2017-02-25,1,4rAVGhwhRSjlu0MzB16SDD
MadeinTYO,2,4.1,2020-11-16,2023-02-23,1,6R6BpGki7hsjDGJEcH86ze
Alejandro Sanz,1,4.1,2024-01-22,2024-01-22,1,1uwPEGzopXl9KawQR1JGXq
Emma Harner,1,4.1,2024-08-30,2024-08-30,1,2TFR3D1oIC0XPblTF2w8sb
Johnny Tedesco,13,4.1,2024-04-12,2024-04-12,13,3eK0r7LsOIWUvlf3NeJjH4
Rvdical the Kid,1,4.1,2021-04-28,2021-04-28,1,5gcL42OzbwTHmP3aaDAo9v
Soraya,1,4.1,2025-01-18,2025-01-18,1,0JjvYHmOJbYwaGx97sm2YF
Kindness,1,4.1,2020-10-18,2020-10-18,1,3sdeogabMmr2anqXGPPYgp
The Walkmen,1,4.1,2016-09-30,2016-09-30,1,4y2x850nPQlc5QS35Z7koC
La Bomba de Tiempo,2,4.1,2019-10-29,2019-12-21,1,2MuDW3QK1SAk35OnTnDLLp
Mizan K,1,4.1,2016-07-01,2016-07-01,1,3WxEK29b8uU8tkxewJdpf6
SOLOMON,1,4.1,2023-06-23,2023-06-23,1,2kLMWqTsPb3i5QfLmnOAhM
Natalie Cole,2,4.1,2020-06-05,2024-01-22,2,1PInEvZvokYosoMXjlj1tt
The Good Girls,1,4.1,2021-10-26,2021-10-26,1,4UOX1Clxfkldv2mMZWCUav
1Htxr,2,4.1,2022-03-15,2022-03-15,1,75VspkO7d6UXjSwjvPrvP9
NahueMC,4,4.1,2017-08-18,2022-01-17,2,6tPgu4x5Pj1SowH77Y7w24
Devonté Hynes,4,4.0,2021-08-09,2021-08-14,1,5W6WXRyr1MghssKZUizZ3M
Monica,1,4.0,2020-01-09,2020-01-09,1,6BIcjFZIVDZxNAcofRFPx4
steezy prime,2,4.0,2019-07-04,2021-09-07,2,2DLEmOLBY3bOB8N3gd8xcG
Mo-Dettes,2,4.0,2020-04-28,2022-02-21,1,7tvoE5jBSPdtym9bWzMc29
Anthony David,1,4.0,2023-07-11,2023-07-11,1,65dfwNFY4AL54FvoHwfhpd
Nicolay,1,4.0,2025-02-14,2025-02-14,1,5JyTaBHfmupdKyZm0rJ2I9
Nelly Furtado,1,4.0,2023-08-26,2023-08-26,1,2gam98EZKrF9XuOkU13ApN
Kai Peaks,4,4.0,2019-05-13,2019-05-15,1,5de0lLJgtlyq4yIKXfAeMy
After The Smoke,1,4.0,2016-06-23,2016-06-23,1,6xEjSMBbMwBYfMmt6DaTE9
"Héctor Acosta ""El Torito""",1,4.0,2022-01-14,2022-01-14,1,3ucH40KXUWWQ5pFw2685G8
cyyyt,1,4.0,2024-02-14,2024-02-14,1,4kmkhWonNC61ySXT14otDQ
KingTrey,1,4.0,2022-11-19,2022-11-19,1,5B6EIqgRxNOU08BgyKNQSS
Warpaint,1,4.0,2015-01-26,2015-01-26,1,7h7FjEmIgsFdl9zbUfySnZ
Maejor,1,4.0,2017-08-03,2017-08-03,1,4WtEMuXFVs6s9QTjUodq6a
Miles from Kinshasa,1,4.0,2023-03-26,2023-03-26,1,1nbTxSKR6fmJ7kHEYAptfV
Inti-Illimani,25,4.0,2025-05-24,2026-08-15,2,2UTskfGvRLtIMTnqu9iuPr
Porches,1,4.0,2016-09-28,2016-09-28,1,47RDzk3uT014BXqc4oevq5
N.O.R.E.,1,4.0,2026-02-20,2026-02-20,1,3J6vrRMz6EfwH2sgYiyNhc
Sabine McCalla,1,4.0,2026-08-25,2026-08-25,1,2M98LYO5rEMZg0xr4eFfPb
Swindle,1,4.0,2016-09-21,2016-09-21,1,5xXuj3OsMoC5I5Ldus1HJO
Kenny Lattimore,1,4.0,2023-07-11,2023-07-11,1,3omJ8p0r56de4aCuAsoY7t
Monday Night,1,4.0,2023-07-26,2023-07-26,1,1fIsoghaCZ5i61AB9Lv5Is
June Jissle,2,4.0,2022-02-02,2022-02-03,1,0PPPGxrAwxqiwPVV01TquS
Byrun,2,4.0,2019-09-13,2019-09-13,1,7oQWiVUVZmDbbX2NTaJxox
Plastilina Mosh,1,4.0,2018-03-08,2018-03-08,1,3TcfOu4zC7qIXJEz30egWs
Sam Kim,1,4.0,2017-11-24,2017-11-24,1,3e0VhBdgJLUhI1ErcrY64B
Mano Arriba,3,4.0,2016-02-27,2017-01-29,2,3gEebOzxHpEwElicl1XBy0
Tony Williams,1,4.0,2017-10-18,2017-10-18,1,2k6sbNpI1TZzeV3FMbTZcZ
Nick Mono,1,4.0,2023-07-26,2023-07-26,1,2bVZGuKUU6MEf45VlCLfTi
Mahmed,2,4.0,2016-09-19,2016-09-21,1,3DIpPZoXLv642JOYmVLZ0C
NATTI NATASHA,2,4.0,2017-12-17,2022-01-14,2,6Za3190Sbw39BBC77WSS1C
"Bobby ""Blue"" Bland",2,4.0,2017-09-18,2017-09-18,2,5n64RL42cOnMqmmSY6Csg5
BENEE,2,4.0,2021-07-26,2022-11-15,2,4Kjo34blxmLG5HNUKEvHRM
Adam Douglas,1,4.0,2021-11-24,2021-11-24,1,2GuN81w2lPTNfMiKyMLnLR
Amerie,1,4.0,2023-08-26,2023-08-26,1,1mnqraQ8oV8MX92rdOFLWW
ieuan,1,4.0,2017-08-14,2017-08-14,1,1vRlL1J2pQDrVcFjWXc0Bf
Markis Precise,1,4.0,2020-03-05,2020-03-05,1,3ewqJQ38Y7MX3RmGkQIZop
WILLS,1,4.0,2017-08-31,2017-08-31,1,301qvzxOVmWMpjz76JCmbp
Woodie Smalls,1,4.0,2020-09-04,2020-09-04,1,72Jj7fnjwDLloza2IJyIWL
Jessie Reyez,3,4.0,2018-12-16,2018-12-16,1,0qynxleiY0wavOijAW9trC
The Virgins,1,4.0,2025-07-18,2025-07-18,1,7kWWuhfyBBX3vl38ZHXDzq
Angela Muñoz,1,4.0,2021-08-19,2021-08-19,1,1wET3dkqtfjxz3RJGNa9HK
Kadeem Tyrell,1,4.0,2020-06-01,2020-06-01,1,7m7GYvmlFGEeVuxaRivcrX
Samsonyte,1,4.0,2019-03-11,2019-03-11,1,03oWLtwnZh3LVlTM6kUXmE
o k h o,2,4.0,2017-04-13,2020-11-02,2,0myxgYamVa2SOhMtLJZeW4
Babeheaven,2,4.0,2024-04-23,2024-04-25,1,2je6uts6ZZW5m3khFJeWPD
Koushik,1,4.0,2016-08-08,2016-08-08,1,1J0noqIwioqDWM3zbSD7DX
Sevyn Streeter,1,4.0,2020-01-09,2020-01-09,1,0eWkGHUqc5a19PIzJ1v6E4
Crowded House,1,3.9,2025-05-07,2025-05-07,1,7G7tgVYORlDuVprcYHuFJh
Gizmo,1,3.9,2016-12-02,2016-12-02,1,6RToez2WyNjAr8DJl4DIqV
Mozart La Para,1,3.9,2019-03-28,2019-03-28,1,1AKP5JySgNsr2Y04z1yGHJ
Luther,1,3.9,2023-10-30,2023-10-30,1,0JkfHmhovn8qUSDAZtiLT0
The Record Company,1,3.9,2021-11-24,2021-11-24,1,1sKWhJrFT6PGoXIo2mkgKq
Black Hibiscus,1,3.9,2023-10-30,2023-10-30,1,1KeXz6D76LhEaBhYR9n5vI
tstewart,1,3.9,2021-11-04,2021-11-04,1,4eC5u7Kj0lDSNkpUH57fRv
Asmr HQ,3,3.9,2017-02-17,2017-02-20,3,5gEWYKyVLgSnJXSc1grus9
Afta-1,1,3.9,2022-06-01,2022-06-01,1,0wlTECL8gP741C9MNUv654
Ricardo Fort,1,3.9,2016-01-04,2016-01-04,1,1AkYrrhn1iuyN6zTXVlmsC
Jiin,3,3.9,2019-03-02,2019-03-02,1,5Ch6QOn0lT5zHBgU3YvWSW
Diddy,1,3.9,2021-10-26,2021-10-26,1,3829CDK1kzOgjRU3nNXqFQ
Palace,1,3.9,2016-09-28,2016-09-28,1,6xxy4SktborcH1wRjISek5
Grace Sorensen,1,3.9,2023-04-05,2023-04-05,1,4Ak0J7spg3YdEMq4gnxLhw
Tim Buckley,3,3.9,2026-06-19,2026-06-20,1,4wVziiCDtgX39cglWWQDqm
FREEJBOOSIE,1,3.9,2021-04-21,2021-04-21,1,67JNnRL3ikNXc9OLJqWRiu
Flea,3,3.9,2021-06-18,2025-12-22,2,6Zsm83XPX2VTHlv29v73OF
Bobby Oroza,1,3.9,2022-05-10,2022-05-10,1,3TYMghPOWNGrM68krrv6af
Ally Venable,1,3.9,2021-11-24,2021-11-24,1,5S5uBzMAWzzqwpqxoNnGqq
Los Leales,1,3.9,2015-11-29,2015-11-29,1,1qau2NnyuoSr9Vb1bq4HoJ
RAY BLK,1,3.9,2017-11-06,2017-11-06,1,2TbfqLPwTECLWFzyJ84j6E
LAYA,3,3.9,2022-06-16,2023-02-14,2,691wNQShBOpIBOwOF1Uf8Y
Luny Tunes,2,3.9,2016-02-27,2019-06-16,2,15PxHZffHMndHQjmzYuGUv
Binaural Landscapes,1,3.9,2022-11-19,2022-11-19,1,5W2G3rrqupygc1iP3RGLg3
Jarreau Vandal,2,3.9,2021-04-28,2022-11-13,2,5F8wsCRK3udICjZUHOMAeS
D.J. Rogers,1,3.9,2022-05-10,2022-05-10,1,4BgEHN4q4sR9OSDSxJegGw
Madison McFerrin,1,3.9,2023-02-14,2023-02-14,1,1htTRt6dZPPeqduos5PAmC
Uriel Lozano,1,3.9,2025-09-19,2025-09-19,1,2Dwkm4Djtupfv1Z2Kwd26n
Tre' Amani,2,3.9,2022-06-26,2023-09-15,2,4Dg81Gxw4a1sBI6J6rtCEL
Carole King,1,3.9,2025-03-23,2025-03-23,1,12q3V8ShACq2PSWINMc2rC
douniah,2,3.9,2024-02-14,2026-08-25,2,5MiSddmffBnWuSYQe3unl9
The Detroit Emeralds,1,3.9,2024-01-25,2024-01-25,1,4Q0X9NoEcDTAs9dvdvR6r3
Jaye P. Morgan,1,3.9,2021-11-08,2021-11-08,1,45PY9XQEoGtJfep7L0Vslo
R.K.M & Ken-Y,1,3.9,2019-06-16,2019-06-16,1,2WHctubxf8LzrGr62cLz3d
Carl Thomas,1,3.9,2021-12-14,2021-12-14,1,0NBHHa8wwwmBnn3aAzX5wJ
The Claypool Lennon Delirium,1,3.9,2016-07-13,2016-07-13,1,6iOwd7ZwrZS2bNr6dXtyP3
Lil Ugly Mane,3,3.9,2020-04-25,2021-11-19,1,0BtVGb6pO0lRlP05BPzdxg
Seinabo Sey,2,3.9,2016-06-29,2016-06-29,1,0zhNoNKhia3RRFzrmHlml6
Blue Hawaii,1,3.9,2016-06-29,2016-06-29,1,7yGNPFc5vMk6hQ9m8Ky4XU
Super Helpful Kwame,1,3.9,2019-05-15,2019-05-15,1,0Ueq8OZJUrWJ6G1kaAxDHY
Windy City,1,3.9,2022-05-10,2022-05-10,1,2hNFDmxWoTLHgsFRThLHs0
Qendresa,3,3.9,2023-07-12,2023-07-12,2,06WVY6s3rGLTx7UkuLHQo0
Ases Falsos,7,3.9,2016-09-21,2019-06-21,2,0wmlVXrmdCJOitQX7YmtDX
hxzel,1,3.9,2025-02-14,2025-02-14,1,6iY8qygcQ2Gu7YJfSzhBSL
Reese LAFLARE,1,3.9,2021-11-09,2021-11-09,1,5jxoCMBtObBUFFsGIeqQuM
Khal!l,1,3.9,2023-05-31,2023-05-31,1,41v0M0IEjzVRHQ6wBkc1wF
Antonio Rios,1,3.9,2023-11-19,2023-11-19,1,2HlkWajTgCkjW8VxAdZCYN
LNDFK,1,3.9,2022-02-07,2022-02-07,1,2ZU2uV7bH48wu7auFnw2Qy
The Sukis,1,3.9,2022-05-30,2022-05-30,1,7gVGX8wETHhLlv7S6pSyFc
Danny Towers,3,3.9,2019-08-08,2019-08-13,1,5zJEQdpYiSItHCGMngK329
Aaron Taylor,1,3.9,2022-04-10,2022-04-10,1,2KzpsnZztszanilxkAQBTh
Kero Kero Bonito,2,3.9,2022-06-24,2022-06-24,1,4hglQSLy3PHgu2e1kQ5qxe
Chocolate,1,3.9,2023-11-19,2023-11-19,1,5Qjx4obghhfhsh6DiUwpNM
Bahamadia,2,3.8,2021-11-04,2024-03-26,2,5zhA0hcJGQmiFkGtx19eOT
REMI,1,3.8,2020-10-14,2020-10-14,1,3xD9KPvIfr5YxcJw5XaXvf
Adriana Mezzadri,1,3.8,2025-01-18,2025-01-18,1,0AgIiXfl26nLQWgYPcAlTH
Death Grips,5,3.8,2016-06-29,2016-09-16,2,7riu93M5VsO7kQdMuDwaIX
infinite bisous,1,3.8,2021-10-26,2021-10-26,1,3hOuR8PDOnFLp7Bw4KKvqS
Karaoke - Ameritz,1,3.8,2017-02-25,2017-02-25,1,1DMURWk6FvTpVn1gMqFVZO
Inner Wave,4,3.8,2016-09-12,2019-02-05,2,52n3P3kzpmAeUgD8BIyCWJ
CRS,1,3.8,2023-07-10,2023-07-10,1,5l0WNYfNowCjEjSnGxRWSP
felio,2,3.8,2019-09-13,2019-09-13,1,7syFr4jwwUitOqIk5JQPWz
Pale Jay,3,3.8,2025-05-20,2025-05-20,3,6ZQucKTplXdpBJlnnpqQHI
Liss,1,3.8,2017-11-24,2017-11-24,1,3ykrr7WJ3MZKfGqMaool8a
Souly Had,1,3.8,2021-08-04,2021-08-04,1,7fhFr1lYnxm3XyprL3Wnv8
Celia Cruz,8,3.8,2026-02-20,2026-02-21,5,7rWOuBzhjHdiR7RPz9YH7L
Yella Beezy,2,3.8,2019-08-08,2019-08-08,1,2biNa12dMbHJrHVFRt8JyO
FRITOGANG,1,3.8,2020-11-02,2020-11-02,1,3RUQ8Lu7yR9FXUkwKTDJKA
joeshort,2,3.8,2019-06-25,2019-09-13,2,1HeIS43dgMNPaZPUq6PpYg
Saya Gray,1,3.8,2020-06-16,2020-06-16,1,5yk3STf33gZS1Ut4WoZVXp
The Main Squeeze,1,3.8,2022-06-01,2022-06-01,1,6FWNNt0FE2CWSY5U5x4crE
Stalley,1,3.8,2016-07-13,2016-07-13,1,1q3wJpuNy347RMDT183Vz2
blink-182,2,3.8,2023-10-29,2024-12-13,2,2m1hi0nfMR9vdGC8UcrnwU
Ramsey Lewis Trio,1,3.8,2017-09-18,2017-09-18,1,61qG8xR8ozGQrI0YAjcd1c
HEIZE,2,3.8,2017-09-25,2017-09-25,1,0Yz3F0UGDibDe8uU69zmjn
Elles Bailey,1,3.8,2021-11-24,2021-11-24,1,3gcIVcnO6Y1DLVo8hQaPuM
Dona Ivone Lara,1,3.8,2016-07-12,2016-07-12,1,2V100h5YtlJNER3xib9gFB
Kibishi,3,3.8,2020-04-12,2020-04-12,1,6Cvg6ojYitzuxZt1YHFmOI
Giggs,1,3.8,2019-03-11,2019-03-11,1,2j36iWSMTg412fdTQx4WdI
CON,1,3.8,2023-04-13,2023-04-13,1,1ZNoLHGmdb4GJDL0KDxQbZ
YG,1,3.8,2019-06-21,2019-06-21,1,6CX0WrNFDyA5xM3wqWFAZV
Vicente Garcia,1,3.8,2024-01-22,2024-01-22,1,2gT8OWcAgPg0yawg1qw4Nv
Pollens,1,3.8,2016-06-29,2016-06-29,1,2VNaI7OcS0qbx40J1riW4I
Safiyyah,1,3.8,2020-05-08,2020-05-08,1,1I57aIGU63MLkf99oWpQeo
Bring Me The Horizon,1,3.8,2017-05-22,2017-05-22,1,1PInWkBARsxLyouDqa2GtF
Nonpalidece,1,3.8,2025-03-31,2025-03-31,1,32IImwtinyH53ah7mNAX0E
Cabezones,1,3.8,2014-11-18,2014-11-18,1,1RDKHa8uHT0e2HwXY9KsK0
Cami,2,3.8,2020-03-05,2023-05-10,2,1ueLYdeuGMAwUiaezLDObD
El Perro,1,3.8,2025-09-19,2025-09-19,1,5jORaKAuneXipXzKWWKNH8
Rodrigo Carazo,1,3.8,2024-12-31,2024-12-31,1,0U7bt1SvT8ioZA0xVVt8cK
Corbin,2,3.8,2019-05-15,2020-03-16,2,38zA3IBZaeYFofc5eWuuXF
mt. fujitive,3,3.8,2021-04-05,2022-11-13,2,4kFkWxHJgzcNumjUMfE5J7
Derek Pope,2,3.8,2019-05-22,2019-05-22,1,1XCMRQPTioZcG7AzGq3O2f
Kryptonyte,1,3.8,2021-06-07,2021-06-07,1,1r0GNjx1G0tIx5miCSHfH3
goosetaf,2,3.8,2019-07-04,2019-07-04,2,2N0klUrbi6TyFohd9CZn2U
Substantial,4,3.8,2019-06-11,2021-02-27,1,6tqTIOlodwVQuPxEXNJk57
Marc E. Bassy,1,3.8,2017-09-21,2017-09-21,1,6uT9XRrPvimLt62FNjMNBv
Hil St. Soul,1,3.8,2025-04-23,2025-04-23,1,4lsPHldHD0Qn712Bg8g7Az
Monsune,1,3.8,2020-06-16,2020-06-16,1,7zTTDkkLkJ2iHAqq1daDCr
Lil Alice,2,3.8,2021-07-11,2021-07-11,1,1YCQLUpd4HAvpITVDglW1F
JoshButlerTv,1,3.8,2023-09-15,2023-09-15,1,3sDiwG9WxFceHUfNSawD6b
T. Rex,1,3.8,2023-08-22,2023-08-22,1,58zvkTcVYecJvk5fl44PyV
Coti,1,3.8,2023-11-01,2023-11-01,1,7GO6pBFbieZ30NjGIp2LP5
Los Chicos de la Vía,1,3.8,2023-11-19,2023-11-19,1,3WzLZqyREai08K2AOFrkqV
C-Murder,1,3.8,2018-01-14,2018-01-14,1,1wKXq2v6jbWPM2hH2uj0bx
Black Rebel Motorcycle Club,1,3.8,2021-12-13,2021-12-13,1,4mpAm83XX1iS63l8wmkEC6
Blackstreet,1,3.8,2023-12-24,2023-12-24,1,3Rm951GnrOHPD0ooZZfPJn
Bassti,2,3.8,2020-02-02,2020-11-30,1,3vnGRHbTtEJXprw7MzJ8H7
Lew Kirton,1,3.7,2019-03-07,2019-03-07,1,20K0A5hO3zDDZ0knRv7qzo
Flamingosis,1,3.7,2019-09-13,2019-09-13,1,6i3i8Mm2ul9SdYxPWVnoDp
DJ I.N.C,1,3.7,2025-02-14,2025-02-14,1,3VF05pB6KTBK0lJWXDmus0
DEAN,3,3.7,2016-08-02,2017-08-24,1,6VkGvZnA3wNQnnp4ipzQjP
Epik High,1,3.7,2017-09-04,2017-09-04,1,3pEnw8lI3cmoItuKfVysWX
Agrupación Marilyn,1,3.7,2025-07-05,2025-07-05,1,558S2P5A4Ku4bnXheLaXeG
Madeon,1,3.7,2017-05-22,2017-05-22,1,4B59CsEpwMFAOQXu7snoJF
Belly,1,3.7,2019-07-15,2019-07-15,1,5e9aFSdnkQUrm5y8Dhw0qN
Phoenix,2,3.7,2014-12-27,2026-03-11,2,2THkQauDWMvJgXFGPY4iKB
Unknown T,2,3.7,2020-11-16,2021-06-17,1,0L0sXaqVYGpvXWcikG6zlk
THE ANXIETY,1,3.7,2020-04-25,2020-04-25,1,1aNiHxopNsQDGRCrrAw9FX
Yng Lvcas,1,3.7,2023-02-16,2023-02-16,1,6odrHMSLjP3aOXC4ipKUC6
Jacob Rochester,1,3.7,2021-04-21,2021-04-21,1,7zTToitfNFGPdm6mzFs1gP
Slowya.roll,1,3.7,2021-12-02,2021-12-02,1,3f5CmDMjox3b3xB7h9kcRu
Young Cister,3,3.7,2019-04-06,2019-04-06,1,6iySikC47qPQUM8kXO70tZ
Fil Callender,1,3.7,2024-01-23,2024-01-23,1,2DdTrnTUuROMdNyJOOx3aw
Elliott Smith,1,3.7,2016-07-04,2016-07-04,1,4VVVIchlJFKul9vntEVNcz
Lauren Anderson,1,3.7,2021-11-24,2021-11-24,1,6paMAWG7CCn967OkrIILty
Turnstile,1,3.7,2025-09-15,2025-09-15,1,5D7AFGloFpXtdT2PiKTEC3
"The Good, the Bad & the Queen",2,3.7,2022-06-24,2025-03-31,2,1QfeZxMrapvHtqYZhBfF9M
Talos,1,3.7,2026-08-25,2026-08-25,1,7fdhjLMlLnUHSvnagz9RZW
Shintaro Sakamoto,2,3.7,2016-07-04,2019-02-11,1,2iDjKR2fXQyODcDKUMoWHK
Abraham Mateo,1,3.7,2022-11-12,2022-11-12,1,7dT6ccDqmMHvz5C0d8iUND
Michael McDonald,1,3.7,2021-11-08,2021-11-08,1,5GvWrvLIqoHroq7YvO260M
Queen Naija,1,3.7,2021-06-10,2021-06-10,1,0FhfNle9FovXRL03awCJbe
Kojaque,1,3.7,2019-05-22,2019-05-22,1,6wtN7CqLJN6OZu7gZjejoa
KOHH,1,3.7,2017-09-21,2017-09-21,1,5q1iPdNMLA5H9yFoZn583B
Elijah Fox,1,3.7,2024-12-26,2024-12-26,1,5cribHMAGa0JRgTsWuQ8CT
June One,1,3.7,2017-08-03,2017-08-03,1,11Z6c96tYxvmLJgO3Jps5L
Lizzy Mercier Descloux,1,3.7,2016-07-01,2016-07-01,1,49xMOQSvNoCZ3v6DFzTOGB
Kid Sublime,1,3.7,2025-02-14,2025-02-14,1,0cptVnHEM3mvDbRoZNLzlm
Camilo,3,3.7,2021-12-30,2025-04-17,3,7D7EH7MGyNHWSkqrszerI1
Igwe Aka,1,3.7,2021-10-20,2021-10-20,1,1eOV6owRPz5ZWBZJp2mjHv
Trap Rabbit,1,3.7,2025-09-15,2025-09-15,1,3htwJTNr1DJYsUm2ePJ5h2
Sir Michael Rocks,1,3.7,2023-07-26,2023-07-26,1,3rjloLJ4FOPoYxsJxQLwiP
Ashia Kashyap,1,3.7,2022-11-19,2022-11-19,1,3Setdymx44HIU2wb7sW5s6
CeeLo Green,1,3.7,2023-08-26,2023-08-26,1,2TIGwYiQYr1N5zTOQToDfK
2hollis,1,3.7,2022-02-07,2022-02-07,1,496TD3rnHUlD3hJiTU2vmp
Noah Pino Palo,1,3.7,2022-06-10,2022-06-10,1,7pEgYtpi1NfpJy1fa94ReI
Evalyn,1,3.7,2022-11-15,2022-11-15,1,7auPqljdHNJQdfGmoIJv8T
Jdawa,1,3.7,2019-02-25,2019-02-25,1,148G9oisX8sWJMS0O2ibTM
Cedxric,1,3.7,2022-06-13,2022-06-13,1,6wviRT1RUMDnzpojMvG7C1
Tati Falco,1,3.7,2022-05-02,2022-05-02,1,23r6AVrbGE5Fdcx28CMVq6
Wu-Lu,1,3.7,2020-09-04,2020-09-04,1,26c64OCLgnghoaYFqQa5Zo
Hipnotica,1,3.7,2022-05-02,2022-05-02,1,4ygWFQc3LTTmm5N0XrnbvA
Rhymefest,1,3.7,2026-04-15,2026-04-15,1,3hdtox1ZVmJBF9YjcEUy1o
Trey Songz,2,3.7,2014-08-02,2017-08-28,2,6ydpPcCGhQ4Ox3H0ly0WcX
Wet,2,3.7,2022-04-24,2022-07-09,1,3QVOw80vrsAV8UpNMUKI3G
Merges,4,3.7,2023-09-01,2025-09-05,2,1ICIA18RiiuG86FKOxwmNp
Natural  High,1,3.7,2019-03-07,2019-03-07,1,6VZKvKt97cJGuXm6CiWfdg
Karnivool,4,3.7,2017-12-04,2017-12-04,1,1Jnp6In3o2qarJS6mPP8px
YUNGMORPHEUS,1,3.7,2022-02-03,2022-02-03,1,2JnNqbqO0dkeo0hMN4moOL
Lizzie Berchie,1,3.7,2023-03-29,2023-03-29,1,7K4ljQxjbS9OKDJAlSDWWA
G Perico,2,3.7,2019-10-21,2019-10-21,1,3LHRbSZtoVJVsFAGyHEIAw
Cooliecut,3,3.7,2019-05-03,2019-05-22,2,7wiFqOWEOHPdYojpDcnNuA
Los Totora,2,3.7,2016-02-27,2023-11-19,2,2VtwDQBcDHB2BdhMOq4Z5L
Disiz,1,3.7,2023-03-26,2023-03-26,1,6f8OoMH6hFndm2kjL34BEU
Ñejo,1,3.7,2019-06-16,2019-06-16,1,2qq5HTgeJTLL9oY7b4X16y
Paco de Lucía,2,3.7,2024-02-19,2024-02-19,2,0qZGvXMDM6H1r5Xc6wWHMi
Joe Beard,1,3.7,2026-08-25,2026-08-25,1,4IyMQyK4Yj0I5ibKDrOWfx
Jami Lockett,2,3.7,2023-03-15,2023-08-25,1,6wc9okf0EHtuMlozIBc29S
Flipsyde,1,3.6,2021-11-24,2021-11-24,1,0RiY8zC9nRkLJmjyWL90Or
Megadeth,1,3.6,2016-12-02,2016-12-02,1,5ssGEsRyyLKUBF2jERNgb2
KIRBY,1,3.6,2022-04-10,2022-04-10,1,2YZqTZTT2SCB3CYcO3AZ7c
Yung Bleu,1,3.6,2021-10-26,2021-10-26,1,4tgrfuvLKz2fnoPPNiMKWM
Swae Lee,1,3.6,2023-07-10,2023-07-10,1,2sqsNXfN0HtgDEgaHXiUTa
Bomba Estéreo,1,3.6,2016-07-21,2016-07-21,1,4fDwxWXafzNfBVT4aY3Am8
On The Radar,1,3.6,2026-08-25,2026-08-25,1,5WFwBDTUMCbLMSXSM1eiBs
Forest Claudette,1,3.6,2023-05-31,2023-05-31,1,0D8aqu4R2FCOtpw5WR7XWi
Fidel Nadal,2,3.6,2025-03-31,2025-03-31,2,3Q0COFjoS7geL4ZrpmNNfB
Pure Funk,2,3.6,2019-03-07,2019-03-07,1,5imsVc0nCBfPZzCGPsl1b1
Band Of Thieves,1,3.6,2023-03-26,2023-03-26,1,1JzOhbuQqdRQDJUlSxCh2A
Fwdslxsh,1,3.6,2017-11-06,2017-11-06,1,7MkT8NjCn8Mf5VsL7YA5Ar
Bastien Keb,1,3.6,2020-06-17,2020-06-17,1,5KgDztq0q1kEO4UXVDCrID
Juan Pardo,6,3.6,2025-06-21,2025-11-01,1,3Qi1utWXFqbiixndZqgN8h
Young Rog,1,3.6,2021-10-26,2021-10-26,1,1iyQ3RBOJNh1fx2qNEAPPZ
Natasha Bedingfield,1,3.6,2023-08-26,2023-08-26,1,6MFQeWtk7kxWGydnJB2y36
Fotomaker,1,3.6,2021-11-08,2021-11-08,1,0ypkj6NkkI6dVnQhYNrudi
Safree,1,3.6,2022-05-24,2022-05-24,1,6yaF6scGezCZ2E5telmJpZ
Rod Gator,1,3.6,2021-11-24,2021-11-24,1,0fYkNpOMsXzSARMvUN2QdC
Badge Époque Ensemble,1,3.6,2024-02-20,2024-02-20,1,38xwnFSKNxFwMNEAIFwNHh
Clari Ceschin,1,3.6,2026-08-26,2026-08-26,1,6vqf6ej5ssf3amrMlpa3qW
Oh No,3,3.6,2016-08-08,2016-08-08,1,2espn89iz8Xrf22RMMWFA1
PYJÆN,1,3.6,2026-08-25,2026-08-25,1,6dNdonjEOBdggoQNcMeT6S
Cru,1,3.6,2024-03-26,2024-03-26,1,60KWmDnLE9jB9dHVkhlu3P
Adanna Duru,1,3.6,2023-10-30,2023-10-30,1,1zguA9SkgWEw0UlluZ47XY
Vels Trio,1,3.6,2025-09-15,2025-09-15,1,4K9rzOmoHGDny6hl97BCTw
Ajani Jones,2,3.6,2023-09-15,2023-09-15,1,6rDi6J47Xv5UFBy9o7GMpe
Klaxons,1,3.6,2021-12-13,2021-12-13,1,0TRvSkiK0eQEejmiu4vBzi
Mad Keys,2,3.6,2022-08-16,2025-09-05,2,59OPrWGtvJHCa6BOj8pVuN
Thybxlle,1,3.6,2021-10-20,2021-10-20,1,4xmkYgcEdmoOnj500KQJjU
Kendrick,1,3.6,2024-02-20,2024-02-20,1,42cHdq3zpIDIvxB0ADqQrI
Floricienta,1,3.6,2026-06-25,2026-06-25,1,69JPaLMV4m7Z383Vw9RtFW
Mo'Kalamity,1,3.6,2026-03-17,2026-03-17,1,3tlvMnw2YNRGcPsq9MJC93
Unusual Demont,1,3.6,2020-12-19,2020-12-19,1,6xNkEcbvpPcdSOFKFXNpFL
Jordan Bratton,1,3.6,2017-08-17,2017-08-17,1,67sARzYnNgxQo65sb8FoI4
Mora,2,3.6,2022-02-23,2023-07-11,2,5jt25aFjW2kNoBqaEVaz5W
Palehound,1,3.6,2016-08-29,2016-08-29,1,5hRm3jPT463zpu94TMgCpO
Bajofondo,2,3.6,2015-09-21,2018-05-25,1,3AlcdhlEh1n9zzymRNXGfi
OSHUN,1,3.6,2020-08-14,2020-08-14,1,4wgOYKIr7DH4kVBEupQ0MZ
Muunjuun,2,3.6,2024-05-13,2024-05-13,1,4p364liQVlHCt511lw7DoP
SuperJazzClub,1,3.6,2023-06-12,2023-06-12,1,1gitm0ex2VODvSmsycXCT6
Ricardo Montaner,1,3.6,2024-01-22,2024-01-22,1,48WszbQrrjEnouJmKzNDba
J-Live,1,3.6,2026-03-07,2026-03-07,1,5Vk0SrWT5etGcn2RaMR4N4
Carl Martin,1,3.6,2026-08-26,2026-08-26,1,3sqPnP5un95zuGeCfj9E4D
Biako,1,3.5,2023-10-30,2023-10-30,1,4Kjec64LVW0dsKHi5BTWJ7
Malandro,1,3.5,2024-12-26,2024-12-26,1,6bwBz3rAURDJCLjEdfmvjB
Future Islands,3,3.5,2016-09-30,2017-03-14,2,3feQuci0FW6ZJKufBJ4S4g
ZHU,1,3.5,2019-03-11,2019-03-11,1,4u28xxkgsCYGjQ9rJst8Bp
Seven Kayne,4,3.5,2019-07-20,2023-07-09,4,42NACeANuRucHuCOFL5umq
Shoreline Mafia,1,3.5,2020-04-28,2020-04-28,1,0doPjH3V2qKDUKjfpW3k92
Bruno Borlone,1,3.5,2025-03-23,2025-03-23,1,1JjqLOgzSZZKokjiurRIBw
Linus Hablot,1,3.5,2017-08-10,2017-08-10,1,1fifRQwSM5cUGMWbWEX8k8
Stefan Sands,1,3.5,2025-05-20,2025-05-20,1,2BRlr1GWfNxtZllyf5YB17
Jairus Mozee,1,3.5,2024-05-13,2024-05-13,1,6F0tOZdsmDAEmNsFvTWjjD
Omy de Oro,1,3.5,2019-09-06,2019-09-06,1,4yZI69ElgxddAUGNJjzc0j
Marc Seguí,1,3.5,2023-02-16,2023-02-16,1,1v7Gzm6RKvgZbTPEoLALmu
Squall p,1,3.5,2023-06-07,2023-06-07,1,17ma8pF1MfxFUUO9hbnlht
ROLE MODEL,1,3.5,2022-11-15,2022-11-15,1,6APTEV2EIRpBEvuTrS5XTv
Billy Bahama,1,3.5,2022-05-02,2022-05-02,1,1uUveXLcTNyQSDbyo47RBm
Maverick Sabre,1,3.5,2019-03-02,2019-03-02,1,0AqMAXSzkIRMV0alAddJK8
DOWORK,2,3.5,2021-12-02,2021-12-05,2,55LozwKlz0eZHLKYWIqzFL
Naomi Wild,1,3.5,2022-07-24,2022-07-24,1,2IM8UcsHElXjQkkhlOuODo
MADELEINE,1,3.5,2024-07-29,2024-07-29,1,23lHAcn7a37XceXZROWF4H
Mseco,1,3.5,2024-12-26,2024-12-26,1,2443TnEB9aGM7QNm7pKapu
John michel,1,3.5,2025-09-25,2025-09-25,1,4P6uiNKqxFRN11wFj8tcnc
Facundo Cabral,2,3.5,2025-08-23,2025-08-23,2,2bn7LTgptoAOYS7IkHEMMw
Buddy Guy,3,3.5,2016-04-01,2017-09-18,3,41DyUcEAiyVtNCrWElC32R
Lizzo,2,3.5,2023-02-09,2023-02-09,2,0rc1HCVoReqzzXF9jssqZk
Pocho La Pantera,3,3.5,2017-01-28,2017-01-29,2,6BNiQX0xz7bk0rOIVBlFag
7xvethegenius,1,3.5,2023-07-26,2023-07-26,1,2Wg7iSyQlnBgWTGkCnzAYD
Translee,3,3.5,2017-08-03,2017-08-04,1,5TSg57CVjhHgH7CaNQK5fJ
SERAPHINE NOIR,2,3.5,2024-03-26,2025-02-12,1,3KD5AnJm4LlibbdykzcfzP
Awon,2,3.5,2020-11-12,2024-04-05,2,1aI71C2hn6RGLhNPpD2Gew
Keith Mansfield,1,3.5,2022-11-19,2022-11-19,1,6CWBpOv0X9se3d4Z4PaVmS
Mcbaise,2,3.5,2022-06-24,2022-06-24,1,4eNwgcKvY5ky5jaW8bS3Lu
Remy Banks,1,3.5,2023-12-28,2023-12-28,1,3OH0q5zkCvVJIac7ebRJQ5
Gustavo,1,3.5,2015-08-26,2015-08-26,1,5YCE29kZminxbIiedFI0yq
JVKE,1,3.5,2023-02-16,2023-02-16,1,5odlY52u43F5BjByhxg7wg
dvsn,1,3.5,2022-07-24,2022-07-24,1,6oIahjoSHQ3GQJg0hrLdzY
Sonido Basico,1,3.5,2022-11-12,2022-11-12,1,0NkuzbNFh2eOX97uXxhaTc
Night Beds,1,3.5,2016-06-29,2016-06-29,1,1RI9F0j7Jk1wBRFxJDN2wu
Fortnight,2,3.5,2019-06-25,2019-09-13,1,2JDfM5lB1LImQsQZRqspRH
Melo Kan,1,3.5,2025-02-14,2025-02-14,1,3KiHviQnMqQqvbQ7Bo6ZS0
Cool Company,1,3.5,2017-09-25,2017-09-25,1,78XcVKb0SkKhdEzqKM5h4w
Protoje,1,3.5,2023-11-10,2023-11-10,1,43CAMHDrAVA3nJP2zgKJDI
Gusttavo Lima,1,3.5,2022-01-14,2022-01-14,1,42P3wMiPfXQM93TYZotuPQ
Jerry Rivera,1,3.5,2018-01-06,2018-01-06,1,3WSfHPGom3uGGhVQm426bg
Daraja Hakizimana,1,3.5,2022-02-07,2022-02-07,1,0JsvNBfKbaKTJTZXbDkxKE
Nicolas Ibarburu,2,3.5,2024-12-31,2025-08-23,1,2AfxrT1Si01R6cZBFPdClp
Hemlock Ernst,1,3.5,2020-05-08,2020-05-08,1,509YLNomYrzSWojfzRCjkb
Niko B,1,3.5,2024-11-25,2024-11-25,1,1Eh9UAAcmnp1FkHVKd5YiZ
Fuzz Rico,2,3.5,2017-08-14,2017-08-17,1,2rq3NUZzPZcg6kbUvUIVev
Allem Iversom,1,3.5,2021-09-07,2021-09-07,1,0qYmTBOZot8VM1ynsDUqSr
Blue Room Mafia,1,3.5,2019-03-11,2019-03-11,1,6tGdE2dFyuvSNIPvDUVb9h
Churupaca,3,3.5,2025-08-23,2025-08-23,3,1IU7wWvWFcIiIagwHjIJDX
Pote Baby,1,3.5,2022-06-27,2022-06-27,1,7L8y3K3XzcWaBTekYFKiRF
Dudley Perkins,2,3.5,2016-08-08,2025-08-06,2,616ifN0xJYcnlg8QqXRsHF
Kit Gordon,1,3.5,2020-07-18,2020-07-18,1,6uAsEk0IjFmwIgK8PeokJo
TD Cruze,3,3.5,2018-03-22,2018-05-13,1,6iDFHXmZcfprK6hoGQUHVI
Jamie Woon,1,3.5,2021-10-16,2021-10-16,1,2dk5HQv2V6hEVeGGlPvCFA
kokoro,1,3.4,2019-09-13,2019-09-13,1,3d8Sxtr6N7StdM3R0e8bed
Richard Hawley,1,3.4,2017-09-21,2017-09-21,1,3mHL6KMXtHqWR23IJuHFOx
María Rosa Yorio,1,3.4,2026-02-10,2026-02-10,1,4ol46B5p8VHzx4SXc1nSNF
ELIO,1,3.4,2022-11-15,2022-11-15,1,2DGdgztVbE3pFmqoF1rHzp
Staggr,1,3.4,2020-04-25,2020-04-25,1,4p1xmeNTHNUqtD4mMzlmSQ
Telana,1,3.4,2017-08-14,2017-08-14,1,61tL9S6jCbNXGWb41kKGHD
Dj Swet,4,3.4,2021-07-20,2021-07-20,4,4NxeeuJrgluwD9XXEQUEn6
Anitta,1,3.4,2022-06-11,2022-06-11,1,3SWjpNMVUi5UXz096NbfPr
Jaguares,1,3.4,2018-03-08,2018-03-08,1,6iRkrVOhCjgKFB2cBWnx4M
Fianru,1,3.4,2024-12-26,2024-12-26,1,0Rg2LUUTvv6al186PAXAvY
We Are The Grand,1,3.4,2017-08-27,2017-08-27,1,6Q9D0484mLIF6lNjcpwtif
greisun,1,3.4,2021-07-22,2021-07-22,1,4XJDr2TZWavlnddVcp7TIr
Lewis Capaldi,1,3.4,2020-04-11,2020-04-11,1,60iSKGrGazRzICtMjADNSM
IGLU NOISE,1,3.4,2020-04-25,2020-04-25,1,2I2j07jujTUOTrQ3KV9cLG
Brooke Valentine,1,3.4,2022-10-12,2022-10-12,1,4wqjDYmQF0SZUHeWpl7iCi
Tomi Morano,1,3.4,2025-03-23,2025-03-23,1,73tpScoGj5Xa4kAEfjD9bQ
Alex Turner,1,3.4,2025-07-18,2025-07-18,1,3s5ogvexUgA6XjNj37zpnP
Guaynaa,1,3.4,2019-03-28,2019-03-28,1,2YRvdf9cdS88y1wB1WhKoE
Fonseca,1,3.4,2024-01-22,2024-01-22,1,6EjZfW6C5msXQNaf1kquu7
Ace,1,3.4,2024-01-24,2024-01-24,1,6Wgst4P9SOnc6WGLtfTb1z
Tobe Nwigwe,1,3.4,2023-03-29,2023-03-29,1,3KVS5CzCxsfQ4iZcOpD7xk
Tarcis,1,3.4,2024-05-02,2024-05-02,1,2lleC1M9NfMVyYXkNYtfky
Elijah Who,4,3.4,2019-09-13,2019-09-15,2,6XDaxUjnRAw7CVWlIGWi17
The Libertines,1,3.4,2021-12-13,2021-12-13,1,2EtZFeLn9msgg4qJzT9Vql
Kaz Moon,1,3.4,2022-06-01,2022-06-01,1,0oo2XbNe3V579tgoItf8tz
Noel Redding,2,3.4,2017-05-27,2018-04-27,1,5r97cYQ6UtqKMWV3bUwHRU
ProbCause,1,3.4,2016-07-21,2016-07-21,1,3M44wLMUU3xqXOlXs96axV
Mundialista Crew,2,3.4,2024-02-05,2024-02-05,2,2AxzQded8FgpiikNxP2dDc
Cráneo,6,3.4,2019-06-21,2024-09-03,4,4oLHUSxxs2HIMZKf4LKLoX
The Cure,1,3.4,2025-11-19,2025-11-19,1,4xiyq1iRdsxuU1BPUJ490Z
Xavier Dixon,1,3.4,2023-07-26,2023-07-26,1,3WGSPjjgCZMN3ujB550CaR
October London,1,3.4,2024-01-23,2024-01-23,1,5BzADVUCRuxiPz2ah64RLk
Yuri Tanaka,1,3.4,2023-06-07,2023-06-07,1,6kpNsMaTHS55hHPKJAagsT
Angel Y Khriz,1,3.4,2026-02-20,2026-02-20,1,2Jz1X6ZB0gkkCVgmeVGVGp
Vicentico,2,3.4,2017-07-29,2018-03-08,2,66JW6e9yEE8A0Y3pLpW6iD
Los Bunkers,1,3.4,2018-03-14,2018-03-14,1,2bQn1ATsEIWwswbsPpOrp9
Mura Masa,3,3.4,2019-04-06,2019-04-06,1,44Yrt6xIUdcooTbDh57hrF
Deb Fan,1,3.4,2024-02-14,2024-02-14,1,2K2NYHKFiW7oSKlbtO5Xxj
Kipp Stone,1,3.4,2023-03-26,2023-03-26,1,7FShuykT2X15PNUHBBWbGP
SAFE,1,3.4,2019-05-30,2019-05-30,1,54fp2te55cEempad9L0TMy
Eme Sarav,1,3.4,2023-05-10,2023-05-10,1,0FD6w3HeEOT82gU3v04fvW
Nakala,1,3.4,2017-09-04,2017-09-04,1,7yfysO9K1UYUG9GdKpxwdW
Matt Cleare,1,3.4,2023-07-26,2023-07-26,1,0fq9lmOZ50X2Oo0apdDk62
North Mississippi Allstars,1,3.4,2021-11-24,2021-11-24,1,2V5o61Yu0ddJDFz1Pi8T3N
UHMEER,1,3.4,2020-09-17,2020-09-17,1,1cJc5NjX3FVnzTsb2HTFOA
Carlos Gardel,1,3.4,2026-02-10,2026-02-10,1,6sGfYOW9RUwGDm9xlrzutp
Joka Jr. Suarez,1,3.4,2023-02-26,2023-02-26,1,2gT5Hkj1gcuECnRIrFYoEQ
Gianni´s Humble,1,3.4,2024-02-20,2024-02-20,1,6KLoBECakMg6TLHCxmhkfp
Michael Christmas,1,3.4,2020-09-17,2020-09-17,1,55cnCtHvym8nugxOJ4dNNC
Jovian,1,3.4,2023-04-13,2023-04-13,1,4pEkyr5ZACHaFtnIlpw4YX
Leroy Hutson,1,3.4,2019-03-07,2019-03-07,1,5Wnn5MAoGQ64ofFa7zUZTl
Piso 21,1,3.4,2023-02-16,2023-02-16,1,2RVrdr062uLFxXwIxwdXPH
HAWA,1,3.4,2020-05-24,2020-05-24,1,5fWsomXE8T6wlSfSDCwyZm
MASY.,2,3.3,2023-04-05,2023-04-05,1,08GUWwT14JBrVF9Dvp4AJ6
El Reja,2,3.3,2016-02-27,2025-09-19,2,2Ue6HKn8jqcOaOT467gQHw
Nathalie J,1,3.3,2022-11-19,2022-11-19,1,6eIaNamCwzTfJr4SrFypu5
Dennis Bunzeck,1,3.3,2017-05-22,2017-05-22,1,5L6fEx13cMTVSFz3BAIaJD
Benny Goodman,1,3.3,2021-07-11,2021-07-11,1,2AFLjcssAvJq62eeHZ0Q4q
Tora,1,3.3,2021-10-16,2021-10-16,1,3aNEwbRi810s8HC4Ev6JYZ
Ceaese,3,3.3,2019-06-11,2019-08-08,2,6OPl2rRpNsW1BZmtrSxP6X
Diel Paris,1,3.3,2026-08-26,2026-08-26,1,4FeIKd4S3ihhzlYorunZfs
Amir Obe,1,3.3,2019-02-05,2019-02-05,1,33C9eAG5R6Brjf16jxCnA2
Trap Beats Pandits,1,3.3,2017-05-21,2017-05-21,1,7MwRsGiQOAbSUfjsW9ShYm
Grimm Lynn,1,3.3,2022-06-16,2022-06-16,1,7mRYc7MBzPiQpW1wlVdz4w
Darell,1,3.3,2023-11-05,2023-11-05,1,3cDyocF0Ibdfs1SFQk5cLZ
Dez,1,3.3,2016-07-13,2016-07-13,1,6eG4k0l37msrSYDkZsk3CW
Falcons,1,3.3,2019-02-05,2019-02-05,1,5n5TzNpCrQHmsM9IlGOYqc
Nima Noi,1,3.3,2022-11-22,2022-11-22,1,2uUsM8gmp9HHToPcehe9Zl
Jack Marzilla,1,3.3,2017-11-06,2017-11-06,1,12FMNcZqq8jPYETQxzSsQ0
Mks,1,3.3,2024-06-26,2024-06-26,1,2aiktOcpNFfbHewJfu4pnf
METTE,1,3.3,2025-07-28,2025-07-28,1,3JhpAudiaS7sjVGnL09fx2
Ro Ryon,5,3.3,2021-10-11,2021-10-11,4,13Q0lARmu5InM580NmMVjT
The Raincoats,2,3.3,2020-04-28,2022-02-21,1,2fWxcJeDQiLStdAdwF4ms6
Borgore,1,3.3,2017-08-17,2017-08-17,1,7kqTxDICBTEULuFicL5tJ3
Bentley,1,3.3,2023-06-07,2023-06-07,1,7rrPANmUDxWbA9e6rtenLa
Scribz Riley,1,3.3,2020-11-02,2020-11-02,1,0AVoN6YquWdecZzjGeaPsk
Patrick Cc:,1,3.3,2022-01-11,2022-01-11,1,2vlNjrvCyPC8ub7Mwx3zgm
TV Girl,1,3.3,2019-05-30,2019-05-30,1,5GKekzF1YcR2DQd9c3DI8y
Tiwa Savage,1,3.3,2020-08-18,2020-08-18,1,3KZK9MF3bAixN5UWOHVTbf
F & M,1,3.3,2021-07-11,2021-07-11,1,6MjrYOWOGyblz2yqO4XCQm
catch92,1,3.3,2019-02-25,2019-02-25,1,6NIDG1EAFQXfFtLAE80oxy
JazzZ,1,3.3,2026-08-25,2026-08-25,1,1d8B6QYcKDKB1xseyGPotH
Matt Wilde,1,3.3,2022-08-16,2022-08-16,1,70eLlZeUn31MKzLaVlSlbP
Cumbieton,1,3.3,2025-09-18,2025-09-18,1,2HIDzNVi4d3JRyPklMNpnW
Ralphy Dreamz,1,3.3,2022-01-14,2022-01-14,1,54OZxg4bsXWTfIZED7Xz3r
Destin Laurel,1,3.3,2023-04-05,2023-04-05,1,3gcWCQg7hbMzBj1NzYsHhE
Dweeb,3,3.3,2019-06-12,2019-07-04,3,62lfv7Mu5cVaXOCEW6zqUJ
Wolfie,3,3.3,2018-03-14,2018-03-14,1,2YhjIZ5x5HNjTsrFJbrhYB
The Mighty Ryeders,2,3.3,2019-03-07,2019-03-07,1,0XMG6xFjvvgdeoAdYx7COt
ImaniCarolyn,1,3.3,2020-06-01,2020-06-01,1,6rlJva8jALN6AEw6bFe93M
Daniel Toro,3,3.3,2021-04-07,2025-06-29,2,0Yo7MD7FHMzKC48bJctzlB
mr. moraIe,1,3.3,2025-02-14,2025-02-14,1,2eGNXWJhDGq1Jyatxa9QuZ
JeffuChrist,1,3.3,2022-11-19,2022-11-19,1,5CcMdUgMM7eq2jK6QDTk2E
Christian Nodal,1,3.3,2023-02-02,2023-02-02,1,40vzZFWG1h60TdZPuxuX3Y
Tavares,1,3.3,2016-07-12,2016-07-12,1,0OhpOmbSSSlNROas9zGP7N
Ajebutter22,1,3.3,2022-06-26,2022-06-26,1,2Wa67iymOfKbetMWP2uYiV
STRFKR,1,3.3,2016-01-15,2016-01-15,1,6wtcxwSJs82tpdeIoj93LF
Large Professor,1,3.3,2019-06-13,2019-06-13,1,3TGJJERElA998ZlJcfA1Qz
Avixn,4,3.3,2019-09-13,2019-09-15,2,65kOCXGJwm6ngo72eXU3vp
Las Sombras,1,3.3,2022-05-02,2022-05-02,1,71fxuzel9fUGYTOTaQDb4g
Drakeo the Ruler,1,3.3,2020-11-15,2020-11-15,1,1VmiulucXYejQ40mwygOsR
TAVE,1,3.3,2025-07-22,2025-07-22,1,2SGV5jQvP4d226tsXDwch3
Southern Avenue,1,3.3,2021-11-24,2021-11-24,1,5UAYqhxCxhZIL6A667eYBV
Solok.Os,1,3.3,2024-04-03,2024-04-03,1,4grtDA2VYEUO8eoPNr5OTs
Da-P,1,3.3,2021-06-17,2021-06-17,1,3taa9MzptO16bBlsgbKt1A
Jessie J,1,3.3,2025-01-18,2025-01-18,1,1ry2SRTPT0w0FvdRtvr64K
Sammy Irish,1,3.3,2017-05-22,2017-05-22,1,0OfzxgGYn8yKeZtNNIoWaz
M.I.A.,3,3.3,2025-05-14,2025-05-14,1,1ixbwbeBi5ufN4noUKmW5a
Cherrie,1,3.3,2017-09-21,2017-09-21,1,2L9gFp55NVmmljUxmzYniO
CLXXLC,1,3.3,2023-12-28,2023-12-28,1,7HETt3xqu3VtkhidwQwRy8
Agus Padilla,1,3.3,2023-02-16,2023-02-16,1,1j6c4lp462i5HUcSEtphGW
Katy Perry,1,3.3,2017-12-16,2017-12-16,1,61WbtB6ujkpNAsAf5LjF4b
Eustace Zachary,1,3.3,2023-07-14,2023-07-14,1,3VXo1X3728wauOstZ44viK
JERREAU,1,3.3,2020-11-30,2020-11-30,1,1wpMmicIKDLADwKzeZMdNU
Sofi de la Torre,1,3.3,2017-08-10,2017-08-10,1,31k336IbmnyKcfRxdMYVRU
Death From Above 1979,1,3.3,2016-08-03,2016-08-03,1,5jTYjDqLwWmJtCMx8P6oOF
blondead,1,3.3,2023-03-26,2023-03-26,1,3jcLTcQs0won11GoEJgA9E
Split Decision Band,1,3.2,2019-03-07,2019-03-07,1,7AaIWnkDOZFDpZBcW0r6ZQ
Raé Luna,1,3.2,2023-07-10,2023-07-10,1,7wCeO9tpXC1o9tksvqzOLc
DRB Lasgidi,1,3.2,2022-06-26,2022-06-26,1,319xYgRF9JFpGLTtiCDhC7
Los Moykano's,1,3.2,2023-11-19,2023-11-19,1,5MYMxlYmO4uA3PRJkMla4l
Bone Slim,1,3.2,2019-05-22,2019-05-22,1,10q1roFaKKzwy0u3BALVAQ
McClenney,1,3.2,2021-10-20,2021-10-20,1,7N1pNarCpfPFkI1Q9OwUvk
Rodrigo Tapari,1,3.2,2025-07-05,2025-07-05,1,0Nl0IAfEDsrk2jPxxR4ZEx
Oklou,1,3.2,2020-09-08,2020-09-08,1,03QOVCgeoLk34Yb70fDTTz
Odunsi (The Engine),2,3.2,2021-07-12,2022-01-18,1,2denljXKNduv1Ky8v18NqP
atlas,2,3.2,2019-07-22,2019-07-23,1,00yCJbywX7lNHo3upTYQXe
B.B. King,1,3.2,2017-09-18,2017-09-18,1,0tzDMQLSxTslaiO7K0hwAN
Jake La Furia,1,3.2,2025-03-31,2025-03-31,1,5nEsAtM3yF95396vMHkuzi
OSA,1,3.2,2026-08-04,2026-08-04,1,22HvnAXszGc2IlIEkdNd76
Thee Sinseers,1,3.2,2025-03-18,2025-03-18,1,2YrZqTyToiN4oBYHAVae7F
Miguel Angel,1,3.2,2025-09-19,2025-09-19,1,2tAMohYwMQEHJxK778NE4o
Project Pat,2,3.2,2021-11-18,2021-11-19,1,2XOKoaCWziW0W14DPeY7XS
Alpha Wann,2,3.2,2020-03-23,2020-03-23,1,3a7BdPrSS6k7jzGZBFV791
Maureen Bailey,1,3.2,2019-03-07,2019-03-07,1,4FewUQwyY1IoPUxCQIMlNK
Soulja Boy,1,3.2,2023-08-26,2023-08-26,1,2q4rjDy9WhaN3o9MvDbO21
Ray Lozano,3,3.2,2023-09-09,2024-12-26,1,1ppL3Tjizx9C6Vhd1TiIW0
Zock,2,3.2,2022-06-01,2022-06-16,1,1wc2mgAKMZuicbXCPh163c
Marlon Funaki,1,3.2,2024-04-05,2024-04-05,1,1nPercWuuhmchDfb4fsoFK
Barrington Levy,2,3.2,2026-03-17,2026-03-17,2,7a2FaJBUsniyDAOFoopHuM
Nevi,2,3.2,2023-09-15,2024-04-08,1,1PVHaSqI9vECfbd5ac6xAS
Jesse & Joy,1,3.2,2024-01-22,2024-01-22,1,1182pxG4uNxr3QqIH8b8k0
Kehina,1,3.2,2023-07-26,2023-07-26,1,2V9aEWXPvRmprVTZmTYf1J
The Whitest Boy Alive,1,3.2,2026-03-11,2026-03-11,1,6N7vV9dPvhL4ZO8Ohn5Gna
Krispyan,1,3.2,2020-04-12,2020-04-12,1,09XkbfYOIndB7yptiamj2S
Danny Dwyer,1,3.2,2023-10-30,2023-10-30,1,2AQzUTNoARvzd42LrWFddf
Herzeloyde,1,3.2,2022-06-16,2022-06-16,1,3r8mO1HOSqy5pTMpGT35Gl
Gabriel Lombardo,1,3.2,2025-06-15,2025-06-15,1,7wN33b5NCjmYZy4UyuUp9p
Mr Jukes,1,3.2,2022-01-11,2022-01-11,1,01TYbQG0mJuSqXTLdCOwEI
Alpine,1,3.2,2016-01-15,2016-01-15,1,3ZevdkCK8Nq7TPwSgKTF7P
Sky Rompiendo,1,3.2,2023-07-11,2023-07-11,1,4PA1wK0leCjmRZlP5dQ8Lv
Domenic Haynes,1,3.2,2021-08-19,2021-08-19,1,1qz6dPn6ltwbvKME2n9fJi
Miles Kane and the Death Ramps,1,3.2,2017-09-21,2017-09-21,1,5reKeLqZ1thyNerCGHDSal
White Lies,1,3.2,2021-12-13,2021-12-13,1,2hUHm19fmQnJ40LZXqjhZt
Loco,1,3.2,2017-09-21,2017-09-21,1,1iArAuiiDPjtZcwO33YeLF
rei brown,1,3.2,2022-07-17,2022-07-17,1,0J8TS2cS0IWff5DPLJJQi8
Flyboy Tarantino,1,3.2,2019-05-03,2019-05-03,1,09V61INge9O8XYEvEhcdh0
Stephen Marley,3,3.2,2025-10-24,2026-03-17,2,06aO0nRQqjOknTg1GZxY8H
Pepe Pecas,1,3.2,2022-05-02,2022-05-02,1,1Zyqr1jPV0sq7RgzM2bFgQ
Young Lean,1,3.2,2016-09-28,2016-09-28,1,1jEaK4IRUDiWKO2zIVeQXt
Pablo Chill-E,3,3.2,2018-12-29,2019-03-06,1,56EvTtsyFL3JRjgnrafZQ0
Lyves,1,3.2,2017-08-31,2017-08-31,1,1xM3z7vrZolWpb1iQgLkYc
The Jackson 5,4,3.2,2024-04-12,2025-07-03,4,59Rn3cbfrBjhHzXTG9BcUT
Klassik,1,3.2,2020-06-16,2020-06-16,1,6lgd5bCX1Vqjorqucrhu9p
Chris Punsalan,2,3.2,2021-09-02,2021-09-02,2,3RBIn2xUDGLrOSBxEKms68
ASADO EN LO DE TOTE,1,3.2,2026-08-26,2026-08-26,1,7FPrZOG4kZUFS50iTzJkkn
Jim Jones,1,3.2,2025-02-14,2025-02-14,1,0tR2mUq9HmCLtLR8dE6USl
OG Parker,1,3.2,2022-07-09,2022-07-09,1,7BAreLM0Yif723pgS8Kydl
Gene Harris,1,3.2,2025-04-23,2025-04-23,1,6fK7vB7NeJCSB4ZaLptgwW
Different Sleep,1,3.2,2021-07-11,2021-07-11,1,1VJ2zvC7GJ6fX5HSqtSjdB
CATERINAH,2,3.2,2021-06-08,2021-06-08,1,5teBSj1g1NC5cH6At2ubzJ
DJ BomaNdoki,1,3.2,2019-03-11,2019-03-11,1,3GepFYnjDXYQtyVmGw0vnK
E I S U,1,3.2,2019-06-11,2019-06-11,1,5y6yxUGEoca1jLMICTWhME
Ev Bird,1,3.2,2023-03-10,2023-03-10,1,57YmTxZlVip3bPdozK3plI
Cerounno & Vinyltracker,1,3.2,2024-12-26,2024-12-26,1,60FjQBwnDDngzpOqFoq0vw
Ratones Paranoicos,3,3.2,2014-10-17,2026-01-20,2,5FBaYyWr3I1U4dDCV2LglS
Milton Nascimento,1,3.2,2024-12-31,2024-12-31,1,5sb1B0MVf56Syd1wU0j3hl
Fontella Bass,2,3.2,2017-09-17,2017-09-18,1,7cKeMrlyGpfOshlldqoILo
Ryan Castro,1,3.2,2023-07-11,2023-07-11,1,1JpzJfxjHGFUyTHXLZidok
Etta James,4,3.2,2017-09-17,2025-05-07,2,5uIqO3DCyJRDYwSjUuuCAx
Triorität,1,3.2,2022-05-16,2022-05-16,1,3Jy45X0x1XUDrRpWYt231I
Chaz French,1,3.1,2017-11-06,2017-11-06,1,5PWTDEHnEg1Dv5a3dTJtDM
Singularis,1,3.1,2025-02-14,2025-02-14,1,3GBPBOI4qxFKtILFUO6YDz
GEOTHEORY,1,3.1,2022-05-19,2022-05-19,1,61aJNhxOf4pPmTIvna1fu9
Young Money,1,3.1,2024-01-05,2024-01-05,1,6HfOzLLjsaXsehIFEsrxTk
Tariq Disu,1,3.1,2019-03-07,2019-03-07,1,2xdi3CNUNI2IkI47xkp2jQ
Flako,1,3.1,2022-02-15,2022-02-15,1,3vy3sOpzkTWc3VsIBjgrrS
RAAHiiM,1,3.1,2026-08-04,2026-08-04,1,5CHmwR7t8clAK5Ag7uA5pI
KAMAUU,1,3.1,2023-06-23,2023-06-23,1,67GD5DfgXGSGfnUaOOjd6u
"Friday, Saturday And Sunday",1,3.1,2019-03-06,2019-03-06,1,2JZx4dgSUZ352uDpQm68OY
Elise Ryen,1,3.1,2022-11-19,2022-11-19,1,6mk4Fk0a1ZEQZTBBQBccIm
Cigarettes After Sex,2,3.1,2021-08-23,2023-02-02,2,3AVrVz5rK8Hrqo9YGiVGN5
Garden Centre,1,3.1,2020-04-28,2020-04-28,1,6T6B3IxQQ99J8FMXYRZ3St
Eric Bibb,1,3.1,2021-11-24,2021-11-24,1,4vEaaqaOh7Aw7cHw7U9enA
Donnie Trumpet,1,3.1,2016-07-25,2016-07-25,1,1IfhjPjiTYrTFxyRlV5QRN
The J.B.'s,1,3.1,2021-05-05,2021-05-05,1,54BPqIsWWTNAobENZD1bQA
Dev Lemons,1,3.1,2022-06-22,2022-06-22,1,0xgo02DagmJEEzeOYkXD1j
Kenya Vaun,1,3.1,2023-10-30,2023-10-30,1,70Kv6vWsCZeQryTBebFvbX
CLUB INDGO,1,3.1,2023-03-26,2023-03-26,1,5d4njBTnGHcaSvjDnicA3N
Mc Caco,5,3.1,2025-09-18,2025-09-18,5,7xkhRxw1w4UfgPUMWZJQL2
Tokischa,3,3.1,2022-05-24,2026-03-05,3,1ahCrpeTt94LL7y1aXw0Y8
MALIA,1,3.1,2024-02-14,2024-02-14,1,3qsFI6UnjKRFiNRXQMEUDK
CASIOPEA,1,3.1,2025-03-23,2025-03-23,1,0MaM0yE9EdQEJwDfs6EAZ9
The Sweet Enoughs,1,3.1,2022-08-16,2022-08-16,1,75kfP0Pf6rJHRcFYeaJIx4
Ark Woods,1,3.1,2020-06-16,2020-06-16,1,3SsBOP6ESTsu9KtbgjKycE
Hayleau,1,3.1,2020-03-05,2020-03-05,1,4YOr7yPPuCDqvwvbJqTzLB
CHASE B,1,3.1,2023-09-15,2023-09-15,1,7pFzbZz89oXVsRxhUvO7q2
Ella Mae Sueref,1,3.1,2026-08-25,2026-08-25,1,1YWyRJF6HkLV8CXKKWhPYs
Harleighblu,1,3.1,2024-02-14,2024-02-14,1,6yOmkzq1mFRAd7TwMLMsnk
Samia,1,3.1,2022-11-15,2022-11-15,1,5SYfajDZMuiromYotmMp3i
Piero Piccioni,1,3.1,2022-04-11,2022-04-11,1,7HWfJgLLbH5NjcghGM74tM
Norah Jones,1,3.1,2025-05-07,2025-05-07,1,1zNXF2svmdlNxfS5XeNUgr
ENNY,1,3.1,2023-05-05,2023-05-05,1,2YIIDMcF9zWJ2xcFSA99lH
SOPHIETHEHOMIE,1,3.1,2024-01-23,2024-01-23,1,1H0jWnWuCfb6d6CVWVJ1X6
Bahiano,1,3.1,2014-10-17,2014-10-17,1,5UU7hhIQFIZKjryRuUXmed
Babyface Ray,1,3.1,2023-03-29,2023-03-29,1,3nVp8DQIQU9ow8W0kg6OmO
BVG,1,3.1,2021-10-11,2021-10-11,1,5F8xKNYGuuemywogQBYIyr
Dot Da Genius,1,3.1,2022-09-03,2022-09-03,1,3tmpJN9fGVkrhlNkZVgH90
River Zomnia,1,3.1,2022-11-19,2022-11-19,1,3rZhO9sRiOj2iC0g8UlxBr
Los Chakales,1,3.1,2023-11-19,2023-11-19,1,5hqnOMlbOoiMlYp1hgeg6O
Nohidea,2,3.1,2019-07-04,2019-09-13,2,0ASYuzPsTBA6ZmIsuvNZby
Dounia,1,3.1,2017-08-31,2017-08-31,1,3S6HfgIpfdAhfzUagkFzqg
Acalanto,2,3.1,2023-06-25,2023-06-25,2,4VCPPb3TfZgw1Nvt0QXGSS
Ameba,2,3.1,2019-07-04,2019-09-13,1,61bl8M6sMFlvhJ4YPL5k5I
The Seven Ups,1,3.1,2024-04-16,2024-04-16,1,4ArHf2MFrjZ40gEDtl1cgD
Trudy and the Romance,1,3.1,2016-12-02,2016-12-02,1,4X2x4NYK85t7AgnJz0Pp6w
Francisca y Los Exploradores,1,3.1,2019-05-30,2019-05-30,1,3DL675atPT5VeIRcuByE6h
Stars Music Chile,1,3.1,2022-11-12,2022-11-12,1,2pR6bipXfJySBhje19SW02
Cass McCombs,1,3.1,2016-09-30,2016-09-30,1,0AuXIXVzpH8DdXWx0C2oHK
Manga Saint Hilare,1,3.1,2020-11-30,2020-11-30,1,4AqgV56CYn1ckKzIk0YKNm
Twin Shadow,1,3.1,2016-09-30,2016-09-30,1,0yZw8jZddKP1pgyLPZr1u8
iñigo quintero,1,3.1,2023-11-05,2023-11-05,1,2HafqoJbgXdtjwCOvNEF14
Julio Sosa,1,3.1,2026-02-10,2026-02-10,1,2cebuDRXBsi89lb1Jz3TFs
Drömlandskap,1,3.1,2022-11-19,2022-11-19,1,659cjc6eOg0WCNDaQR4M2v
Latimore,1,3.1,2022-05-10,2022-05-10,1,3YTwCVfJHxdzHbdz1ADCTI
Baby Panna,1,3.1,2023-05-31,2023-05-31,1,2JeDz9THfaAV1S132I7lxE
Free The Birds,1,3.1,2023-06-07,2023-06-07,1,44iUaGP6C5DDC3zeHyRdSe
KR,1,3.1,2017-05-22,2017-05-22,1,1GHx1nHNeTMSUdyiwhFe1z
Rvfv,2,3.1,2022-09-10,2022-09-10,1,4qGr8HmRjhdRoUCnLf82eM
Walter Murphy,1,3.1,2016-07-12,2016-07-12,1,5LyzPhFwF7MgUY3aQD9TAG
Atahualpa Yupanqui,1,3.1,2025-08-23,2025-08-23,1,4zkqWBF2nzn8F8Zrfnal8G
CJ Fly,1,3.1,2021-01-18,2021-01-18,1,6Z6nMWesqg2cMK39elLSoQ
DJ West Yay,4,3.0,2018-03-22,2018-05-13,1,5UQ4hY8orXAvw1xZJRaBv3
duendita,1,3.0,2021-06-07,2021-06-07,1,3KVwr7N5Sm7TShrGQc8xco
Noah Guy,3,3.0,2022-06-01,2026-08-04,2,2IqisFTp3FOh9w7BN4d2dF
Desiigner,1,3.0,2021-06-23,2021-06-23,1,3NJG6vMH1ZsectZkocMEm0
Laura Evans,1,3.0,2021-11-24,2021-11-24,1,33hXeP9dCStIHmtUWNepnA
Young Fathers,4,3.0,2016-06-23,2022-02-15,2,6Tsz7rHwZpbusUKOf8go54
Daniel Hex,1,3.0,2023-07-26,2023-07-26,1,7lRYSKgEwKPY07s48NvaGQ
K.M.D.,1,3.0,2020-08-14,2020-08-14,1,4quXxJKfxEbFA4NiKDiZny
El Rodri,1,3.0,2022-11-12,2022-11-12,1,3xti89QanGWwBQKcYTVmsC
Solaris,1,3.0,2023-07-26,2023-07-26,1,3rkAVfcP2MDHFsCsnalhvw
No Suits,1,3.0,2021-07-22,2021-07-22,1,01ZEhzcrkUgtTBRjY3GKfC
18 Kilates,2,3.0,2025-09-18,2025-09-19,2,7hY45Nsy6op1yjmnEDVIRu
Harry Nach,1,3.0,2022-01-17,2022-01-17,1,216o3rch4ioVv7DjpkjFWk
Adia Victoria,1,3.0,2021-11-24,2021-11-24,1,2SVuc7b7qwCcDX4rCAqkyJ
Dane Donohue,1,3.0,2019-09-17,2019-09-17,1,1l4laa9Q0HgJ4a4yTd08f5
Charles Sardo,1,3.0,2022-11-19,2022-11-19,1,5VO4Whju6O7GuB28o8yaFN
Malz Monday,1,3.0,2021-10-26,2021-10-26,1,0e06xmdGFV4Rf796vIBCle
Jidenna,1,3.0,2023-07-26,2023-07-26,1,4RHzPXwOXw4LhPrruo4qst
Naomi Sharon,1,3.0,2023-06-12,2023-06-12,1,2PCdovP3wSlSS73NOtopJI
Mike G,1,3.0,2019-04-06,2019-04-06,1,7MHVpSIc6tCOsupwBLehkf
Lil Tracy,1,3.0,2019-08-08,2019-08-08,1,4K9k0vYpDeRSg4rGYFKRFL
nafla,1,3.0,2017-11-24,2017-11-24,1,3uBYpaz1UuRHWV03bTVavr
MALEIA,2,3.0,2020-10-10,2020-10-10,1,3KkJ59RzEBU7P8E7Dv2BGu
The Holydrug Couple,1,3.0,2016-09-19,2016-09-19,1,21WSVmm2Uf22Xu5FDRwbcm
The Heptones,1,3.0,2023-11-10,2023-11-10,1,2HTRZQWTZsRvCRRELx6PaF
Swamp,1,3.0,2021-11-24,2021-11-24,1,4aLryRkYDCLq97mCoMYh3F
BM,3,3.0,2023-02-14,2023-11-05,3,0H9WU0OIXPpbOVgzzOanXb
SMPLY T,1,3.0,2022-06-27,2022-06-27,1,7pyKyjO5bfcviCtTPtBdIp
ANGRA,1,3.0,2017-02-25,2017-02-25,1,7aqN90sMpdna8G3VeA0zSA
9000,1,3.0,2019-03-11,2019-03-11,1,3rymnzKFnvJVCLDeTU9hMA
zandros,1,3.0,2023-02-14,2023-02-14,1,3TKakBgJaTH5INk0WhU4xP
Robyn Paige,1,3.0,2017-08-31,2017-08-31,1,1m7YAjmjMpboh3U4k9hxf1
Les Sins,2,3.0,2016-09-12,2016-09-16,1,6mRrCKQXduMCYFHNzd4FzL
BINA.,1,3.0,2024-02-14,2024-02-14,1,3ynnGOYFsSPb0aUmWYZ6T3
Heno.,1,3.0,2023-07-10,2023-07-10,1,17PBGFi8cRuahLFErgN0Cj
Lenovie,2,3.0,2022-11-19,2023-09-15,1,3jnupMmEH5htGamP01T0PB
Viet Cong,1,3.0,2016-08-29,2016-08-29,1,6wNO9pbdZ6PHDCU6ek7ATr
J.O.B. Orquestra,1,3.0,2022-02-02,2022-02-02,1,6wNAKlwzgaJ8JdCkFNsiB4
Daniel Viglietti,2,3.0,2025-08-23,2025-08-23,2,0T4SHKff0dYHzhtB6hyt1Z
On The Fence,1,3.0,2017-11-06,2017-11-06,1,4O2iJIwE9BJeAWHOtnPUrV
Marie Dahlstrom,1,3.0,2022-09-17,2022-09-17,1,2DWHJbpURc9sdwiT71Nd7H
Zahir,1,3.0,2023-06-12,2023-06-12,1,7t3rjOctsnbUb68atsI43z
Deca,1,3.0,2016-07-21,2016-07-21,1,7tmfrvAm84ntXtwbn1ybgt
Sabrina McGregor,1,3.0,2022-11-19,2022-11-19,1,7k59hF8Vc7Ob9HYO8fnbLF
Faith No More,1,3.0,2016-07-04,2016-07-04,1,2U7AuHZTN7YX82NweoVp8A
Shane Eagle,1,3.0,2020-09-17,2020-09-17,1,2KhnxMDP6iZJjVzyKBDYcY
Dave East,1,3.0,2021-11-09,2021-11-09,1,1ZnYlAltw0ShGF0epPfxbr
Buddy Ross,1,3.0,2022-06-04,2022-06-04,1,6XuIiBfpHTVc6CNw8qXqqJ
Linni,1,3.0,2017-11-24,2017-11-24,1,1g4vnpoRpLUUJ5MQqUFZXz
James Earl Jones,4,3.0,2020-08-18,2020-08-18,4,50QREAhIciZoAiRNtyELEh
Dillon Francis,1,3.0,2016-01-04,2016-01-04,1,6m3ZWIXhjoV76syT1j2oE9
Luciano Pereyra,1,3.0,2025-07-24,2025-07-24,1,1Wx8brvmffZHlhfToCHGiu
Jayy Grams,1,3.0,2023-07-26,2023-07-26,1,5xembA6CsmFfo0U7EmtDWH
Butch Dawson,1,3.0,2023-03-26,2023-03-26,1,1K1vXu2na7L3ouO7F5ffLt
machinegum,1,3.0,2022-06-24,2022-06-24,1,1RvLauXv9rcydpIb4yWmIG
Las Culisueltas,2,3.0,2023-11-17,2023-11-19,2,3mOPEBX9NN1pBvpTlyscgU
Trevor Spitta,1,3.0,2023-05-31,2023-05-31,1,2UdUvXLXfnSdfKulNXsbLA
The Durutti Column,1,3.0,2016-08-02,2016-08-02,1,74CXQDbpYhp5mu8La3VreE
Volcan,2,3.0,2023-11-17,2023-11-19,1,68yHLkMJJeeACIDwcTkT8T
Taylor Graves,1,3.0,2021-04-21,2021-04-21,1,1jOUdjOmzKHhHJekAv0hGc
Sleepdealer,2,3.0,2019-07-05,2019-09-13,2,52BaucLqZjEpwAzSWIZXfc
George Harrison,1,3.0,2016-08-29,2016-08-29,1,0z9wCwoW9rNZaAuL2UIwwV
Louis The Child,2,3.0,2020-11-30,2022-10-10,1,7vgRu7Bj2vGOh6iX41jGqJ
Blank Banshee,1,3.0,2016-09-28,2016-09-28,1,4Jgdb4akerysh6y9SJVSF0
Agorazein,1,3.0,2022-05-24,2022-05-24,1,4fW5fD00dszRlYC8etoQyR
Zola Courtney,1,3.0,2022-06-01,2022-06-01,1,3c46fXVjVArsPheex1R7AI
Big Black,3,3.0,2020-01-25,2020-08-24,1,3mtQQLpGwnIuYMgGADBlGz
Greekboy,1,2.9,2023-10-30,2023-10-30,1,0zkU5QjzAtGP4VsPDQB7Us
Counting Tides,1,2.9,2022-11-19,2022-11-19,1,5MdTWbWwhsfrkvUj6lP4DW
Meta Guacha,1,2.9,2026-08-26,2026-08-26,1,7oRXN6etpQGWG2yAnQFzVB
Mura Kami,2,2.9,2019-09-13,2019-09-13,1,1j5iv2pHY6bhK3FNPqduhS
Divine Earth,1,2.9,2026-08-25,2026-08-25,1,1x5hj8iVP3vGOcO1at3hEV
Armando Young,1,2.9,2025-05-20,2025-05-20,1,7FsgEi3oBH6muVVTcp7bZH
Alex Wiley,1,2.9,2019-07-15,2019-07-15,1,2ENoF2yuexGf3yTkbgQQeq
Tsu Surf,1,2.9,2017-11-24,2017-11-24,1,0HyNnBpYtFOw1YKAR7LopL
Glass Beams,2,2.9,2024-04-16,2024-04-16,2,69RsYSwSdKPghCZzBbt9ki
Soul Dog,1,2.9,2022-05-10,2022-05-10,1,5Xb4i7Dx5KRo8H8fofsATK
Mike WiLL Made-It,1,2.9,2018-11-20,2018-11-20,1,74wpYGsVh2J13iAmmg1Uln
María Isabel,1,2.9,2020-10-14,2020-10-14,1,3SuW4Ni0MCEQOWOdfGY4bp
Pip Millett,1,2.9,2023-02-13,2023-02-13,1,1j3b3PBvAHm1rrNFP1ge1N
Saiko,1,2.9,2019-06-25,2019-06-25,1,6XoMvI2rKmtdxmsbDOKAvT
SEATBELTS,1,2.9,2021-06-17,2021-06-17,1,5yXAYzcJbjiIkRINE68qGX
J. Rawls,2,2.9,2022-11-14,2025-01-03,1,4yIC0iP6WMUg8g5DZU5kRj
Chynna,1,2.9,2020-05-24,2020-05-24,1,6XcyhtTNvMcOcUjfpuNyeE
Laura Lee,1,2.9,2017-09-18,2017-09-18,1,1zzRK8rKCs4DihoA5aCn7E
Wildcookie,1,2.9,2025-04-23,2025-04-23,1,4IGq8HgV6bnsIpCmzzHqKD
DEKKO,1,2.9,2022-06-11,2022-06-11,1,4DXaFrBzHcZaz1wFKhiMkm
Minimal Man,1,2.9,2016-07-26,2016-07-26,1,27QsiQIp9enYFoOfiAnvii
Ralph Castelli,1,2.9,2022-06-10,2022-06-10,1,2fGRJzoiYJYAzlQAyBONMb
Nick Lancellotti,2,2.9,2017-01-27,2017-01-27,2,03zsn8uY4NYeNz3O2A4vIU
21 Lil Harold,1,2.9,2022-02-07,2022-02-07,1,3P9Ss205tkDVhO2MxxDcmt
Benjamin Clementine,2,2.9,2016-07-04,2016-07-04,1,0BTvG3jCMp3VQvfhhXClGa
Primero,1,2.9,2023-03-26,2023-03-26,1,70fVhpSpDosXpkTlfWAV18
Maple Syrup,1,2.9,2022-05-30,2022-05-30,1,38KgNb0tjsth2TS4zjLfHk
Bimbo din,1,2.9,2025-02-14,2025-02-14,1,2divyOluZFmzOlaTHaqKz2
La Sonora Dinamita,2,2.9,2017-01-28,2023-11-19,2,7187wJoQMEZ4OhYIOp90Lk
Ty Segall,1,2.9,2016-08-29,2016-08-29,1,1osYkIYegkLLnPutvItBta
Dolly Sessions,1,2.9,2020-04-13,2020-04-13,1,4zI6VGKIC2TVUoVm3VQ9X0
Daisha McBride,1,2.9,2023-09-15,2023-09-15,1,6ZyC3TwelVGF2bJtaWVsp8
BONES,2,2.9,2019-05-22,2022-01-18,2,7c2fTPknBxCTPb4PC3V08N
2 minutos,1,2.9,2024-01-17,2024-01-17,1,1gom5NgPAZQOjpVLyh4HML
Priya Ragu,1,2.9,2022-06-01,2022-06-01,1,5OAvraChe33vVCHMUBV38W
Mono:Massive,1,2.9,2017-04-13,2017-04-13,1,0pdoAHoPvFtkufcCrPEi9S
Twilight,1,2.9,2021-12-26,2021-12-26,1,2wtDZA1388JkXa6B1k9LRF
ha$lopablito,1,2.9,2019-06-07,2019-06-07,1,04r24NoegmuTbDCBhOFErD
Chisom.,1,2.9,2022-04-22,2022-04-22,1,0TIgyN3LoIuXKDIhLJon62
Tion Wayne,1,2.9,2022-01-11,2022-01-11,1,5sNG8uIpzzGuBpp4Gnjpu6
Collateral Lab,1,2.9,2025-02-14,2025-02-14,1,6sPRJt3rG1TOUgYKn0h81o
Baby J & MLSHBTS,2,2.9,2019-07-15,2019-07-16,1,5LbP0hX0ek03JornvxLVxO
Nyck Caution,1,2.9,2021-04-28,2021-04-28,1,61p9z5yozdITOYQcJvGo8z
Roland Burrell,1,2.9,2026-03-17,2026-03-17,1,3cQ6hoLs6nN9iRIbSmkIVs
Guilty Simpson,1,2.9,2016-08-08,2016-08-08,1,7iOUzWuTovYseUu7rBBvtd
Memphis Bleek,1,2.9,2021-10-12,2021-10-12,1,5VkuqayHiiU5ZHyYEH4Oeb
Pearl & The Oysters,1,2.9,2023-03-26,2023-03-26,1,7vfnTPJgMkwVL8qVlA797M
Sam Wise,1,2.9,2020-07-07,2020-07-07,1,4QjU6gC8S2YqZQYSqVSdcW
This Mortal Coil,1,2.9,2026-06-19,2026-06-19,1,26uVYNtKahTAcZMDWiuBnt
Jere Klein,1,2.9,2023-11-05,2023-11-05,1,6hwGwCfCwHoSJQw7AYPEQu
Karen Nyame KG,1,2.9,2022-10-04,2022-10-04,1,6WvjZs6aOzTmi9wd0mZc1P
Duñe,1,2.9,2020-09-08,2020-09-08,1,4Nnhxs3I2IuHn9vZBu6TDO
Keely Bain,1,2.9,2022-11-22,2022-11-22,1,6ggz7xBE6dTOAiSe7RNaF3
Ice Spice,1,2.9,2023-07-26,2023-07-26,1,0ZxhtATQ0a6EvQNZ0z6NKV
ocean sixteen,1,2.9,2023-07-10,2023-07-10,1,0kv8k2BIGzkWZeEBVofTrj
Monma,1,2.9,2019-09-13,2019-09-13,1,2IJhYr0BbtJAnAEzXC6qhU
Ginger Taylor,1,2.9,2022-11-15,2022-11-15,1,4y9VeZCbx4YjLfr7Gewccq
DJ Mutha,1,2.9,2022-11-12,2022-11-12,1,5DEucyKzqSS0fqYGdT0JGL
Luna Li,2,2.9,2022-05-02,2022-11-13,2,6KNbXf9GOHD28X00Gm0DaM
03 Greedo,1,2.9,2020-06-16,2020-06-16,1,51lGztUKCzZXn5sbcxO2tZ
Kyo Itachi,2,2.9,2023-06-07,2023-06-07,1,1r8PcSDqaRcTXTUSB3RlM8
13 Block,2,2.9,2019-06-04,2019-06-07,1,6ixl3fFKqrqBZcF6IDm6OP
Lucid Green,1,2.9,2019-07-04,2019-07-04,1,4mjN6CgmgseLL7NZ2mQ5EY
Colde,1,2.8,2019-03-11,2019-03-11,1,4UyV2ZMo5NpCcO0u3xX8uB
aespa,1,2.8,2026-03-02,2026-03-02,1,3Q3WZ7sJLoIZQKY7hWFyQu
Melody Gardot,1,2.8,2021-07-11,2021-07-11,1,2Kl8BWHUccK8mAViUls6ZQ
David Marley,1,2.8,2022-05-24,2022-05-24,1,0HjrLcYal2Y2U8oHXr6nUM
Andup,1,2.8,2017-09-21,2017-09-21,1,1kFTSniF8mxon9Fa01j6vF
Lauty Gram,1,2.8,2023-02-14,2023-02-14,1,4I4FFtKZLtyqw4he9pPtL7
Lasso,1,2.8,2023-02-02,2023-02-02,1,7IdpZfT9vIWTEEA1pFGJNN
AMAKA,2,2.8,2024-04-18,2024-04-18,2,45M5rWCqKW5D6K7SO514JK
Dustystaytrue,1,2.8,2023-04-13,2023-04-13,1,3fPjjfF6iU3uklTplZOKTw
Pandrezz,1,2.8,2019-07-04,2019-07-04,1,0N2wdMzY0nn374FY7HR1Gp
Betty Wright,1,2.8,2020-04-28,2020-04-28,1,6uqTETWok9npbL4c9cuLVh
student 1,1,2.8,2019-05-22,2019-05-22,1,7jeIhNSZIsrqLOhc569Uyr
Chuck Sutton,2,2.8,2021-12-02,2021-12-05,1,0Gfg7xE8RfmCXdtCAGVVUD
Portraits Of Tracy,1,2.8,2024-04-05,2024-04-05,1,7dkPG811ZnHikb319Jzskd
Robyn,1,2.8,2026-04-30,2026-04-30,1,2Fn0xjZZa6ma1WgwyHM69k
Eloise,1,2.8,2019-01-03,2019-01-03,1,3vNmzJ4PE4Gvp2ohjCDvc2
Aviad,2,2.8,2022-11-19,2024-09-28,1,7gl3GHwS4YWmcMy7af6Kt9
Diamante Ayala,4,2.8,2019-08-08,2019-08-08,2,3k25LDdI5DW9vUyY1zMlQI
johto,2,2.8,2019-06-25,2019-07-04,1,6pI3SNZchYmSX5wl3a1J9T
Tedax Max,2,2.8,2021-11-18,2021-11-19,1,0aqKmiJREVD79cwWEVdz8B
Paco Ibanez,1,2.8,2016-06-05,2016-06-05,1,7fUuTMfJkN5SLgkUVGikyI
Valee,4,2.8,2019-02-05,2019-08-12,3,679e3aLVWrJUqykaMQoppK
Farruko,3,2.8,2017-08-28,2019-05-10,2,3rgjBiAMVGnxmsTDmUy8vb
daniell,1,2.8,2023-12-28,2023-12-28,1,0cdPGKZRvj01vg5XLfqdfd
Royal Blood,2,2.8,2016-08-08,2025-05-07,2,7w53ucikSIdig3nLCi29a9
Yves Alija,1,2.8,2022-11-19,2022-11-19,1,08ZVl6IBiPemNOsVfkoIyv
Carlton Williams,2,2.8,2017-11-03,2017-11-13,1,7kpYvT7rc1PstHASHqokXo
Koi Child,1,2.8,2016-08-29,2016-08-29,1,0FHoQy4FLym4eVn6d2JCx0
Jesse Baez,1,2.8,2019-05-22,2019-05-22,1,0H7c2p7ruyEtY6TOSGhZay
doggone,2,2.8,2026-01-15,2026-01-15,2,3FSTSregpULsPXffwGLzpN
Jeila Sander,1,2.8,2022-11-19,2022-11-19,1,28BhahBC2qOpui6ryXoCev
Earl King,1,2.8,2017-09-18,2017-09-18,1,3tFqYI5AJVlzd4rHKQhwu6
Benja Murano,1,2.8,2017-12-17,2017-12-17,1,3RwjJh4Pa1BLWPlEbmTo8H
Akon,1,2.8,2023-08-26,2023-08-26,1,2kQuhkFX7uSVepCD3h29g5
Anthony Valadez,1,2.8,2026-08-25,2026-08-25,1,5IIp4pBaGkVyFxmV9oJ8RL
Miguelito,1,2.8,2025-09-19,2025-09-19,1,2CXcoayGEirJZeiUVk1hyN
Puente Celeste,1,2.8,2024-12-31,2024-12-31,1,5vVlqEyM0qa8rfmf9WeaUK
serpentwithfeet,1,2.8,2020-08-18,2020-08-18,1,4XNA6lxhJgZuampAzUGjUg
Tara Jam,1,2.8,2023-04-13,2023-04-13,1,3GbhR33NiDEooROhADhtRa
Na-Kel Smith,1,2.8,2019-07-15,2019-07-15,1,7tJdDkqxlu8G6WxLESwdkp
No Spirit,1,2.8,2021-09-07,2021-09-07,1,0IXPxMgQotuxFp2YtsGi3E
Simon Aguirre,1,2.8,2026-08-26,2026-08-26,1,0bnyNKREchL7tA1zgt4FL3
The Kid LAROI,1,2.8,2022-06-05,2022-06-05,1,10XwT9r62bJtgK07aaitUk
Shuko,1,2.8,2020-02-02,2020-02-02,1,6wr1e4iVlpoJdvbZKqElYr
Sol ChYld,1,2.8,2023-06-12,2023-06-12,1,3DM3Atl6CvKRD6Cvh5vkvM
Alan Sorrenti,1,2.8,2021-11-12,2021-11-12,1,0k3EeNKE1yiVrH0ffy7zlo
La Joven Guardia,1,2.8,2026-02-10,2026-02-10,1,684mSIt8bHBYGgIQjFsERt
Tremendo,1,2.8,2025-03-23,2025-03-23,1,5bqKYxVFdQvI7ouJp184KK
tendai,1,2.8,2023-10-30,2023-10-30,1,08Ivl0uOeI7Eaf7Nwk6Vtw
freshgoodies,1,2.8,2019-09-13,2019-09-13,1,3lICrjiFLqsJPEbHS0ISaP
Gustavo Pena - El Príncipe,3,2.8,2024-12-31,2024-12-31,3,6O4uaFbOVOPi2959RPp0gk
RADA,1,2.8,2020-05-24,2020-05-24,1,0DjmWkULJvwhNYmIudd6DS
Livt,1,2.8,2024-04-08,2024-04-08,1,4PeKSxoaivD8IqXNjd4uuz
Altitude.,1,2.8,2019-09-13,2019-09-13,1,2UclaRbNEadi8yzIC6dJHY
Deema,1,2.8,2024-02-20,2024-02-20,1,5ycy4ms054XrdXAbHkPuZj
Free Party,1,2.8,2023-12-28,2023-12-28,1,3VJ8igvVANy82fdtJtpGWJ
22nd Jim,1,2.8,2022-01-11,2022-01-11,1,5qFNc40pMKwn74lLG3PYVo
Four Tet,1,2.8,2016-08-02,2016-08-02,1,133Ua3dR8fOR8uP7adVcL4
Samm Henshaw,1,2.8,2023-10-30,2023-10-30,1,69xqdbiaS6u1cnDWuaNtJM
AntsLive,1,2.8,2023-07-26,2023-07-26,1,0mwm11ze5ee2nRTOTxsEDp
Yoko Gold,1,2.8,2024-01-16,2024-01-16,1,2CxwqktUwLHo0XtgMaI9Qc
Red Glass,1,2.8,2025-02-14,2025-02-14,1,7werotb9zUp8eRdd6bmyCt
S N U G,1,2.8,2021-09-07,2021-09-07,1,20qjvHCEXiHxmee7Tv2soU
Jonathan Dorjee,1,2.7,2022-11-19,2022-11-19,1,0PBeh1YEfaYyZEk0CvqZdl
Juan Rios,1,2.7,2019-07-04,2019-07-04,1,1D6RgAYZwwo3afzwJxWL1n
Linda Lyndell,2,2.7,2016-12-14,2016-12-14,2,20fHsQJ6sXz6EFN3VTPpOD
Percee P & Quasimoto,1,2.7,2016-08-08,2016-08-08,1,74Uz2KORe3IvH2MsYVL4XP
MOIO,1,2.7,2024-07-29,2024-07-29,1,6QkUhr97vCPiKVs2y8TL4W
Tsunamii,1,2.7,2020-04-12,2020-04-12,1,37nk0QTrn6fZfU0LwRuOb0
GORO KUMAI,1,2.7,2025-02-14,2025-02-14,1,0IQqBHYT8etYGVvzFvDeYT
Mikos Da Gawd,1,2.7,2022-03-28,2022-03-28,1,695k6VyJm27etjhbJ8RLPx
Jolene Cedar,1,2.7,2022-11-19,2022-11-19,1,1GSVC5GkI5L1YbQIBZQHUh
Helene Smith,1,2.7,2022-05-11,2022-05-11,1,4NhEFW31hBXB4KDi5fsxTU
Matt Quentin,1,2.7,2022-06-05,2022-06-05,1,5rhK2aI1xZQWQ8sMocI6y2
Eleazar Tre,1,2.7,2020-04-12,2020-04-12,1,75XAqh1EUROlAwYDCXosFX
DJ Scheme,1,2.7,2023-06-21,2023-06-21,1,4N7i6RfJXMWfkx9Zr6pzkJ
Yung Pooda,1,2.7,2023-04-13,2023-04-13,1,1ULXtm9lperZGjyVW8IYyB
brandonhult.,1,2.7,2019-09-13,2019-09-13,1,3SnSZFa3lrneYyaorUtict
El Perro Original,1,2.7,2022-11-12,2022-11-12,1,46NKGvbVBgEHw8ZFPfNCI8
Max Carra,1,2.7,2026-08-26,2026-08-26,1,6UO9DhCUq4ZbQz7PXwelFV
froyo ma,1,2.7,2016-09-08,2016-09-08,1,3TZ3MrnTDMGk9dAqlxhI5Y
Weiland,1,2.7,2022-07-09,2022-07-09,1,2ZKdnvjEKL1R6bjIc0c3Td
Anna Carina,1,2.7,2026-08-26,2026-08-26,1,4ExNOSeYYk4UxsWazcmGsb
Peter Doherty,1,2.7,2025-03-31,2025-03-31,1,5VmiVoCcLxa8yX137wcpPw
Swooping,1,2.7,2021-04-20,2021-04-20,1,5r2VGTSBsrgMm5g6gI0H6Y
Dire Beats,2,2.7,2021-10-26,2022-06-01,1,086PBW0m4xzslcNGHNTmiV
Young Miko,2,2.7,2023-07-14,2023-07-14,1,44FzVABpR2cciquTqADA0D
Lil Keed,1,2.7,2019-08-08,2019-08-08,1,2rFXS1iNJqCUrcU21fJfe7
Yo La Tengo,1,2.7,2020-04-28,2020-04-28,1,6OGjWY39HlMdrF5bNeikkG
Tarik,1,2.7,2023-12-28,2023-12-28,1,3MLkU8umfGEsFge2TTQB6d
Danny Avila,1,2.7,2019-06-16,2019-06-16,1,3dHuCj9dws7ncELprktyVS
Reggie,3,2.7,2024-04-05,2024-04-05,1,1jCjwNvvPIlE7fxQJ7sb7B
Beatchild,1,2.7,2024-01-23,2024-01-23,1,2B4lfCzwqLX8hnYqLS7kOi
TyFontaine,1,2.7,2023-04-05,2023-04-05,1,6htZCLDzCJUePPPjVCDBEv
Jesus Molina,1,2.7,2024-09-30,2024-09-30,1,54VBfy8Jmi9lIsbsdv5x4E
Innanet James,1,2.7,2016-07-12,2016-07-12,1,3vsY1HHV5vx49KvrRDbWnO
Kai Ca$h,1,2.7,2021-11-02,2021-11-02,1,7zMZ8fVbbKq1OmBtyhTwpG
trabbey,1,2.7,2019-11-12,2019-11-12,1,3XWkBhMEtToNA75iyP5CeU
Van Halen,3,2.7,2016-09-18,2016-09-18,2,2tAeN2TKlQLOoSPXtARzBV
Jay Wile,1,2.7,2023-09-15,2023-09-15,1,3FM0krwj4HkhilemtYGhtq
Ohio Players,1,2.7,2021-10-26,2021-10-26,1,6j6zSLwHRvHpfGCnZ0z55v
Y.O.P.E.,1,2.7,2025-02-14,2025-02-14,1,7yyErh8Y7wrRmbPvvv0yU8
The Buttertones,1,2.7,2025-07-18,2025-07-18,1,3drDbxickqfTcdJmklijcj
Ley Soul,1,2.7,2024-02-14,2024-02-14,1,21wYclGDiieKf42kEWxqV9
Pat Ryan,2,2.7,2017-10-20,2017-10-20,1,5Drp7EjKDJE51AdbQE0tgl
Mejiwahn,1,2.7,2022-06-16,2022-06-16,1,1R7NFfbBDBU9oAvO3aF1cS
Kris Yute,1,2.7,2023-09-15,2023-09-15,1,1Dt6sLHeMKlUY9BYbnsSmK
The Fall of Troy,1,2.7,2016-07-12,2016-07-12,1,4MvqIDlozKlAC2XaDO6Ri6
iyla,1,2.7,2022-10-05,2022-10-05,1,28FniOyvSxbe92zYJDXAKx
Marc Rebillet,2,2.7,2021-06-05,2021-06-05,1,5fZRnSsCC4AHOZFZ6lNWqw
firetype,1,2.7,2019-09-13,2019-09-13,1,4v9GEaZub4nu6hp0K4Acc4
grooveman Spot,1,2.7,2025-02-14,2025-02-14,1,6cSTreZw01EnIM5aVB6GiY
La Caravana Magica,1,2.7,2025-07-05,2025-07-05,1,7LRQmzt6fwI6Rgi6Keumst
Casiamty,1,2.7,2022-11-19,2022-11-19,1,22Gxnq14IyFZgPcoohx5qQ
Coi Leray,2,2.7,2021-02-26,2023-02-16,2,6UN73IYd0hZxLi8wFPMQij
Radiant Children,2,2.7,2021-08-20,2021-08-21,1,0D15z5l7YWqwyJ8wkO2oaA
Ferdous,1,2.6,2022-02-03,2022-02-03,1,4IR1ACM7QnpToR5zCzxrVs
John Legend,1,2.6,2022-09-03,2022-09-03,1,3E1y4V7dxcn5AwKCD4AqFn
Stevedreez,1,2.6,2022-05-20,2022-05-20,1,1hb5zeeR0SchsLSIPrphL8
The 1975,1,2.6,2020-07-18,2020-07-18,1,7hspRf0CvDgevONnnJvK5X
Bluedoom,1,2.6,2019-06-25,2019-06-25,1,1ngp7xq3pKGbL3j9g3cGxp
niquo,1,2.6,2019-09-13,2019-09-13,1,3IVzLOKaCaDVAMYW2jv9HC
The Putbacks,1,2.6,2022-11-19,2022-11-19,1,4GHMgAReTLmOS63ev7tTA5
JAHMED,1,2.6,2021-11-17,2021-11-17,1,04l4g7kxcjTA7UKpMpbcCG
James Matthéus,1,2.6,2022-11-19,2022-11-19,1,2Vs8AIlAGaEyhh5y7vR7x7
Ne-Yo,1,2.6,2017-09-19,2017-09-19,1,2jn18CSYST90NFGEG0HGDT
Smokepurpp,1,2.6,2019-08-12,2019-08-12,1,08zAFXhfyIxq9359NHksdP
are you really fine?,1,2.6,2025-02-14,2025-02-14,1,6m3ZLz1GgfJ8mR9Stbmfdk
Langston Bristol,1,2.6,2022-03-10,2022-03-10,1,0aOqzYleWvjYmMKreZsaVQ
Geneviève Corin,1,2.6,2022-11-19,2022-11-19,1,1yXCViJlRh40uDDaA3xOl0
Wifisfuneral,1,2.6,2019-04-06,2019-04-06,1,466AejgNTcFIJht4mf8ybM
Nate Smith,1,2.6,2020-08-14,2020-08-14,1,4AS7BKGMcPg2xmgbHollb9
Gyvus,1,2.6,2019-09-13,2019-09-13,1,5VmL8CrjM82tIGWwum8Cbo
Jay Safari,1,2.6,2024-02-14,2024-02-14,1,1U4yfIDARp95wtUGOZZW51
El Varon de la bachata,1,2.6,2022-01-14,2022-01-14,1,4b1ULLyRgU6FZhb9yQ7E1D
Cami Martinez,1,2.6,2026-08-26,2026-08-26,1,0AlR8snbv7kYfC4YfXX3UH
ian,1,2.6,2025-03-18,2025-03-18,1,6YvCWIlMBJgQEm6i0POVbZ
Jazzgroupiez,1,2.6,2025-02-14,2025-02-14,1,613LdnkiqIfqrSHXfI3wU9
Gianluca,4,2.6,2019-06-11,2019-06-14,1,7C42SEj9dgxj0j5mPL1YyA
Tekno,1,2.6,2020-08-18,2020-08-18,1,1yvFoBp2Bq1ilD0518ZpQx
YoungBoy Never Broke Again,1,2.6,2023-02-23,2023-02-23,1,2cEnKRR4dYBB2VA1mjlb1z
L'Indécis,1,2.6,2020-02-02,2020-02-02,1,7D3KO9gj0szuA7rXZL8jjk
JVCK JAMES,1,2.6,2023-10-30,2023-10-30,1,3FqWlRnMzIWaMxBtOCba9e
kwes e,1,2.6,2023-07-10,2023-07-10,1,1IhH2Y25Fl7ksQE9xU7Yil
Dúo Pajarito,2,2.6,2025-08-23,2025-08-23,2,2A8IWW4doAylJMntiYO7VY
kryptogram,2,2.6,2023-02-13,2023-02-13,1,5ADT1DgRH94JdXcAy1IxMj
Profetas,1,2.6,2017-01-03,2017-01-03,1,4ayIlwbJJFoZM1bvXZOKuy
"Joshe ""En la Lirica""",1,2.6,2025-07-05,2025-07-05,1,5iHobRGAO8aT0SccBOmWxN
Token,1,2.6,2022-09-03,2022-09-03,1,1KL5mhxZbCrjy6pps1AeT0
Saiming,1,2.6,2024-02-14,2024-02-14,1,1JpLq0ynyDv9rQIfvP2wVl
Katu,1,2.6,2019-06-25,2019-06-25,1,3ebNoTCPxye8un6NaRXk69
Luciano Pavarotti,1,2.6,2016-07-12,2016-07-12,1,5UmjcoJsgqp9lZzjlvIFCE
H Roto,2,2.6,2019-04-17,2019-04-24,1,0LI3y7B0xEUYWZotU1ohMI
Samuel Jonathan Johnson,1,2.6,2019-03-06,2019-03-06,1,73m74vezerHBNjB7M8frop
Big L,2,2.6,2024-04-08,2024-04-08,1,2QX2RSlAmPBztW2MNVKUZ9
Halcyon Wings,1,2.6,2022-11-19,2022-11-19,1,4kVJriKGhf4s47EnbfIloH
Ol' Burger Beats,2,2.6,2020-02-02,2022-06-05,1,58132xQKeQ9j6VHJb06B4s
PJ,1,2.6,2024-04-05,2024-04-05,1,4YMByiGyuFyc7nfwGKvDvA
Bunny Wailer,1,2.6,2023-11-10,2023-11-10,1,5GQMHPVSF7v0zETeLvCdZS
Chiminyo,1,2.6,2024-04-16,2024-04-16,1,6MHTVdY0sZhSNgUygPFa8w
Mondo Loops,1,2.6,2021-09-07,2021-09-07,1,7CAwQlGYc6oIoeaux7FyGE
Ariel Pink,1,2.6,2016-09-30,2016-09-30,1,3BRAVPsj6Q9N2SLkzRyRCM
Peso Peso,1,2.6,2019-08-08,2019-08-08,1,2purF0nYQZLRuylFca7qgA
George Duke,1,2.6,2017-01-15,2017-01-15,1,5cXFnZmxsPswg3h9CnHpyo
Louie Duffelbags,1,2.6,2019-05-22,2019-05-22,1,5pkBIAwh8sXR2K73TVmucU
Los Músicos del Centro,14,2.6,2024-05-08,2024-05-08,13,787VXWsOHiARXkRqth3ZF7
Swedish House Mafia,1,2.6,2022-04-28,2022-04-28,1,6j6F1Y7axFvgjuiRsEQCWO
Pink Sweat$,1,2.6,2022-10-27,2022-10-27,1,6FxdAycUNPT8gHH5JhG2xI
Baylen,1,2.6,2020-08-25,2020-08-25,1,3FooWmD3RrNZsDrLC3VYtS
Alice Phoebe Lou,1,2.6,2025-01-04,2025-01-04,1,1A8QcZJKhUmJwdqzoAahvR
Sækyi,1,2.5,2023-03-29,2023-03-29,1,2bqTRi2OfQOfdZx3KWo0qM
MEDUZA,1,2.5,2023-08-22,2023-08-22,1,1DFD5Fotzgn6yYXkYsKiGs
Victor Jara,1,2.5,2016-08-08,2016-08-08,1,48OqayuUTcRa54AnRRwfBj
Ventry,1,2.5,2023-03-26,2023-03-26,1,7FtRgXWHAvqM6cPBuoVCS2
Salatiel,1,2.5,2020-08-18,2020-08-18,1,5vIiGOCqhPwnQDZhWhewGU
Dwyer,1,2.5,2022-06-02,2022-06-02,1,5cN363iH9eS8b7HxzBNJr4
Lil Candy Paint,1,2.5,2021-12-28,2021-12-28,1,6otanzSw1SJTSlcdwhpnLC
NAYANA IZ,1,2.5,2020-08-14,2020-08-14,1,4ypxuUQhYcVID2io9wRUC6
Beach Fossils,2,2.5,2016-07-21,2022-04-11,1,7H4AhGitjSmRZxKMaeH9wX
Frex,1,2.5,2023-02-02,2023-02-02,1,41pmDwHHK9rvdvp6sezqaf
Ahmad Anonimis,1,2.5,2024-02-20,2024-02-20,1,35ZcRlAwPMQYuf2fnvJBmW
Maikel Delacalle,1,2.5,2022-06-11,2022-06-11,1,6wYP9kb4lxaj7GL6Khf3X9
Axian,1,2.5,2019-09-13,2019-09-13,1,38DSaNjSGQv6lMC9oMBPXK
Bhad Bhabie,1,2.5,2019-08-12,2019-08-12,1,3hv6ndi7uFT9L9wrhQCsqY
Caravan Trip,1,2.5,2020-04-13,2020-04-13,1,52l5K41p2PiuQbN4rlsDe4
Chyna Streetz,1,2.5,2024-04-08,2024-04-08,1,1GYXgdGGJPWxGImFNqPSvN
Tesk,1,2.5,2019-09-13,2019-09-13,1,57AShUoadecZLoy8U1ADDH
dryhope,1,2.5,2020-03-07,2020-03-07,1,0e0BS4zwbHHI5jTS6pSlJg
The Ink Spots,1,2.5,2021-06-22,2021-06-22,1,777zXDJpBufzttU4AJ2dGO
The Dø,1,2.5,2016-09-08,2016-09-08,1,3mWyjlNUYWtKaFd2rSlrMr
stream_error,1,2.5,2019-06-14,2019-06-14,1,1m1bQzet1KTJfwgK6oqfZt
Slightly Faded,1,2.5,2025-02-14,2025-02-14,1,4hwtfXutjKmyDLFeQ2snUr
Toquinho,1,2.5,2026-03-07,2026-03-07,1,3nBGaKwZtlOpOJg5oUv1YQ
Axel Caram,1,2.5,2023-02-14,2023-02-14,1,5sMcmy7UVizJoSm9YNZFyZ
藤丸バンド,2,2.5,2025-03-18,2025-03-18,1,259op6g3A12uwePehZntdk
Kurt Stewart,1,2.5,2021-09-07,2021-09-07,1,5JYVocZpeUBB12ZzuxscsQ
The GOASTT (The Ghost Of A Saber Tooth Tiger),1,2.5,2016-08-08,2016-08-08,1,3jvvxP4DaDvlXJOKO5HARu
Feyesal,2,2.5,2019-09-13,2019-09-13,1,7oH3KuSHHyqhMRSxLW6UjN
John Glacier,2,2.5,2022-01-18,2023-03-29,1,0bx1WqLCinbINJUYnpjqMO
Tiger Mood,1,2.5,2025-03-23,2025-03-23,1,4UFPN3ZyAsPkFwx5DFg5yF
Kent M$ney,1,2.5,2017-09-25,2017-09-25,1,7y3dSP2PP8PTYZej1pQTj7
Ballpoint,2,2.5,2021-10-11,2021-10-11,2,6BCjQDuuqRWEya6VbMX3ls
Chaqueño Palavecino,1,2.5,2025-07-24,2025-07-24,1,4S7TxyUNJzGNg9asjU954f
Toto ice,1,2.5,2022-06-10,2022-06-10,1,5oRotxp1H3yR8ACszjOQGa
Taylor Made,1,2.5,2022-03-10,2022-03-10,1,1BkVfpD8YdXFttfaczz9Zo
mabanua,1,2.5,2019-10-18,2019-10-18,1,5Nhw180obum91f6beXfweg
La Joaqui,1,2.5,2023-02-14,2023-02-14,1,4qXWX3OmEKp0YCnnxJqTMO
Daringer,1,2.5,2022-06-16,2022-06-16,1,1D4XKQuLqifftUJmARLh4H
Ooi,1,2.5,2019-06-12,2019-06-12,1,6y6X3MTn2YhX1SKokWKRQU
Ken Carson,1,2.5,2021-10-12,2021-10-12,1,1V0jEAE4UreyX8KYxGLnLP
Jon Z,1,2.5,2019-06-16,2019-06-16,1,4ONfxKHJOofQNwZc9StdDE
GwaiLow,1,2.5,2019-09-13,2019-09-13,1,43iGoVLpaKzKuvNZy4Hq4m
Victor Internet,1,2.5,2020-03-18,2020-03-18,1,4S8vtRJ78uTUGvTZF3dEmR
Måneskin,1,2.5,2022-05-30,2022-05-30,1,63WuQOXohQIxOxIFA2K7bR
Nick Leng,1,2.5,2021-02-01,2021-02-01,1,4Njv9VolPG2YgGpGk8T9ql
Smuv,3,2.5,2019-06-14,2019-07-05,2,6poMeDsPwNnHPVyb7lwqAj
Falke 912,3,2.5,2021-08-31,2021-08-31,2,4ftg5EDTuJw7gIlTi9LC7d
Jim-E Stack,2,2.5,2022-04-24,2022-04-24,1,1dYINunY6WA3aMpLgdT3QP
SEB,1,2.5,2023-05-31,2023-05-31,1,3zyzC28g7uU4YfWN840ciZ
Amber Olivier,1,2.5,2019-02-05,2019-02-05,1,3z7BTaXr5U273eXviBVcuy
ColeW,1,2.5,2026-06-02,2026-06-02,1,0mXH9LJszn3ySrr4FQ0cLN
Vasser,1,2.5,2017-08-24,2017-08-24,1,51zNBPna773TdunfRtIhZ5
Rod Temperton,2,2.5,2015-02-14,2015-02-14,2,443n9T3L7lbvnwtwtkC7vl
The Main Ingredient,1,2.4,2025-03-18,2025-03-18,1,3WznRlBNvONR3X3vA3fyse
Alejo Isakk,1,2.4,2025-09-19,2025-09-19,1,5dzilCH9qjO2HkhDimO41O
Ibrahim,2,2.4,2019-09-13,2019-09-13,1,66PiBZ5LImScJlfOVEDCjs
RMB Justize,1,2.4,2025-02-14,2025-02-14,1,0x4BB9JufJVOwHKw7GyVlG
Little Richard,1,2.4,2017-02-05,2017-02-05,1,3Os0VNtvEnRFlXSK5dvOFu
Felipe Gordon,1,2.4,2022-06-01,2022-06-01,1,4pEUFIJSizwBybLdW0Qs5m
Still Woozy,1,2.4,2024-10-11,2024-10-11,1,4vHNeBWDQpVCmGbaccrRzi
Lucybell,1,2.4,2018-03-08,2018-03-08,1,5xUIGSNufz4v7qxdS6OE4n
Pale Male,1,2.4,2025-02-14,2025-02-14,1,3ZNRrXQ1Vk7ZK8cAeuYpj7
HUMAN ERROR CLUB,1,2.4,2022-08-16,2022-08-16,1,56eXJv7ohxLRgwTwfisZWM
.Sinh,3,2.4,2019-09-13,2019-09-16,1,3tOGeIOarxfaTZiZZO4blZ
Seneca B,1,2.4,2020-02-02,2020-02-02,1,78IOa4E1H4SCGTXEESQuQf
Flowmindz,1,2.4,2026-08-26,2026-08-26,1,77BZKeohYCiysg2dXdKGWq
Neoplasma,1,2.4,2019-06-25,2019-06-25,1,5FRyKgRh0mFNUeW7O8emDV
Homage,2,2.4,2019-06-24,2019-06-25,1,2pTj7RZumNRZIvrMKkaZ1J
Halsey,1,2.4,2017-08-17,2017-08-17,1,5SBwAGGXgu0P7Q6AJf3HXb
27Delly,1,2.4,2022-11-08,2022-11-08,1,6iUOel8dLxsf6ww1LoDIt6
Yerba Brava,3,2.4,2023-11-19,2023-11-19,2,657aFPrDGW4f57rkoCG4lS
Bud Powell,1,2.4,2024-01-25,2024-01-25,1,5rpBl3Tc0sFU3DG7W6NseT
Roddy Ricch,1,2.4,2022-01-11,2022-01-11,1,4agzG420eYTcmMeHxSVbXN
Tipati,1,2.4,2025-02-14,2025-02-14,1,6f9Lx8WvqlVaqFBsQfBQzY
Kainbeats,1,2.4,2021-09-07,2021-09-07,1,4v1EzxLxaKMBC3vwkegyIx
Averiado Dp,1,2.4,2020-08-18,2020-08-18,1,3XVBshbXf33Jj0uSU8fCIM
Starchild & The New Romantic,1,2.4,2020-11-30,2020-11-30,1,71eOibyGpgz6ikvp5TGL7Z
Abstract Orchestra,1,2.4,2021-01-18,2021-01-18,1,6frS5yt1VZWpjrsJDNbzN3
$mile On,1,2.4,2023-03-29,2023-03-29,1,3XFLt3zxqw1anFtpFoeyjw
doppel gangs,1,2.4,2019-05-30,2019-05-30,1,75F7PfS2a7IBrokEYLls79
10 Ft. Ganja Plant,2,2.4,2023-11-10,2025-10-24,2,4shJmtVH3PCCCMwDZb9DUr
Danny Schiller,1,2.4,2022-06-10,2022-06-10,1,2wrXCzqFhTrUiLx1Xra1zN
Imagine Dragons,2,2.4,2014-12-27,2022-09-03,2,1r9xUipOqoNwggBpENDsvJ
Julián Dysart,1,2.4,2023-06-23,2023-06-23,1,0Y4LVCIZVLEkho5g2SfgfX
Signe Golin,1,2.4,2022-11-19,2022-11-19,1,6GFBrLr4HbsKqra7MSiluq
Engelwood,1,2.4,2019-09-13,2019-09-13,1,75o6Q9MM1qnftXUC6WiHFZ
Malik Elijah,1,2.4,2023-03-26,2023-03-26,1,3reMMRTXjo9NwWLwWK31X3
Eljé,1,2.4,2023-08-22,2023-08-22,1,76LaGvSB2UETy7EcZgxP7K
Sixpress,1,2.4,2020-03-18,2020-03-18,1,03jZkJEAQORiO3PO8fhEQw
808INK,1,2.4,2024-01-23,2024-01-23,1,6imaoKkU3JVj5TsJMZiD4G
Otsochodzi,2,2.4,2019-04-06,2019-04-06,1,7HwDZjEqtQuXeEcL8VC8Qo
kwn,1,2.4,2023-10-30,2023-10-30,1,6MLRXGIIpGXOR7ZvQm3xHF
On Dunes,1,2.4,2022-11-19,2022-11-19,1,0xbwOBfj9VQzrixeUrkbv5
Sickboyrari,1,2.4,2022-02-03,2022-02-03,1,4TGKToBI1GE3AH07TVixZt
Alzena Powell,1,2.4,2017-11-03,2017-11-03,1,1ZZMUIu6dOQknK8T7z36rm
HUGEL,1,2.4,2024-01-19,2024-01-19,1,5bZjb7xKqLqa58QiUBcVvl
Pastor T.L. Barrett,1,2.4,2016-09-28,2016-09-28,1,4HNbRPTXTKaBwX7qSmkQu6
Abstract Mindstate,1,2.4,2022-03-10,2022-03-10,1,7iRWdSwrHzOkhR6VybcOWk
Towerz,1,2.4,2021-09-07,2021-09-07,1,6PAytjP4Lbk4HqMAMUcU7q
Heavy Mellow,1,2.4,2019-06-21,2019-06-21,1,6sVSbqlpbATtUEOGC4XNLh
Raury,1,2.4,2021-05-05,2021-05-05,1,0BTPCYmuHwriJX2yA6d53t
SAGA BOUY,1,2.4,2023-05-11,2023-05-11,1,1H8UduB81zW64YtFt99YIV
Karina,4,2.4,2015-11-29,2017-01-28,4,7psVrzna5UpXkl86aHk63u
RENEE,1,2.4,2023-02-02,2023-02-02,1,3LWay44eeYFEh27Gf1UA7J
Black & Blues,1,2.4,2021-05-06,2021-05-06,1,6uDF1hOBaZmVNRGZm1NE7g
Freddie Joachim,1,2.4,2016-07-18,2016-07-18,1,3ZB4h7rWKKIMC06EzFiuE9
Matthew Mullings,1,2.4,2026-04-09,2026-04-09,1,0QSAbhhZlF7PTB0Xy5dmNU
ASTN,1,2.4,2022-08-11,2022-08-11,1,0L3KqlhJGIqpcX6eAC55rX
Rook1e,2,2.3,2019-06-25,2019-09-13,1,00e1c7sY2YmpscKwKdddX0
Los Nota Lokos,2,2.3,2016-02-27,2025-09-19,2,1UWiN3uompJtgLuhUrd23U
NLE Choppa,3,2.3,2019-08-08,2019-08-09,2,0OsYwz3SCLD98IvWfdLeRQ
Ramakhandra,1,2.3,2025-09-05,2025-09-05,1,4ndlNcDoWk2PkJxLmwNJD4
Blanco,1,2.3,2020-09-17,2020-09-17,1,6h2nENjlo0GOIpVurs98EY
Jmss,1,2.3,2019-06-12,2019-06-12,1,4p6Bv9EknEsKratBEkzd3s
Knowsum,2,2.3,2022-06-01,2022-06-16,1,19aHmEza12CitbUdw2l3uK
Herederos Para Vos,1,2.3,2022-11-12,2022-11-12,1,33sXyUUjUAnSlltHJny01l
Girlfriends,2,2.3,2022-02-28,2022-03-02,1,5P9wr82MKfYQ9LbSOM7QIe
George Jackson,1,2.3,2021-08-04,2021-08-04,1,5rbGLI5j4CoAStHSWrx0HW
Nymano,1,2.3,2019-09-13,2019-09-13,1,3nDhCLu8jgQ8a1Hg05bdZH
Harry Nilsson,1,2.3,2020-04-28,2020-04-28,1,6KHRRnST58pRpuWqsOk7Js
cay caleb.,1,2.3,2022-06-16,2022-06-16,1,3ifSabWhWJ3ebyC88sZavp
Lauta,1,2.3,2026-08-26,2026-08-26,1,4AL4EamHEBKPpdcFRkYdXN
Lord Fubu,1,2.3,2020-12-01,2020-12-01,1,3OrVLQOyInCfOuvs97kPjS
Jake Bugg,2,2.3,2016-10-07,2016-12-02,2,3Q7WcVC5SyCdBSDjwj6HmG
Piñon Fijo,1,2.3,2017-01-28,2017-01-28,1,48VKplZ8lAmGITOqpn16Jc
Isaia Huron,1,2.3,2022-01-18,2022-01-18,1,3is4KbvtA3qQuzdvsO5iG5
Tomppabeats,2,2.3,2017-04-13,2020-02-02,2,1NE3RGTUNgdptVMfKQFoK8
Roberto Goyeneche,1,2.3,2026-02-10,2026-02-10,1,3pIEWNcgrdkTOvgqDbR5K7
George Riley,1,2.3,2023-06-07,2023-06-07,1,1pHU8ttAqWRRGCvnoGOY3g
Blues Traveler,1,2.3,2021-11-24,2021-11-24,1,0NAAqjvEBnGzbAw3LMk16G
La Fève,1,2.3,2022-01-11,2022-01-11,1,18gJ5bLhq6cfKJefdwzGpj
Woesum,1,2.3,2022-02-28,2022-02-28,1,1hNb2eDg25jGC5rCQS1OwY
ThankGod4Cody,1,2.3,2019-04-26,2019-04-26,1,3i2bOiFTZOhaWSJN2svPIk
upper class,1,2.3,2019-09-13,2019-09-13,1,4uMLF9aSH98vCSSI9mko29
halfpastseven,1,2.3,2022-05-30,2022-05-30,1,1J66fqwWZcJMFbn9ifPZ2p
Brady Watt,1,2.3,2022-03-10,2022-03-10,1,6zBiYnh5AmAWtkO709qTZb
Hanshiro,1,2.3,2019-06-25,2019-06-25,1,3c7pa8tNUEeEBUnVlIuL9I
LNDN DRGS,1,2.3,2021-02-26,2021-02-26,1,0wjnoV5jgBLtSN1SPXKjMW
Nvscvr,1,2.3,2019-06-21,2019-06-21,1,40Qyd5918papnREHeBKw5a
Remi Soul,1,2.3,2024-12-27,2024-12-27,1,1LJiU1IAarmjY52fewAfV7
Wintertime,1,2.3,2022-03-25,2022-03-25,1,4vrzpvXILOhfFaMbFaKFiZ
Rockie Fresh,1,2.3,2020-10-21,2020-10-21,1,1PkP6JICvGNQkmrBpazdWl
Marquis Hill,1,2.3,2019-03-11,2019-03-11,1,127CkNVIrOjH46fqI5REzd
Gerald Clayton,1,2.3,2022-08-16,2022-08-16,1,7G035a84qdhNfjm2pV29Zx
Carmen Linares,1,2.3,2026-04-01,2026-04-01,1,0evRLtSnc6gYAWvAqPUd4W
Aphi Tenza,2,2.3,2024-04-08,2024-04-08,1,0Va6NvkegKBXZMK7mOP6Gr
KC & The Sunshine Band,1,2.3,2016-07-12,2016-07-12,1,4r1RkfA3H8N5nwcjYKv35g
Good Morning,2,2.3,2016-09-05,2016-09-08,1,67LKZcv1J2Yj4pk5UIuFQW
Holy Hive,1,2.3,2022-05-02,2022-05-02,1,5BbalszBPahg1um1QVxSRi
HXLT,3,2.3,2016-09-12,2016-09-16,1,7eqwYuQYf8XaRoizmCMr9u
[ K S R ],2,2.3,2023-07-12,2023-07-12,1,4ygSEMF4AahELd67BYwJXI
Cold,1,2.3,2019-06-12,2019-06-12,1,6fkEXnxYYmw9n9VUkN4Eh3
Menahan Street Band,2,2.3,2022-05-02,2024-04-16,1,1h8idoR6jWpwnKBv6ADnYN
BIDØ,1,2.3,2019-06-12,2019-06-12,1,62lUVVeeqYUVEfgWk5JzyL
L3,1,2.2,2019-05-22,2019-05-22,1,3F69gmEXrM5LMeB6LDvKoA
Jordy Chandra,1,2.2,2020-03-07,2020-03-07,1,6qTxW6imgc7EEphJM0onkF
Fijimacintosh,1,2.2,2019-08-08,2019-08-08,1,3ozAlhUz3LwiuCBc5t5k1T
Fer Vazquez,1,2.2,2026-08-26,2026-08-26,1,1BY1XRyipL1aL86WwDn5SS
Mahalia,1,2.2,2026-08-04,2026-08-04,1,2JnNKl2FobgVmDaSN1isVF
KYATHO,1,2.2,2025-02-14,2025-02-14,1,4JkjD67VyKfxopH8FeG4TX
melvitto,1,2.2,2023-12-06,2023-12-06,1,6TTR7tXftck5lU7BPRY7bV
Pierrette Tremblay,1,2.2,2022-11-19,2022-11-19,1,3713Dlm0BpTyUr1UmIhpk7
Prison Mike,1,2.2,2023-07-26,2023-07-26,1,6VvLNahYIMzQzFQM7YycsX
The Von Bondies,1,2.2,2017-02-05,2017-02-05,1,0YPDp1KIxVLTdh3vnvk6wd
Lady Ann,1,2.2,2018-05-20,2018-05-20,1,5M8sEWWsmtEN7c4nl6wziP
no one's perfect,1,2.2,2019-09-13,2019-09-13,1,4uqGhvwXjDuZQ9rZyIqmFA
The Family Rain,1,2.2,2022-05-30,2022-05-30,1,0c8SAOLlfaia0uAfxVrk2x
Criolo,2,2.2,2016-09-05,2016-09-08,1,4aPE87Wv6LNQ8K4HGOZtlU
WMC,1,2.2,2023-04-13,2023-04-13,1,0yX9RNdJ0sDfUlha53kCKw
Bob Andy,1,2.2,2023-11-10,2023-11-10,1,5gKRvmyCfccgnM4A2nzO3p
Plusma,1,2.2,2019-06-25,2019-06-25,1,6c3Jxxb5AhCfGkPKfIJ0EJ
VÉRITÉ,1,2.2,2022-11-15,2022-11-15,1,0Xk3woedbuw1RY4jwPoeNT
ZekeUltra,1,2.2,2021-06-17,2021-06-17,1,0jQPVM41l6xWzynX7mIflu
Bon Iver,1,2.2,2024-01-25,2024-01-25,1,4fLfKKoIWroefEjqpMDid7
Valentino Merlo,1,2.2,2025-07-05,2025-07-05,1,2N9LvPp7o61eerdZEyKQ19
Enry-K,1,2.2,2022-02-02,2022-02-02,1,7kYtwO6LiO7mUL5PdwcqxI
FOURTÉ,1,2.2,2024-12-27,2024-12-27,1,5kZC6QnLcRsTaIe0sPaA4s
Fred Tucks,1,2.2,2017-11-03,2017-11-03,1,158086GGSHKrcvWe1420rm
808vic,1,2.2,2023-10-30,2023-10-30,1,7xQNKbIhGbfibisThIb75d
Armik,3,2.2,2022-11-23,2022-11-23,1,67SBVQzIscGk8sxs3XpkPF
Gloria Jones,1,2.2,2021-11-04,2021-11-04,1,0BbA7S30mOQB94e4IBnqCt
Horacio Guarany,1,2.2,2025-07-24,2025-07-24,1,2CljEveFdykiGGUOgg7djM
A$AP NAST,1,2.2,2021-10-12,2021-10-12,1,5ZHdSdhLl9d79wasqTn3Ax
Pastor Rex,1,2.2,2022-02-02,2022-02-02,1,3WOcgRHDDxs1kIfGxRNIRT
Roman El Original,4,2.2,2017-01-28,2023-11-17,4,2mHVUrLTP8vTniy0rjWp6I
Dréya Mac,1,2.2,2021-10-12,2021-10-12,1,46lI90C4tqQ6vkqHwDejc7
Papii Red,1,2.2,2024-07-29,2024-07-29,1,4fUy7eQb5n9sPvzb9NpSDv
Tony Thriller,1,2.2,2019-06-25,2019-06-25,1,0uwMyFxSji1QuWJjmJOm6F
"Love, Tumi",1,2.2,2024-12-27,2024-12-27,1,7gkO0BWzN7UOJ9486M6DLn
Cuezy.,1,2.2,2025-02-14,2025-02-14,1,63DWrIlLuZHYieC8VBfj63
Erick the Architect,1,2.2,2019-05-30,2019-05-30,1,1zwvwEjjl2Av2vLltPcP1y
Two Feet,1,2.2,2022-07-24,2022-07-24,1,4NZrZgrRoR4GwR7flWOXRI
SUN/MGNETK,1,2.2,2025-02-14,2025-02-14,1,6JyHph1FITsPpAfltBe5Al
Dtoke,2,2.2,2017-05-25,2018-11-18,2,6wj1K7HeRNanXWzWhXuOUk
Maxwell Owin,1,2.1,2021-08-19,2021-08-19,1,3My54GSTKCJoefauinqmXH
MC Kevin o Chris,1,2.1,2024-05-02,2024-05-02,1,6Zm0QF4McEsboueXglVsdB
Dfideliz,1,2.1,2019-06-16,2019-06-16,1,6Kin4bZcZM5xMUlgWnr2XH
Kweku Collins,2,2.1,2016-09-05,2016-09-08,1,2UwPAmr5E6aYhrMxUBliu7
Eric Lau,1,2.1,2021-12-03,2021-12-03,1,3IH4y5nbL6mb9KR3QhgsfI
Camille Saint-Saëns,2,2.1,2025-08-04,2025-08-04,1,7osEgWW0fkuz4mGYzkRGsN
lucidbeatz,1,2.1,2024-12-24,2024-12-24,1,40TZnaw4eDPChJNHw2Swf3
La Champions Liga,1,2.1,2025-07-05,2025-07-05,1,2FsKAVOxpmnxhxmEsqrZOD
Dancing Mood,1,2.1,2026-03-30,2026-03-30,1,3nZ8Wimul7MTRBxKBF7aBt
Timothy Bright,1,2.1,2020-11-30,2020-11-30,1,6SK4twS5N36Ib9SfNsZl29
Tommy Guerrero,1,2.1,2024-04-16,2024-04-16,1,4r1IFv0DCJ6CQsfOhQPTES
Master Planned Music,1,2.1,2025-02-14,2025-02-14,1,565kexNTACM1niGhND9Wc5
Recycled J,1,2.1,2023-02-10,2023-02-10,1,7B8Oux2lcjPTfInXAbabbx
Ambulo,1,2.1,2019-09-13,2019-09-13,1,3TO91bMajssgO6UjBh5yHx
Cheb Rabi,1,2.1,2020-09-17,2020-09-17,1,1oxv5VngyzkH58n1lD9Oj7
H.1,1,2.1,2019-07-04,2019-07-04,1,2DKynBWf0wfHTRTdJg1drv
Raedio,1,2.1,2024-07-29,2024-07-29,1,7KfoJkn1lHsaaIROetHaoE
The Horrors,1,2.1,2016-07-04,2016-07-04,1,6tcJLEjYIYxpTd2zq2K0K7
Febre90s,1,2.1,2024-05-02,2024-05-02,1,1vBvTfBOyZq45VvANmtlI8
Audio Push,2,2.1,2022-02-02,2022-02-04,1,54HSrEMLsBUgt4kkvnwkFw
Lythx,1,2.1,2023-10-30,2023-10-30,1,5XCJiYKXyrGIZpohoNvxfJ
The Valdons,1,2.1,2024-02-14,2024-02-14,1,7edHx31pS8lQtjvvn06m6x
Aquilo,1,2.1,2017-08-27,2017-08-27,1,5cmBD5rtQPaqcGSsokkidk
99GINGER,1,2.1,2023-03-29,2023-03-29,1,73zBntCmz66H1Q4bE46rV6
Axiom,1,2.1,2019-06-25,2019-06-25,1,2L6NX0hKSRV5oADz7wD4Ld
Havoc,3,2.1,2019-06-24,2019-06-25,1,5kKiFAAtO19ofbgXKXVY31
KEY!,1,2.1,2020-07-18,2020-07-18,1,3FMu19QJfM3TyNFbI2HSVi
Mjølnir,1,2.1,2025-02-14,2025-02-14,1,2AEhxIKFfvjxk1NTMP1bR0
Poptartpete,1,2.1,2021-02-01,2021-02-01,1,3rgDLgtdQ7p3ZMgXZuhHdX
Jazz Spastiks,1,2.1,2024-03-26,2024-03-26,1,1gEdLgfWA7xkJ9TYaUJHmi
Ruger Hauer,4,2.1,2016-09-12,2016-09-16,1,3ZmTbCgXn21OnuM7AfoLab
Kwam.E,1,2.1,2021-10-12,2021-10-12,1,1GXLmwDvyKRyce0r3hcY5W
Tay Iwar,1,2.1,2020-08-18,2020-08-18,1,2i5FtjtMHDQ9qpcdtKwTJK
Full Crate,1,2.1,2022-10-04,2022-10-04,1,7yEMlXuKt52U4lbGKtEVzE
Maurice II,1,2.0,2022-11-19,2022-11-19,1,7GU0ciA8i6cd5wJT6WhkDk
cocabona,1,2.0,2020-03-07,2020-03-07,1,0bBffewTK0oyCriEnYSbHY
Caleb Gordon,1,2.0,2023-02-14,2023-02-14,1,6Qzq6lkHTM36baccsq7kP6
Kasien,1,2.0,2023-03-29,2023-03-29,1,3ecGhnx1oOhfc6EydPPZC9
El Guachoon,1,2.0,2023-11-19,2023-11-19,1,1ndyiTDZMNozDMATRsj7TE
Dpat,1,2.0,2020-08-18,2020-08-18,1,5tnnYJIxNqFhhPXDCx7ctR
Tony Bennett,1,2.0,2025-01-18,2025-01-18,1,04LAPXr5C6W4ufoCVxr5Bx
Baden Powell,1,2.0,2024-04-16,2024-04-16,1,2cHhvfzsVSktRrDRJ4LAz0
Sarcastic Sounds,1,2.0,2020-03-07,2020-03-07,1,1eHx0urYJo0Tzo2DABMvkj
Camden Malik,1,2.0,2021-11-23,2021-11-23,1,19hblKhD1XdIbuACURF9ZC
Scallops Hotel,1,2.0,2016-07-01,2016-07-01,1,5qTlzD0TW5JZ9TacSkLjJr
BAYNK,1,2.0,2022-04-30,2022-04-30,1,76am7pyRidCWxsrD4XIRpE
Leonel Torres,1,2.0,2022-01-22,2022-01-22,1,5uL0bjHq5LonTNEJogI5Ns
Stan Forebee,1,2.0,2022-05-19,2022-05-19,1,3J7cEg7IcutUokSsniyYHU
Antido Laboy,1,2.0,2023-12-04,2023-12-04,1,03noYLXiMpbC9growbDcET
Paris Texas,1,2.0,2022-06-22,2022-06-22,1,7u0EBklGxXaxenzzMV5qJH
Nico Baran,1,2.0,2023-10-30,2023-10-30,1,2yqmQ6aHg9BqumGgSMlEzs
Lido,1,2.0,2017-08-17,2017-08-17,1,1x4HX2oVcJGrDeRT0A2mbS
Goblins from Mars,4,2.0,2016-10-07,2016-10-07,1,2jH1R6OTxt4icT0FGARueW
BUMKEY,1,2.0,2017-09-21,2017-09-21,1,3QkeunUWEyHJ2Tgh7QbyO6
Mc Melodee,1,2.0,2023-03-29,2023-03-29,1,7kaIn88Hw1UA054Xy3mdJR
sleepee.,1,2.0,2019-07-04,2019-07-04,1,3IvLr23kzeM1GBwppmQ6C6
naran ratan,2,2.0,2020-01-29,2020-04-28,1,7shulGeXPuc6oWZeYjKMA7
Chambao,2,2.0,2026-03-28,2026-04-04,1,5SqPpNDpC395dXsfW1n8aX
Katori Walker,1,2.0,2023-03-26,2023-03-26,1,4ZS5mXMgeivMQP1iMkOI8v
Masta Ace,1,2.0,2024-02-20,2024-02-20,1,1nDgL42y7nnTFSQYouFOA7
Sumwun,1,2.0,2019-06-12,2019-06-12,1,1pHgIBWGCrXqTpBnZmQSP3
Joy Division,1,1.9,2016-07-21,2016-07-21,1,49G0Rj1qpt75vdgiOo8QAE
Ambient X,1,1.9,2023-09-15,2023-09-15,1,6CzRJvO258XHqqUSzmsP4X
Jesse Novak,8,1.9,2020-04-06,2020-04-12,4,4P4e9L3Ca5QKQQ5sauA75y
Rubio,1,1.9,2017-08-15,2017-08-15,1,4loxzNt59LAhxvBHdLVKVy
Quintana Musik,1,1.9,2026-08-26,2026-08-26,1,6AjNJyF6tSUcquuc0rcRzI
Sazetrax,1,1.9,2019-06-12,2019-06-12,1,33WcnhD9ur6S2glqTYjRzc
Stro,1,1.9,2022-02-07,2022-02-07,1,3VYdjXUAyQHoUSldZNpjLz
MIA GLADSTONE,1,1.9,2022-06-16,2022-06-16,1,1DazfftT2hCHbeYJdRw1qo
TheSenseiBlue,3,1.9,2019-06-11,2019-06-14,1,3Yp21hZcWD6h9KCDoX7toB
Frijo,2,1.9,2019-09-05,2019-09-27,2,1sbxPVKNi6OLUdTHRrbd5A
Shawny Binladen,1,1.9,2022-02-02,2022-02-02,1,64clhpZjqDIEKV4WDjpWHG
LCD Soundsystem,1,1.9,2016-09-05,2016-09-05,1,3PSfMFmcGw51MXtXDhMAk6
Rzuma,1,1.9,2019-06-12,2019-06-12,1,6vMepro0Rb70ABFgipiwkg
Fontaines D.C.,1,1.9,2025-03-31,2025-03-31,1,4GKJALTXTwhZgLPp0usd5C
Drevm,1,1.9,2019-09-13,2019-09-13,1,3tpr337B8DsgKo7JR2eYAS
Calabasas,1,1.9,2022-06-27,2022-06-27,1,2zx4PiizivLbD1kLW5XHvv
Jay Critch,1,1.9,2023-07-26,2023-07-26,1,04EiG9ApCYXm38cwb7oq6t
Amanda Reifer,1,1.9,2024-07-29,2024-07-29,1,4kIogQmlJbShn8HNvPDXJy
Sndtrak,1,1.9,2025-02-14,2025-02-14,1,1pgXF0GAbf1P8ASmj8HAaY
Abhi The Nomad,1,1.9,2022-06-01,2022-06-01,1,3A4yu3wHxrnAzyD9aUyjhp
kiLL edward,2,1.9,2019-07-15,2019-07-16,1,20m7W5dGNQyXLqr7BVasmy
Arbour,1,1.9,2019-07-05,2019-07-05,1,1enFfdBsFZZ5gxxopOmqMz
Lucrecia Pinto,1,1.9,2022-06-15,2022-06-15,1,234haBBkPl5cDnP00YqSs5
Saint Levant,1,1.9,2022-06-26,2022-06-26,1,0bXSvO0yblG70ugYmCHZBu
424,1,1.9,2015-09-08,2015-09-08,1,2aM5kf986Hwke5EC9ThMMp
Lil Durk,2,1.8,2019-10-21,2019-10-21,1,1lS9xMPiCewkv3aMALaFGJ
Sublime With Rome,2,1.8,2016-09-01,2016-09-01,1,6vhRmymsQaWhVegaK7aTDe
Monika,1,1.8,2016-01-15,2016-01-15,1,2X3RWNamOcMIv8AdrYuUhM
PHABO,1,1.8,2023-08-22,2023-08-22,1,57tg0m3Iu8YzWyaDfFfDtR
Cookiee Kawaii,1,1.8,2023-02-14,2023-02-14,1,6xBuTvXuKyK6v0kQpiX6z4
Hugo Moraga,1,1.8,2025-08-23,2025-08-23,1,2yGl4WoHOxQtCn3KyHVGdu
Moods,1,1.8,2020-02-02,2020-02-02,1,2AuHTUSBMMNVHeO93a6n25
The Streets,1,1.8,2024-01-25,2024-01-25,1,0vKQBFCY0jCMcD7Y8AA1Od
Melvin Knight,1,1.8,2025-02-14,2025-02-14,1,2CbmbVzDzfXKXtFdYwlJGx
KWAMZAY,1,1.8,2023-04-05,2023-04-05,1,6181GPBniAGSehVju99EbC
Otesla,1,1.8,2019-07-04,2019-07-04,1,4hpfKpKo3j2e91iK69Wazb
Los Nocheros,1,1.8,2025-07-24,2025-07-24,1,188wTON3SZIoUVG39rINeq
Krisy,1,1.8,2023-03-26,2023-03-26,1,6oWrryCpI5lzPdJpqnuOPO
Kavv,1,1.8,2019-09-13,2019-09-13,1,64GlTTRuh5pdGkfaRAHAOl
Santos Cuervos de Boedo,4,1.8,2023-01-26,2023-01-26,4,2etRA5kL0gEq1UohMqk8mt
King Capital Steelo,1,1.8,2019-10-18,2019-10-18,1,5ES9LoxgKbPoCiD0LADFNY
Ernie Banks,1,1.8,2017-11-03,2017-11-03,1,2hHixAbuv7iLCRThgsQ0aU
HEALTH,1,1.8,2019-05-22,2019-05-22,1,45hRuyN5DDeoWzL8ND5usY
Dabu,1,1.8,2025-09-04,2025-09-04,1,5SN6N0LutKJI1AfHb9WlaJ
dialE,4,1.8,2024-03-26,2024-05-08,1,7fOu8YZoZ13Q8H6A2vm8ie
Vundabar,2,1.8,2016-06-28,2016-06-29,1,7vlX33qkhVUSMUe0wpTOyc
Salvapantallas,1,1.8,2019-08-30,2019-08-30,1,0PIUMPLmzEAKBp3AHU5wzK
Please Wait,1,1.8,2023-07-12,2023-07-12,1,0zuBq5D9WmXd1BduKQbgZc
leaf beach,1,1.8,2019-09-13,2019-09-13,1,530YPWoV9QJrYYpb2o0R1G
DAO,1,1.8,2020-02-02,2020-02-02,1,74D5pms3OKB8xEem6KwLdY
Shirley Ann Lee,2,1.8,2018-12-13,2018-12-13,2,1CA90cZ19qHb7cFCrHbRl2
Moby,6,1.8,2018-01-22,2018-01-23,6,1hEh8Hc9lBAFWUghHBsCel
Reggie Becton,1,1.8,2022-09-20,2022-09-20,1,6u4XKAGGdvlnSnP150oPSp
Nikademus,1,1.8,2025-02-14,2025-02-14,1,4uRY7JwuF8TaCWw71SEvDd
Godfather Don,1,1.8,2024-02-14,2024-02-14,1,5QPaIn9xZXsFPheGKkrnco
Allah-Las,1,1.8,2024-04-16,2024-04-16,1,0s8wR0kbIbyJcSNcqR08zD
DJ Taj,1,1.7,2023-12-28,2023-12-28,1,33czlBnDnXarFUohTnqbNn
.ihaveaface,1,1.7,2020-04-12,2020-04-12,1,3tkShP6gkZ0yuKck5iBkUv
Joey Montana,1,1.7,2016-02-27,2016-02-27,1,0ZogPPD0uFaPXVhlZJOtSK
Sheff G,2,1.7,2023-02-23,2023-06-21,2,5kNrhABkAowO87oF0EHDPv
Take Van,1,1.7,2023-02-14,2023-02-14,1,5a5q1sFcpMoPRk5fRGWq2W
Beenzino,1,1.7,2016-06-23,2016-06-23,1,65jRY5zMsfljr07Fwj9mUS
September,1,1.7,2023-12-09,2023-12-09,1,65zw2RY8Qp0JJDcQNSejNY
Frank Dukes,1,1.7,2022-02-28,2022-02-28,1,0eNA9rbzq1pLOIH8LXrXKa
pumapjl,1,1.7,2024-05-02,2024-05-02,1,4z8uLMkJSpqKEHbomeYAGu
ocha,1,1.7,2019-06-25,2019-06-25,1,3yhrD7JM7kgGmc59D3qy80
DICC,1,1.7,2022-01-15,2022-01-15,1,1NWZ6hOXjKctKer03iGD88
MiKEY SANZ,1,1.7,2019-08-02,2019-08-02,1,1adHAkBcNbSGSWrK1SsasU
Alex Heflin,1,1.7,2020-04-12,2020-04-12,1,3YsQjA6P2eLCs1d3bxsitK
Adé Hakim,1,1.7,2020-08-14,2020-08-14,1,0Io8g10zYeTZfzt7wCsWDL
10k.Caash,1,1.7,2019-08-08,2019-08-08,1,65mFuYYe8FBwBelMCGfhOV
Olswel,1,1.7,2022-06-16,2022-06-16,1,0WB97vOvnYzcFpWAgK91qs
SwuM,1,1.7,2020-02-02,2020-02-02,1,2g6WTGWNYGnRCBaWEzFE00
Manu Chao,6,1.7,2016-06-07,2024-02-23,3,3MClzA9UCg0bQplGESWcCW
Brainorchestra,1,1.7,2025-02-14,2025-02-14,1,6BXvgext3nDDvDWtRlhbh0
StriveAU,1,1.7,2020-04-12,2020-04-12,1,6c1UieUJEbyc0283ojm39q
Big Leaf,1,1.7,2024-05-13,2024-05-13,1,3M58iHT1nEYyAYsvwTo1FQ
DDG,1,1.7,2023-07-12,2023-07-12,1,4jQF77FelHaw2u1CB0sIfp
Amenazzy,2,1.7,2019-03-06,2019-03-06,1,5tqibb481yu1kGbbnETNya
Dazegxd,2,1.7,2023-04-28,2023-04-28,2,6kYIm44DkeWvBG0DCpkrsV
Spellspellspell,1,1.7,2022-05-30,2022-05-30,1,3EbDhD4PG1D0mYp4s5ygHg
Vale P,1,1.7,2026-08-26,2026-08-26,1,6y89RyRyEy2oM2syotFlgS
SPEECHLESS,1,1.7,2019-09-13,2019-09-13,1,7noJAr1qVEvUZSr8abV61p
Elvis Martinez,1,1.7,2022-01-14,2022-01-14,1,1Kj4rrHAKRgFxbOVUmgoh9
Moon Boots,1,1.7,2022-11-13,2022-11-13,1,1O2oW6he3Ih2AIplfwaujP
Smoke Trees,2,1.7,2019-06-14,2019-09-13,1,4WMhD2aaKegdm7qjyo4mxw
H E R B,1,1.7,2019-09-13,2019-09-13,1,6vt0wCAq9zKzvF5KJ6IDsQ
DJ Vend-Linu,1,1.7,2025-02-14,2025-02-14,1,0nbfACh00VHfdHAjEq3TdZ
Matt Kivel,2,1.7,2021-07-11,2021-07-11,1,0SeCA3vPHuXGP6sizB05ZA
The Big Moon,1,1.7,2016-08-08,2016-08-08,1,7vgcJQlonnHIdVaSDQs2rv
Magios,2,1.7,2025-06-24,2025-06-24,2,2y4R0EcierGVvDHBOfwit1
Keem the Cipher,1,1.7,2019-07-04,2019-07-04,1,2M3SiBZgF2Uf0nVhNkGkuK
pandi,1,1.7,2022-05-19,2022-05-19,1,6ozpQ4wOqWUvB1QybmZscA
Mr. Vegas,2,1.7,2017-05-09,2025-03-31,2,5ehSuydft40K7CxQIgV4XS
Kelz2busy,1,1.6,2023-06-23,2023-06-23,1,4xiQIdWJI5uT6772AxDe9g
Töölön Ketterä,7,1.6,2016-06-28,2016-09-16,2,5YDliRGPJmRBarzeeoSLOr
DJ Drama,1,1.6,2024-04-23,2024-04-23,1,4idDrKxWmLO55fwqcCrYNW
Tanna Leone,1,1.6,2023-05-05,2023-05-05,1,3hjCUYBBJUCB9nyBNRIVj8
Savon,1,1.6,2022-11-13,2022-11-13,1,6orAlR80bW83kBu27ShyrG
Jin Yerei,1,1.6,2024-04-16,2024-04-16,1,7DbfaT7q0a9X9YzZeoCZYX
Carlos y Alejandra,1,1.6,2022-01-14,2022-01-14,1,5J7ZrlSLn5yVTLOHjGHalv
j^p^n,1,1.6,2020-02-02,2020-02-02,1,2tw0XH9LfAmDf0H5IY8O4I
CODE KUNST,1,1.6,2017-09-25,2017-09-25,1,3Wx1JC1jlRPfZHlFMbewuJ
Diz,1,1.6,2023-05-05,2023-05-05,1,6D5Yq5gw6kQj4qfF5WeJ5T
Toj,1,1.6,2019-06-25,2019-06-25,1,4Da4RfQekFCBVeM5bM8lRM
Juice WRLD,1,1.6,2021-06-17,2021-06-17,1,5ZOEulH7fvK4ZkMLTOyKL0
Susana Gimenez,3,1.6,2021-06-01,2021-06-01,3,6owI2cK8thLT5gfTDgxhBH
Mr. Carmack,1,1.6,2021-12-02,2021-12-02,1,6KLBv8Z6iHfCyvDpElWisP
David Byrne,3,1.6,2015-08-11,2015-09-16,2,7qfuj1MVTzYH74HZ9P0DN0
Tyrone The Maker,1,1.6,2023-09-15,2023-09-15,1,3O5FpQHCNpBBn6HYSzZu6s
SB,1,1.6,2025-02-14,2025-02-14,1,4ckOrBnVv2FTC8s9YVSsfS
Bando.,1,1.6,2021-11-23,2021-11-23,1,1TEHeYuZGKXIcZxONEsJ3K
NOFX,1,1.5,2016-05-27,2016-05-27,1,33JDQXDoInvQ6XyTOQxAhj
Nenagenix,1,1.5,2021-08-25,2021-08-25,1,4sAVtJd6rYyaVf49HxbZ8t
Kendall Miles,1,1.5,2022-06-04,2022-06-04,1,5B1tm4NuzSbYUTwk0xEz2a
Axel Krygier,1,1.5,2017-07-29,2017-07-29,1,0Q6yWBgrj3cVSbyoLdAJok
Summers Sons,1,1.5,2023-06-07,2023-06-07,1,19MeA5zgcvALij2XN24wwu
Brenda Elianne,2,1.5,2023-06-29,2023-06-30,2,0uFTMqw4DEWWMOA9xNS5lj
MC Eiht,1,1.5,2017-12-04,2017-12-04,1,5UQOmTylBEdsIfSn37v3DO
Belle,1,1.5,2017-08-27,2017-08-27,1,1VKISR73g1GWX7bzwqIEvx
Teemu Nätynki,1,1.5,2025-02-14,2025-02-14,1,5fBQlVMvbSAZ944Bw2Oj1E
Moneybagg Yo,1,1.5,2023-02-23,2023-02-23,1,0uiHv6ieCOkc9sE9ae3nDJ
Hope Sandoval & The Warm Inventions,2,1.5,2025-05-20,2025-05-20,2,56pJ8i437nb17qQniE5KlI
ENRA,1,1.5,2020-03-07,2020-03-07,1,3aYKfZFbtzLduKZhP7UHWd
Papichamp,1,1.5,2025-09-20,2025-09-20,1,76GhnOdyvGQdD00x1qKasL
Emicida,1,1.5,2016-07-04,2016-07-04,1,3hHDhv6SkwWq9OVvZWrBfz
Lil Mabu,1,1.5,2023-07-26,2023-07-26,1,0Ymjv0OJeIIPXr6s9wi3iW
Beéle,1,1.5,2025-07-18,2025-07-18,1,1C7NXX8UJ6pgNx8EkmyZDd
Ye Ali,1,1.5,2024-02-21,2024-02-21,1,6PcG0WPK33oAbnv3tzd7gr
Stoney Willis,1,1.5,2019-04-26,2019-04-26,1,34UbnrDRI2pYTTaTYbcSFr
Fujitsu,1,1.5,2022-11-13,2022-11-13,1,0RKVJXmLgQbzGmhCd5SaPQ
Kaffetorsk,1,1.4,2019-09-13,2019-09-13,1,7oAg97UN3VanQA83FoyPYF
MoRuf,1,1.4,2020-04-06,2020-04-06,1,4iPH0nHVzynZjsitIOQQf5
La Ross Maria,1,1.4,2022-01-14,2022-01-14,1,6OMRRYsSxvwAfFxkFfzn4L
Junior,1,1.4,2016-03-25,2016-03-25,1,6RjAaBGjF4n0LfOEB42kaP
Joe Arroyo,4,1.4,2026-02-20,2026-02-20,2,1dgErvUNtR2UUcsY3Ecf0T
Don L,2,1.4,2016-08-29,2017-09-21,2,0r3muPLe37DJCr6cqUJigF
Misc.Inc,1,1.4,2019-07-04,2019-07-04,1,3julkyNbFWkLu9geA2CB8K
Frank Reyes,3,1.4,2022-01-14,2022-01-14,2,38nwdi1gZfoXsDFrk4eSF4
Estugarda,1,1.4,2019-06-14,2019-06-14,1,1ye0CqUtaws5jl9mAiki1R
Noro Morales,2,1.4,2021-11-04,2021-11-04,1,4iiMwAr3sELSdNFlJ12qIe
Jules Hiero,1,1.4,2025-02-14,2025-02-14,1,4BNSjnpFAf6LiYKpYH1UEQ
Leslie Tay,1,1.4,2017-08-31,2017-08-31,1,6jCUKC5FrsD8lgPFH1uwDc
Elijah Waters,1,1.4,2020-09-04,2020-09-04,1,1CBm3lOsKHe9GKbpZLi7JF
GROUPLOVE,3,1.4,2020-04-06,2020-04-11,1,5d4ERnrRRe9o4I7aFLFTvP
Faenna,1,1.4,2026-02-13,2026-02-13,1,5lzS3E35sC43sLC6fFeEnS
Lady Bee,1,1.4,2017-08-28,2017-08-28,1,4K7UiAZqiru7J4bCzChbM8
Scubadiver,1,1.4,2022-03-25,2022-03-25,1,28MdUayCaxVlR6rGbmnvCx
JON VINYL,1,1.4,2022-08-11,2022-08-11,1,6Crq3yX0pUdMaFAd3t60gH
Dash George,1,1.4,2023-02-05,2023-02-05,1,4Y2eTHHPa2bsLcHqW8EsS7
TiaCorine,1,1.3,2023-02-14,2023-02-14,1,2fTGh0imCRgP2FcsLLlj01
Ice Cube,2,1.3,2021-06-06,2025-02-14,2,4fx2mGAwYCaxkZQjUTOxXj
Peso Pluma,1,1.3,2026-03-05,2026-03-05,1,4Nf5EZ40JenjMUKXOiyRU5
Nico Valdi,1,1.3,2026-08-26,2026-08-26,1,2mEkK1rOvO4UJWhqEPZiP9
Loop Schrauber,1,1.3,2019-06-12,2019-06-12,1,1PS3K87McFoH9jI9RAgmnr
Russel Jace,1,1.3,2022-11-22,2022-11-22,1,479TAluzixIctz5AiwnrA1
Morrissey,1,1.3,2016-07-13,2016-07-13,1,7wVwKqDtZ5EZHghJ82XGw9
Terrace Martin Presents The Pollyseeds,1,1.3,2019-05-30,2019-05-30,1,7GqMTWXnrPMaSEnhFtFkgb
Cupido,3,1.3,2019-06-19,2019-06-21,1,1i6rdqcJVC6ziT6OdN64bn
La Beriso,1,1.3,2024-01-17,2024-01-17,1,4BoHTlFIrDSrPNp768Tyek
Lady Donli,1,1.3,2022-10-04,2022-10-04,1,2gSh4JIbSm4WleCgpzEdaC
Wealstarcks,1,1.3,2022-10-04,2022-10-04,1,0Fz1z4u9wXSTKAOqorXTkV
Foyone,1,1.3,2024-11-13,2024-11-13,1,1VAIam58WpXrdJsB5QU70A
Juno and Hanna,1,1.3,2017-08-13,2017-08-13,1,62DMG9u4ZPWtYLbhy37S4q
Don Osvaldo,1,1.3,2017-07-29,2017-07-29,1,1yqtsZ0LcBRM5gv1kSMQIt
Mr. Joe Billionaire,2,1.3,2019-11-12,2019-11-12,1,0oF9CZkKmikvMzofveGr61
Chiki Wanted,2,1.3,2019-08-08,2019-08-08,1,2q8orkRbqiQS9WZFE3vgro
Blvk,1,1.3,2019-09-13,2019-09-13,1,5bGS27f59TUr9PDxUTRpBi
D. Savage,1,1.3,2021-11-23,2021-11-23,1,4lEvpNn9S7x3ikIeY3oJSB
Nio Garcia,1,1.3,2022-05-30,2022-05-30,1,05bfbizlM5AX6Mf1RRyMho
aimless,1,1.3,2019-09-13,2019-09-13,1,63tQUUyMfFNt0ANWF8FFn5
Relly B,1,1.3,2025-02-14,2025-02-14,1,33qv8gI1IFPOWnMqDiulAa
Draft Day,2,1.3,2022-11-19,2023-06-07,2,2WHKnfd0zQ9jGgrFcBuozL
Tony Allen,1,1.2,2021-11-04,2021-11-04,1,64zMGjB84MdfYbNs2RxwBC
Hernán Jacinto,1,1.2,2022-09-15,2022-09-15,1,5jPGkYmJly5f4STOu53Si2
eevee,1,1.2,2020-02-02,2020-02-02,1,27mDTC0vlah03ezVsuWRfi
Ohwell,1,1.2,2019-07-04,2019-07-04,1,44z4AP1yhEjcbihu5qdXsZ
David Lyttle,1,1.2,2024-09-05,2024-09-05,1,3vOTTY7Wi6xkqtSPOAS7FR
Sin Miedo,1,1.2,2025-09-18,2025-09-18,1,0apFX3dwknG7I7UGiISfys
Bronze Nazareth,1,1.2,2023-06-12,2023-06-12,1,4nc3ftEbiPQR1h070pn6RT
John Wasson,3,1.2,2019-10-04,2019-10-04,1,2RzlTcvW7Um8GiTTNWhxcr
Doble Porcion,1,1.2,2019-08-30,2019-08-30,1,7Lg1CNe3x5r0a0p9I5uQ9u
Heartist OTOD,2,1.2,2020-09-17,2020-09-17,1,2VdxzqdlMWIgV69ZHQk3I5
Hamza,2,1.2,2019-02-05,2019-08-06,2,0F1UDr3MEQg6CCyzAZW4Yf
New Order,2,1.2,2017-02-05,2017-02-05,2,1XMe0kQ3kR0vJH3DODXc1f
Salento Guys,2,1.2,2015-09-17,2015-09-17,2,4WWCoOcHPesa4C52RtvkQw
Reik,1,1.2,2023-07-09,2023-07-09,1,5Qw9OHZdAX40qw5hZCU0BS
Fun People,2,1.2,2014-10-17,2014-11-18,2,4dwkyvvWpW05XkkM9BfgzC
O.E.,1,1.2,2019-07-16,2019-07-16,1,1aTfZuq0C0ItGcakurYj4I
Jorge Vázquez,2,1.2,2021-09-16,2021-09-16,1,4GFDeUdOGXvN7JBZZa3gLA
COSIMA,1,1.2,2017-08-17,2017-08-17,1,77UJez9LnhuM2dgDpntuwX
Prescient Liquids,1,1.2,2022-11-19,2022-11-19,1,1FgtKAO4lPSU7C83CLIOqu
Pau Hernandez,1,1.2,2022-01-14,2022-01-14,1,57AytH5SJk2dIlMmT0lU0H
Ricardo Arjona,2,1.2,2017-03-25,2019-10-11,2,6Ln4CTzBmbVUaV11ZVgYNI
Unspokenviews,1,1.2,2023-09-10,2023-09-10,1,4akxTQOXuQn9L4Oz4JXcqa
Cele Arrabal,1,1.2,2026-08-25,2026-08-25,1,61rKqdr7acmzerQWZmH982
Macabre Plaza,1,1.2,2022-11-19,2022-11-19,1,4sys6H7gj0kgsa2bUx0IeW
Johny Tedesco,3,1.2,2024-04-12,2024-04-12,3,39v7yUlb5HYIf7ryCTy8Nw
Kill Bill: The Rapper,2,1.1,2019-06-21,2019-06-21,1,1AAMj0EJJdOkErtr4HtEhS
Karaoke Pop Stars,1,1.1,2015-03-02,2015-03-02,1,1sVdJBZ3lDANje5uNAMfyd
BEA PELEA,1,1.1,2022-05-24,2022-05-24,1,0OwZ3lqdQfnEZ074m2VXm0
Kitsune Kawai,1,1.1,2025-02-14,2025-02-14,1,2tm2CgABKnUcLabA312AyK
Saudin,1,1.1,2017-08-31,2017-08-31,1,5yLZBvJKaDRikdjSJIgaVU
Violadores Del Verso,1,1.1,2020-02-17,2020-02-17,1,7zUhVz7yMmO1mmbfFI8R5i
Chase Atlantic,1,1.1,2017-08-11,2017-08-11,1,74hxp59kFtc3Ndkb7n1IaC
Jr. Hi,3,1.1,2018-06-14,2018-06-14,1,3uqqsRAxjfNRzwUA1mYrX6
Alejandro Fernández,1,1.1,2026-02-23,2026-02-23,1,0qO4GfXADY9QfgcgtrasT9
fasciolo,1,1.1,2019-12-26,2019-12-26,1,1nOzzuGs4lkafNSHsVvFA1
Dance Gavin Dance,1,1.1,2016-07-13,2016-07-13,1,44cVmdFQrPS3skiJx26OOS
Kanaku y El Tigre,1,1.1,2017-01-03,2017-01-03,1,2s6HCkMDbLuNAcBuDaP5Wc
Bay Ledges,1,1.1,2022-11-13,2022-11-13,1,1ltVQdjeAEFMSr5DLgpTr8
Frankie Ruiz,3,1.1,2026-02-20,2026-02-20,2,7DcJXd2xxVcohwehWahFJJ
Jimena Gonik,2,1.1,2022-08-15,2022-08-15,1,4lmPhW8eKlp9QYXvMzcQdL
Montell Fish,1,1.1,2023-06-23,2023-06-23,1,3hU9W3drI6DjpQnvx53osT
Aguamadera,2,1.1,2025-08-23,2025-08-23,2,3f5qm7H4IQVQFUM4qonwiO
Morphine,3,1.1,2016-06-28,2016-06-30,1,6QQ8diRSTraMgZIE4O0LNy
Blurred,1,1.1,2020-04-12,2020-04-12,1,5URIjt82k7KbSZGJ7okwFO
Coded Channel,1,1.1,2020-04-12,2020-04-12,1,53Zrs5tTRwFZ227UA4kOg8
Ramirez,1,1.1,2021-07-12,2021-07-12,1,64BKgcJtkIZUNO5RzQdNan
Linda Perhacs,1,1.1,2025-05-20,2025-05-20,1,1EY7zEIE32twYy7zL05WG2
Jacob Mann,1,1.1,2022-05-28,2022-05-28,1,5s8aZdnosGC0NY1hYzzGYU
Terry Presume,1,1.1,2023-05-05,2023-05-05,1,3EoQSIQ91sDN2gYIcPXa5b
DELLAFUENTE,1,1.1,2019-04-26,2019-04-26,1,7lOLQ52wY0FmqEKn7LKtQG
Missy Elliott,2,1.1,2020-10-01,2023-10-29,2,0dT3vnJFJwHfwOfPLacyKy
Sante Les Amis,1,1.1,2016-08-25,2016-08-25,1,7xm3qw7cZRtfXikPHvOP6y
KwanLi,1,1.1,2023-10-30,2023-10-30,1,33qzGhyqme4V8u9ukGQIds
Ameritz Karaoke Band,1,1.1,2017-02-25,2017-02-25,1,0fq5KbMQW4xM3tu45gQ8Al
Papi Trujillo,1,1.1,2019-08-08,2019-08-08,1,4vr04s6ObXgqnpmohQ7RRq
DJ Loose Juice,2,1.0,2018-03-22,2018-03-22,1,0kPXHQLcxP8QUgBYYn6exc
Essence,1,1.0,2019-06-25,2019-06-25,1,1dTQhF5m2wB7ACiGPLNqwa
Aczino,1,1.0,2017-05-20,2017-05-20,1,3ReKmH4jkqXnjcI7SB1PKP
cosmic collective,1,1.0,2022-08-16,2022-08-16,1,1CxvQ7PBZAa6TRgTTsSyhl
Malaya,1,1.0,2023-09-10,2023-09-10,1,5YwRHFpwJd4uJzHE5ZDHmB
Queen Latifah,1,1.0,2018-12-13,2018-12-13,1,3MN82VctKXwosPol8bzyDM
Nasir Catriel,1,1.0,2026-06-29,2026-06-29,1,2Q0ZtpgpbtnBrMsH74DXiW
-,1,1.0,2021-04-20,2021-04-20,1,680qLWCMRfR6evrNNBCE9e
Skay Beilinson,1,1.0,2024-01-17,2024-01-17,1,5l6HQ03qnofn7Us7cADWQg
Natalia Oreiro,4,1.0,2022-01-04,2022-01-05,4,72bdhQ8kXgQvm4X8XrF7NF
Kenia Os,1,1.0,2025-07-13,2025-07-13,1,6Xj014IHwbLVjiVT6H89on
Sister Nancy,1,1.0,2018-05-20,2018-05-20,1,7cKLOenzViwzoHJWciMIrj
Hester V75,1,1.0,2016-08-29,2016-08-29,1,2ZdeogbTS0lvKIqCbPmAiq
Three 6 Mafia,1,1.0,2024-01-25,2024-01-25,1,6Td7LiCMYHIN8NrqXltLMo
Massacre,2,1.0,2014-11-17,2014-11-17,2,7dd9sR81b4m29QDGQEz9qY
Deekapz,1,1.0,2024-05-02,2024-05-02,1,3clfGa4t40i3q1MGK2gMvZ
Courtney Barnett,1,1.0,2016-11-26,2016-11-26,1,4GHHSefwtzI2QNMWC2IwDP
Don Cornelio Y La Zona,1,1.0,2022-06-10,2022-06-10,1,1qBr7Q9iOS46pWBWgIzY0B
Mallrat,1,1.0,2022-11-15,2022-11-15,1,3vLByi1CdmNJPpTtOdKqAQ
Paula Baraz,1,1.0,2022-04-27,2022-04-27,1,4hXqdWu1YJsqfDfjq8rZCt
Xscape,1,1.0,2021-12-17,2021-12-17,1,0wdaPticLmmqJdhgLDJ9zI
WiDE AWAKE,1,1.0,2017-08-28,2017-08-28,1,64cfNIF6xJsYcU44thqWcx
Alex Bueno,1,1.0,2022-01-14,2022-01-14,1,0ndYI8UT0PMaJzKLJbFr35
April + VISTA,1,1.0,2024-02-14,2024-02-14,1,79iRzM52Yc7VGocfYSzQ96
Garrickson,1,1.0,2017-08-27,2017-08-27,1,1fH2M27vtbqbZnPc6XVgjf
Eem Triplin,1,1.0,2022-08-16,2022-08-16,1,2ISyz9DRGEMrJN77ge3hi2
Eric Penn,1,0.9,2026-08-04,2026-08-04,1,2B3Jkkjbebjy7d1EFFgLaB
Don Patricio,1,0.9,2019-05-22,2019-05-22,1,2Nam7nPhDG9KDGmdM12DHk
Louis Mattrs,1,0.9,2017-08-24,2017-08-24,1,3rwvx3YnglHg9Y2VHFem01
PRhyme,3,0.9,2016-09-19,2019-06-25,2,1nz7s6OELvAEJue1jKSh9R
Tiësto,2,0.9,2021-08-12,2021-08-12,1,0bI7K9Becu2dtXK1Q3cZNB
Pasandola Bomba,2,0.9,2016-02-27,2016-02-27,2,0H08LFdKpWiGSKGhPJA56i
The Flaming Lips,2,0.9,2016-09-29,2016-10-03,2,1dJuteDIOkGfDSN7zPkzNv
Becky G,4,0.9,2017-12-17,2018-01-06,1,7JNh1cfm0eXjqFVOzKLyau
Jona Camacho,1,0.9,2017-08-24,2017-08-24,1,1IsEhyS7beUwBL4Lulo6NL
Mogwai,2,0.9,2018-07-02,2018-07-02,1,6vj3uUR3cEskuUTDj6llZp
ABHIR,1,0.9,2019-06-07,2019-06-07,1,58ViBzolYPnp8Ju2lKSwEK
Diego Lorenzini,2,0.9,2016-12-29,2019-06-07,2,2uYdTPc7pEQgpdC7K5JpZu
POLIÇA,1,0.9,2014-09-22,2014-09-22,1,6ca9hxMEIxAEWkmJH7v68n
TV On The Radio,2,0.9,2014-10-09,2016-07-13,2,7e7KneZN3eFpHyfo9DOJyf
Yung Gleesh,1,0.9,2019-08-12,2019-08-12,1,2maZ7joGOI6obXyq1HKiW9
slr,1,0.9,2019-06-25,2019-06-25,1,0iriomyB7QVnHizqVHIJhA
SFDK,1,0.9,2026-08-03,2026-08-03,1,6mPaECu1fdjdMF9d1x1Lkw
Kraneando Actividad,2,0.9,2022-11-19,2022-11-19,1,5IyXJ61mQnKLj9u9PZrQBk
Lucho Argain,2,0.9,2017-01-28,2017-01-29,1,6zCBVehpptdBPxxoN7PyYE
Billy Eichner,1,0.9,2020-08-18,2020-08-18,1,3c3XyNDlGm6607OfqGyBHa
Jacquees,3,0.9,2017-08-03,2017-08-04,1,6tqfjI3U8PTMVShysqkEXy
The Szns,1,0.9,2023-05-11,2023-05-11,1,6Mqe9RrVtZkucU6LYbFwLo
Rich The Kid,1,0.9,2019-06-13,2019-06-13,1,2EgB4n6XyBsuNUbuarr4eG
Kembe X,1,0.9,2020-04-07,2020-04-07,1,324wA9UzJOcPKwienD3iy2
Killer Sudaca,7,0.9,2019-11-19,2019-11-19,4,5Zf2UzzYgfsHPVUEA82xin
London O'Connor,1,0.9,2017-08-13,2017-08-13,1,7qSpH31tZpOnoP0g2mN0ea
BLUE STEEL,1,0.9,2021-10-11,2021-10-11,1,1tjJ1wReMJPXlpGLUEYQ9U
U.F.K. Dubstep,1,0.8,2016-07-06,2016-07-06,1,66DCmRl5lc7TMH1Et6XaSW
Miss Bolivia,1,0.8,2017-01-28,2017-01-28,1,7Geqbi4bkZ6AM9yDeSHr5b
Martin Campbell,1,0.8,2023-11-10,2023-11-10,1,0Hz9J4lOfKsFD39I8SEcWF
Easy Easy,2,0.8,2018-10-12,2018-10-12,2,3zahcQnrwOoYhY17SzCIuD
Samwise,1,0.8,2019-06-25,2019-06-25,1,2vfUlH6WKx7YXk3GMWpNL3
Jeff Parker,1,0.8,2022-08-16,2022-08-16,1,3BAJmu5AiQGFMnfJYKOeQc
Susana Baca,1,0.8,2025-08-23,2025-08-23,1,3jooX1EZOvGdaYaG52c6YS
Mad Clown,1,0.8,2017-11-24,2017-11-24,1,6NJgr6vYsxju2fbwoBNICp
Richie Spice,1,0.8,2020-06-16,2020-06-16,1,5s0Ix8wGv2PnMUFzkay4qQ
Treekoo,2,0.8,2019-10-29,2019-10-29,1,5gugiTqDKc6mLy0xLslfVc
Sean Paul,1,0.8,2018-09-18,2018-09-18,1,7anOnComZ6kwdMj96SWNYO
Melisses,1,0.8,2016-02-27,2016-02-27,1,10Cw1jBIDSow87CLmQUUeh
DJ MÄMI,1,0.8,2020-03-05,2020-03-05,1,0YXapIM9OXBH1kciYIDWOU
Catana,3,0.8,2019-06-21,2019-06-21,1,3A2htptATztiHTUufU1lJk
Fred again..,1,0.8,2024-06-26,2024-06-26,1,1nzOUWyHoZLzf9EX0pnFPn
Ghais Guevara,1,0.8,2022-07-16,2022-07-16,1,0HZm5xaha5BK6jyKoK0yPt
Lumikools,1,0.8,2024-09-02,2024-09-02,1,4avfEkehC7i04FoDT7wons
Melendi,1,0.8,2015-10-19,2015-10-19,1,3eK4BTtVYCtGDiwSto6uNY
Chloe Bodur,1,0.8,2024-05-10,2024-05-10,1,4TnHBpjWH2TAQdtPHsiQKF
JD McCrary,2,0.8,2020-08-18,2020-08-18,2,19omXUq2TcREoUoHqbVLTq
Atomic Otro Way,1,0.8,2018-01-06,2018-01-06,1,6OdD1XrpFD5BuxiAMFUWZC
Ainda,2,0.8,2017-02-10,2025-08-23,2,5YR7XvLVqLgv5NjlXJqgfO
Thee Lakesiders,1,0.8,2024-02-14,2024-02-14,1,2NktjOsVqaLCIpopMhszBz
DaBaby,1,0.8,2020-02-21,2020-02-21,1,6Ozh9Ok6h4Oi1wUSLtBseN
DENNIS,2,0.8,2025-09-19,2026-02-19,1,2iDDnYmaz1HhedjI91fbmp
Don Joe,1,0.7,2023-07-26,2023-07-26,1,0V4DmTZN3XeN4OjHrgJCxz
Dreweybear,1,0.7,2017-08-28,2017-08-28,1,4x0mpSA1Y13FE5bpkvhQbg
Chuki Beats,2,0.7,2019-02-25,2019-02-25,2,2WyUrDWyIFQjPn9kV07Bww
HTML,2,0.7,2020-02-17,2020-02-17,1,28rz2R3YZK7GlemdTM2w9V
Marwán,1,0.7,2017-01-28,2017-01-28,1,2Xx9zmgRd3d9CKqJ3LQuFE
Versis,1,0.7,2021-01-14,2021-01-14,1,3SIVM1Jx3aoWoKJaOkeuh7
Pedropiedra,1,0.7,2017-05-22,2017-05-22,1,3fNUwauL9YIXyNGJIof6vh
Franz Ferdinand,5,0.7,2014-12-26,2025-05-07,3,6iPJhvrCu9UIkh1aoggMRc
Reo Cragun,1,0.7,2017-08-24,2017-08-24,1,2KJkgHTERhpD0MSSLYwC3E
demahjiae,1,0.7,2022-11-19,2022-11-19,1,1k1yIBYGcrIs3OqrR6Bw4B
AJ Tracey,2,0.7,2019-10-21,2019-10-21,1,3BaHdK5c5whbpuE9PFtQZ7
Blueface,1,0.7,2019-08-12,2019-08-12,1,3oh6SCCeLuXhFpEyepla6G
Moris,1,0.7,2017-01-29,2017-01-29,1,42WA51ZqDPtp4ZhJj2ngAB
Brad stank,2,0.7,2024-04-08,2024-04-08,1,2yp4xIO3jBzsU3aK3pS4dv
BANKS,2,0.7,2015-01-26,2017-08-17,2,0ruZLMwM6nSZlFa3CTBMYm
Grupo Alegria de Santa Fe,1,0.7,2023-11-19,2023-11-19,1,3jePing2ErsG8YqzmDKaMc
Super Quinteto,1,0.7,2025-07-05,2025-07-05,1,1xQOHSb0ZZWlTlBCF7PLbo
Yesan 雪山,1,0.7,2023-06-03,2023-06-03,1,0lzvt8oXaDPFar7qXrKgwi
Helado Negro,2,0.7,2021-04-28,2021-04-28,2,3tBv6X9z13TaMz8JOscHhF
Beyoncé Knowles Carter,3,0.7,2020-08-18,2020-08-18,3,50S6TvqQ0qvR5ZkyDotVJT
Cumbia Nena,4,0.7,2017-01-28,2017-01-28,4,6FkWL8yVF6QELYqWj6y9cF
Pappo,1,0.7,2026-08-23,2026-08-23,1,40fsJfBmwASqI5TxjkUo1u
Sugar Pie DeSanto,2,0.7,2017-09-18,2017-09-18,1,2ta33DbcgQv0VgjL4puZyb
Version Cumbia La Plata,1,0.7,2017-12-17,2017-12-17,1,4K5Q0c4y2ag9ynUh5K7VLE
Gal Costa,3,0.7,2016-08-25,2022-02-23,3,4ABzNwtzvzvXsQMBIrdF39
Mc Daleste,1,0.7,2024-09-23,2024-09-23,1,3x7B84RrnDFUMCsUMUmqIp
BAJO WEST 1708,1,0.7,2026-05-07,2026-05-07,1,36683g8cSK6uKV7MMWDNyj
Valentino,1,0.7,2019-09-27,2019-09-27,1,6ycsFSUUgyOSZiz3P2o1pT
snowsa,1,0.7,2025-02-14,2025-02-14,1,2G4lOmz6pwBdZceEZnnLOe
MINMI,1,0.6,2021-07-24,2021-07-24,1,1iTvJFjCflwCz9RYJXzcsz
Marcelo D2,1,0.6,2017-09-21,2017-09-21,1,4qQ2xJkLxgsumkR4zwnvX9
Eyeliner,1,0.6,2016-07-01,2016-07-01,1,5H7bGLezMnhxcw7EoaPfsc
Termanology,1,0.6,2017-01-03,2017-01-03,1,0dfEmPYuUUv2M2zugMlAdJ
James Hersey,1,0.6,2016-01-04,2016-01-04,1,0uIDxM4fdk9zHQzbhr5Jgq
ZZ Top,2,0.6,2016-01-29,2016-09-18,2,70YvYr2hGlS01bKRIho1HM
Janelle Monáe,2,0.6,2020-03-12,2020-03-13,1,5vFfy5GH3SrYVtPVf6SVc2
Vibbar,1,0.6,2019-05-22,2019-05-22,1,2lgsIW8xhMnKUy4UvSW1Dk
O Terno,2,0.6,2016-07-04,2016-09-21,1,3eMkpAa2ntFVStoZ91XoD9
Trickfinger,1,0.6,2020-07-09,2020-07-09,1,1tNHfAyPECCciMLvDayq4j
DJ Alex,3,0.6,2019-04-11,2019-04-11,1,0edDbzWnbVZZ0QQVqM3gHz
Grupo Mambrú,1,0.6,2020-06-26,2020-06-26,1,0PigXI3VyTkvBMtLvP07DB
SURAN,1,0.6,2017-08-30,2017-08-30,1,2NtQ4Ek08laiIh1W2yD27Q
The Kooks,1,0.6,2025-05-07,2025-05-07,1,0egYeISQ8ihu7g8ciYPj15
Dean Blunt,1,0.6,2020-04-16,2020-04-16,1,0fc52BWq0UHMTG9BVTuIaR
Guasones,1,0.6,2014-11-18,2014-11-18,1,0kFfC97BVMWdBRoDVtRbjV
Wendy Sulca,1,0.6,2017-12-17,2017-12-17,1,3MzUbe7HlO407gPtDAzSfd
Brian NRG,1,0.6,2017-05-22,2017-05-22,1,1PxksUt0pcHTd2766XoPuD
Winston Garfield,2,0.6,2017-12-16,2017-12-16,1,6u22JjslrjWg3HdzylNEdh
Reggie Stepper,1,0.6,2018-05-20,2018-05-20,1,1X13Gm0ZyKCL24FZ2YS7xI
Victoria Gastelo,1,0.6,2015-01-24,2015-01-24,1,0fFyDdq16TcfEqn9MX0OB4
La Tigresa del oriente,1,0.6,2017-12-18,2017-12-18,1,21XUuR8UtJTseLVOLVBbZa
Herb Alpert & The Tijuana Brass,1,0.6,2021-02-03,2021-02-03,1,5L2XEK0TGELZHqHP0ywHnV
Jonka,1,0.6,2014-10-18,2014-10-18,1,30NwgDg4bTayb3cT24MfEO
Paul Rosenberg,1,0.6,2018-09-22,2018-09-22,1,0Uv5Kp8sEnriJjkX4oLfNI
Allen Anthony,2,0.6,2019-11-12,2019-11-12,1,3mK0ANx9eTrEHoufNasaqM
Buds,4,0.6,2025-08-24,2025-08-26,1,2NUffo8Oic8ToZ2qiKjHat
Empire Of The Sun,5,0.6,2014-12-26,2014-12-27,3,6A6qBFJHid4WutQu6HHEZt
Kashief Lindo,5,0.6,2020-07-30,2020-07-30,3,5NnGzCRw2t1Zg1dVZNf0Hz
Ginuwine,1,0.6,2015-09-08,2015-09-08,1,1iIsl8Z9WG4V5DarICRCja
Cowboy Killer,1,0.6,2021-06-19,2021-06-19,1,3lmjyb3GGA2zvXpBpcOVps
Billy Bond y La Pesada,1,0.6,2024-04-12,2024-04-12,1,6p8mHQFj6xcNyizDj6ly0s
Zoe Gotusso,1,0.6,2021-07-24,2021-07-24,1,54JWFISolUGIbtNeANGp2B
Young Dolph,6,0.6,2021-02-11,2021-02-11,6,4iAkAt8N1u0MK5QgjbhPce
tajima hal,1,0.6,2020-01-31,2020-01-31,1,1hnvbBUpS43DRFblWKwXlZ
Devin Kennedy,2,0.6,2022-11-18,2022-11-18,1,71svRTPSKOYAu9IA84S2WU
Messi,2,0.6,2019-06-04,2019-06-04,1,416af0eRMXbEn6REDkVItQ
Rodolfo Sanchez,2,0.6,2015-09-16,2015-09-16,2,7Jb6bTiuUUxRG5YSKHKXEo
Alberto Y Roberto,1,0.6,2022-01-14,2022-01-14,1,7aBemWBoXLlck9VJECqfVx
Chiru!,1,0.5,2024-11-12,2024-11-12,1,3gjO1RFedXXU4woOsEmWoP
Perro Cochino,1,0.5,2022-11-19,2022-11-19,1,2dpE7H89YmhUv7IdZiSikR
BANDIDO,2,0.5,2022-01-13,2023-12-12,1,7COGuXyTr12KvdaYXMqheC
La 25,1,0.5,2022-06-10,2022-06-10,1,4KuCdksNtIbdPVRfJGHrUX
Bei Bei,3,0.5,2024-06-04,2024-06-04,3,18Qg9C7JcI58WqDQNwiqrf
Normani,1,0.5,2022-08-10,2022-08-10,1,1SlGaBvTqX0gb24ouXonOo
Nate Curry,1,0.5,2023-09-09,2023-09-09,1,0HWX3ZL3APv00qQk4rhEuQ
Bronko Yotte,3,0.5,2019-06-21,2019-06-21,1,0APBFIRvWQZEIWbUCy5v5j
El negro tecla,2,0.5,2023-02-14,2023-11-05,2,5O9IqFNUVtjRlDpdKex3YH
Miles Away,2,0.5,2019-11-21,2019-11-21,2,2vUlCHtBmmuqwo13BhrKOr
Charlie Heat,1,0.5,2019-05-22,2019-05-22,1,4Mnr3BZXk5OtoGEKjGJ6nT
Matt Maltese,1,0.5,2020-03-18,2020-03-18,1,0mfw7WbyFKZHKgxW6jpEuK
Myriam Hernandez,1,0.5,2025-01-20,2025-01-20,1,5qPsvYBxpqxZYwRgq1SQ9j
pibes chores,2,0.5,2024-09-03,2024-09-03,1,2712VghEl9z3aqRHjkofWG
Anushka,1,0.5,2016-12-03,2016-12-03,1,7zyY1yfRcWrMPGfaL0xmRA
DJ Snake,1,0.5,2016-09-21,2016-09-21,1,4pdPtRcBmOSQDlJ3Fk945m
Sander Kleinenberg,1,0.5,2016-09-01,2016-09-01,1,2xpH74HJGJ1zp3rETzdRwi
Smash Boom Pow,1,0.5,2020-07-04,2020-07-04,1,4tSZZf82gVq0UjfLr5g6WG
Valdes,2,0.5,2019-05-30,2019-06-07,1,1FBgq8cFPRqMDZ0YabAl1R
LOSTBOYJAY,1,0.5,2025-09-15,2025-09-15,1,5zuex7tbGFz0gSHlrMvQdu
Cruiser,1,0.5,2019-03-24,2019-03-24,1,4bdZUMDGl3kHGQb0oYHkAQ
lilbootycall,1,0.5,2019-05-22,2019-05-22,1,1GbBeC25pdTcH4IeEorJ2D
Andrés Cepeda,1,0.5,2022-01-14,2022-01-14,1,2lRzcVCnWqYwttNNfbPHW0
Sandy Rivera,1,0.5,2017-02-05,2017-02-05,1,2K05TmRFIpVY5CSx9cvTlT
Adalberto Santiago,1,0.5,2023-03-17,2023-03-17,1,3scW7pt0vlhkCCgCNv5YR9
Mau y Ricky,1,0.5,2019-03-28,2019-03-28,1,0s5DNDV6LAKn2u2Ufa3VjQ
Flora Matos,1,0.5,2024-05-02,2024-05-02,1,2D3moQIIadQ0sQDNQej6Ko
RINI,2,0.5,2022-07-24,2022-08-09,2,4jOzGvdfEzVNvV1T2khqce
Tata Barahona,1,0.5,2017-01-03,2017-01-03,1,4ws0HqKnftV9CPLOSGl6Yt
Lasser,2,0.5,2019-06-21,2024-09-03,2,3gYSbizPbhvoqy5NXlbu2y
Sweet Little Band,3,0.5,2016-01-04,2016-01-04,1,5HnSKK3ssSUj35eDQhgoHX
Yeat,2,0.4,2026-04-09,2026-04-28,2,7vE1GgXmR1XUGblvNStFcV
Clean Bandit,1,0.4,2016-07-04,2016-07-04,1,3utsJdhRUrJA8avrOawi8D
Pablo Alborán,1,0.4,2023-05-10,2023-05-10,1,2oKjjRzItVu8JZScrpzFTx
Paky,1,0.4,2023-07-26,2023-07-26,1,1mmYcbjgplZto84xmMFJA3
Alexandre Pires,1,0.4,2025-01-19,2025-01-19,1,1wx6JALNy9KXwndVziEUKw
Zacarias Ferreira,2,0.4,2022-01-14,2022-01-14,2,34FUq3P5k5vc49MfO9kYGP
Onderkoffer,1,0.4,2017-08-28,2017-08-28,1,1TiadDfPdx4VmGUQOLbNIl
Shabazz Palaces,1,0.4,2020-07-18,2020-07-18,1,5gcm7xhBKUORU6M2DrVtwf
Nicodemus,1,0.4,2018-05-20,2018-05-20,1,58LGEbknMNgN215XfBCwRZ
Flobama,1,0.4,2020-04-04,2020-04-04,1,3YZfpFzQrpxXUS3xkFO2DZ
Carter Ace,1,0.4,2022-06-01,2022-06-01,1,5x8Gy4R2HMkb1pQ7MLD5Hc
Leby,1,0.4,2019-03-25,2019-03-25,1,3th9rWxswj8lziiPs2Xzn0
Lionel Richie,1,0.4,2024-08-08,2024-08-08,1,17CPezzLWzvGfpZW6X8XT0
Ray Conniff,1,0.4,2016-08-25,2016-08-25,1,0XIN4HZnbNN1TJ1WN4FzmO
Gruff Rhys,1,0.4,2016-08-08,2016-08-08,1,09JG58mb3B0wmg56MaAvQ3
Girl Ultra,1,0.4,2019-06-07,2019-06-07,1,50jNfTe68NRfCXsBdTgh5W
Brett Eldredge,1,0.4,2014-10-18,2014-10-18,1,5FVuERsYqtKKAaWe62NBnv
Horus,1,0.4,2024-09-03,2024-09-03,1,1cD2PRDulj4ND8oiTm518f
Veintiuno,1,0.4,2014-11-18,2014-11-18,1,7hSxj2iEV2ZUNKHwZBRwp0
The Animals,1,0.4,2016-09-30,2016-09-30,1,5NIOQniXDNOhfo7RsZ3gA5
Yvette Moore,1,0.4,2023-11-03,2023-11-03,1,78Dr8DuVjvLf62gJjrZrrr
Roxette,1,0.4,2020-11-21,2020-11-21,1,42BNylV6XhEg4uAekdHlIS
The Diplomats,1,0.4,2019-08-08,2019-08-08,1,2XV7ruR03jL8PD2Kmnzq64
DJ Trapaholic,1,0.4,2021-10-11,2021-10-11,1,55GAXyoSzryzBF6n2mKQon
Conjunto Corona,1,0.4,2019-06-21,2019-06-21,1,5oX7LksX86Uhz6LW5Yy5cJ
Funky Aztecs,1,0.4,2016-03-20,2016-03-20,1,1wOzEyZVB93Szpl34lpeZE
Modeselektor,1,0.4,2015-08-03,2015-08-03,1,4OYatWON6a77QRGwGYZiGJ
Tinashe,1,0.4,2017-08-28,2017-08-28,1,3jVtllWS5CFFWLQng8sKsr
La Piba Berreta,1,0.4,2023-07-18,2023-07-18,1,0sFKmXIyMhH6uMokhCnH35
Santigold,1,0.4,2016-07-13,2016-07-13,1,0VDXLTrBPmozUbDtr2horH
Antonio Sánchez,1,0.4,2016-07-04,2016-07-04,1,4S3e6yXzEYzto02yxgczNR
Battles,1,0.4,2016-07-21,2016-07-21,1,7eGKgpVkNraiJtJHL4CC1n
Somewhere Else,1,0.4,2017-09-04,2017-09-04,1,6lLmVjn1Pq8RkVeadqNtOm
El Resto de Rio Cuarto,2,0.4,2023-11-17,2023-11-19,1,6tru2vjMb9Jk4V9dHK9eEL
Molotov,3,0.4,2018-07-02,2018-07-02,1,5bHiOppZxzxVnctmmokRTI
NCT 127,1,0.4,2017-09-25,2017-09-25,1,2GvmmH17SYWeefk47bhMyl
SLik d,1,0.4,2019-12-10,2019-12-10,1,4vYwwX7cKQVpO2nKhO5wFb
KayFaraway,1,0.4,2024-05-13,2024-05-13,1,2wyNGSYBH4tiqTC6jokUor
Mannequine,1,0.4,2016-01-15,2016-01-15,1,6uS4ZbTKuSX3H1JbcmfYiy
Klaus Doldinger,1,0.4,2016-08-03,2016-08-03,1,5FeBieWe524GysSNr1cy74
Halpe,1,0.4,2018-12-02,2018-12-02,1,1sPYZpii4Z5F2vGOEp7GeG
Slow J,1,0.4,2016-09-19,2016-09-19,1,5aQhZF4zbD4BZcFnmZJLPh
Type Beat,2,0.3,2021-10-11,2021-10-11,1,2MTIIkyEAEgJvnBeQX5nS3
DJ Ötzi,1,0.3,2023-10-29,2023-10-29,1,0HNXnhNZZtRZFLhP4hfyCP
Reek,1,0.3,2019-07-16,2019-07-16,1,0MiFOTYWGej3neNdFjYTEv
Alejandro Lerner,1,0.3,2023-07-09,2023-07-09,1,7Gyw1SoLPJE5x1yF1ogD5o
Dj Kamo,1,0.3,2023-07-26,2023-07-26,1,4r98IIL21A8Jp76WCd7G9N
Grim Delarosa,1,0.3,2021-10-11,2021-10-11,1,06xibfZGY2C4xjWvQssZXP
JIMMY EDGAR,2,0.3,2022-04-24,2022-04-29,1,1EyG5yh5XW4u80AiuYIBJF
Sublime,1,0.3,2025-05-07,2025-05-07,1,0vtJ9Dq53hfXE3KyP1yPni
Rook Monroe,1,0.3,2022-08-13,2022-08-13,1,5bB4eyM0bd4i5YIB3SyfBF
Sara Socas,1,0.3,2020-10-30,2020-10-30,1,1AieuYfCW9FZowi3wWzKtJ
Fan Sounds,1,0.3,2022-11-22,2022-11-22,1,2s0pe6HOBZLPW2IYb5vzLj
Huey Baby,2,0.3,2021-02-26,2021-02-26,2,28lLcQe5pXzrjFkIl4L1Fc
Básico Permanente,2,0.3,2014-10-18,2014-11-18,2,7yQS59ZCpR3dBpa4ZXF0Rx
Ensamble Afroamericano,1,0.3,2024-05-14,2024-05-14,1,7BrmN2pb9YhWREXZgZyQkw
No Rules Clan,1,0.3,2024-08-30,2024-08-30,1,6vR6arOjGlRp5deJ2njwhg
Rudimental,1,0.3,2016-03-21,2016-03-21,1,4VdAajwtOHiLmDsoJT4jj2
Mntjy,1,0.3,2019-08-08,2019-08-08,1,2wuOdA8f6f4TmUf72zDeyq
The Bar-Kays,1,0.3,2020-03-31,2020-03-31,1,2tBR0ujYQTrYHLGtMPBkNE
Rod Stewart,1,0.3,2017-02-05,2017-02-05,1,3X3TLnvtp1PPSEuDIKG5C9
Pedro Pastor,1,0.3,2026-01-31,2026-01-31,1,62JhUldtUH5uifSjkjDGUw
Meduulla,1,0.3,2024-02-14,2024-02-14,1,2yjTIgyBFfb524ilqlnAoU
The Offline,1,0.3,2024-05-13,2024-05-13,1,068zV4UZcrPQFXPkBzgMrA
Cher Lloyd,4,0.3,2016-01-22,2016-01-23,1,6BlHw1w21btaXLnYt7mLQp
Walter Olmos,1,0.3,2016-02-27,2016-02-27,1,2MMOzvbRUf0jDSw1ek2h5E
Bossa Nova Nouveau,1,0.3,2016-08-25,2016-08-25,1,53KHtqtbEbGNW183lvEj5G
grentperez,2,0.3,2022-01-17,2022-01-17,1,1a1LrfgkTvfHFykIxcv8WU
David Crosby,1,0.3,2021-07-28,2021-07-28,1,0O87QQVWgCkkXAfrhsal55
Gill Scott,1,0.3,2018-01-06,2018-01-06,1,5PRExK60JlWq8jybMNrj71
Al Kooper,1,0.3,2022-08-13,2022-08-13,1,2Jrfq1y33DfIUs222I2had
Dende,1,0.3,2023-03-26,2023-03-26,1,6KCVRkMyXtrCjTfpldlyHj
why mona,1,0.3,2017-08-28,2017-08-28,1,0Xk44CFbAA3rmko6IzaKl7
AceLine,1,0.3,2018-06-22,2018-06-22,1,3Y37X6JAEyOKsSchSorSIP
El K No,1,0.3,2016-02-27,2016-02-27,1,2dysTqqwQ62mcOC78ZOnLR
Jane Krakowski,2,0.3,2020-04-11,2020-04-11,1,3OrqExOwr13y6UCI1LGhA4
Fms Arg,3,0.3,2019-07-02,2019-07-02,1,6DUrxuETjZR8rOTMa0HDIY
The Ebonys,1,0.3,2020-03-11,2020-03-11,1,7ExC7pnEC8z1CNZAYLhnfN
kenzie,1,0.3,2020-07-09,2020-07-09,1,30xUaJSXc6aQfsF3yIcj0o
Linval Thompson,1,0.3,2023-11-10,2023-11-10,1,7fwcnqwHgzROINweFX4oxr
Tamara Castro,1,0.3,2025-07-24,2025-07-24,1,7cqQu8nNV2xP6xPj0JmxMA
LISA,1,0.3,2025-01-11,2025-01-11,1,7ov3TDp5D00Rnu5R1viX4w
Rubert Williams,1,0.3,2017-11-03,2017-11-03,1,4GghEG8iFt2tlks7zOdJN8
Bekon,1,0.3,2019-06-24,2019-06-24,1,4ROSLD8ATeWoJuXXEmwQ8V
Kurt Vile,1,0.3,2016-09-30,2016-09-30,1,51k7pp3QjPnvnyLnPha6aE
Wilo D New,1,0.3,2016-02-27,2016-02-27,1,7G6dxux3uUjSfQY7MP9J5W
Baauer,1,0.3,2020-07-18,2020-07-18,1,3M6xaTs8eskSIBEa8CA4Bg
Skander,1,0.3,2017-08-31,2017-08-31,1,117rYnT70hsKoPWcpTQOWz
Женя Дидур,1,0.3,2021-08-19,2021-08-19,1,3hTAMr4vGGqY9Rk1hnWPkf
DJ DENZ The Rooster,1,0.3,2021-10-11,2021-10-11,1,18JFRf57CLyHf1qi7XYqhx
Talking Heads,1,0.2,2016-08-03,2016-08-03,1,0yhwdmbgkKdE1plV8xWdrd
The Invisible,1,0.2,2016-09-19,2016-09-19,1,1SEdAxQxJBIREiBhj0OhvI
Kevin Johansen,1,0.2,2025-08-23,2025-08-23,1,44QrX1Mp26xztzWBLuYsjz
Luna Byrd,2,0.2,2021-12-07,2021-12-08,1,2dMatLWU5rrDHQELJohXtv
Matias Fisher,1,0.2,2024-12-20,2024-12-20,1,7hubBuKuG7n4ENbTxcfp4c
Leo Kalyan,2,0.2,2017-08-15,2017-08-17,1,6WF2U9DK90QdcugX8k1YfQ
RITUAL,1,0.2,2017-08-27,2017-08-27,1,0uXoWiQrIuNRbET4MDu6HI
Walter Ríos,1,0.2,2015-10-01,2015-10-01,1,5K0CtWUPBYfOOUGF5kTB8x
BAKMAS,1,0.2,2025-03-19,2025-03-19,1,1arSndmqGoPSacD9s6CdqW
Ayax y Prok,1,0.2,2020-02-17,2020-02-17,1,5jZ3B9uZfjMUNLzQrduuUU
Michl,1,0.2,2017-08-17,2017-08-17,1,6UKQqrX26fiwC6ab7Subn2
Chiwetel Ejiofor,1,0.2,2020-08-18,2020-08-18,1,4KJ3NHQvLjA0hB2nv43cxD
BigXthaPlug,1,0.2,2026-04-09,2026-04-09,1,0bWbDcx2GyvCFjCOW9XvlH
Ferenc Snétberger,3,0.2,2020-04-03,2020-04-05,1,0Ss0Zm7LomMGhU2Ql0w3OQ
Rufus,1,0.2,2020-07-18,2020-07-18,1,4xEUmLU22V0c7h6tk03cM3
12 oz lb cake,1,0.2,2024-04-05,2024-04-05,1,4r8YMUIlhKQUMkm7lXxYvG
Orquesta Filarmonica de Rumania,1,0.2,2017-01-28,2017-01-28,1,2rg2N8eoswCsMo0xtDlOA5
benjitalkapone,1,0.2,2025-09-18,2025-09-18,1,0c27qjzqEgMLMnWTl5bCU8
Ray Fuego,3,0.2,2019-04-06,2019-04-06,1,1cEfksmPmv6E8WaFpIiHLG
Jacques Dutronc,1,0.2,2016-11-15,2016-11-15,1,1X3rIaLi9dB8QA9jXBz6lk
Chenayder,1,0.2,2024-09-28,2024-09-28,1,6o96AEsHYibjCQSjzhguAm
Alberto Cortez,1,0.2,2022-11-18,2022-11-18,1,68MjUOFAyWKRN8lVGroDIM
Max Frost,1,0.2,2015-01-26,2015-01-26,1,6sS0cYdBJCjTW9pgitwsCk
Kid Gallo,1,0.2,2019-06-16,2019-06-16,1,24ZIN33cc8knmSRyleETOD
Hardwell,1,0.2,2019-04-11,2019-04-11,1,4CVOUJki8YUWol3jhLphgs
Third Mind,1,0.2,2017-09-25,2017-09-25,1,1jYXeEsTlGpIPRlvoXpRQ2
Headache,1,0.2,2026-04-15,2026-04-15,1,32o6lh8To65xPSBPCtJGsL
Danúbio Azul,1,0.2,2017-01-27,2017-01-27,1,5DUSxA0AFasFdmG008HbOn
Rondodasosa,1,0.2,2023-07-26,2023-07-26,1,69U0LHhSwje6QASkxOXBQD
Manuel de Ocampo,1,0.2,2024-11-21,2024-11-21,1,1QiTtlezCV3jzN7wQybcpf
G-Eazy,1,0.2,2017-08-13,2017-08-13,1,76cdpJtbucm5LkjJ073uwP
Frane,1,0.2,2020-06-28,2020-06-28,1,7zfBuIWWZ9AEm3w9iWO55d
El Bird,1,0.2,2022-11-23,2022-11-23,1,62jJgYMqkNuVlOiyscQo15
Manuel Donayre,2,0.2,2025-08-23,2025-08-23,1,7Fr7KjIPxNqgkao0eGtOIv
Skalpel,1,0.2,2016-07-18,2016-07-18,1,6PBj9GSp5KUnlE6oQ5PH5X
Daniel Maza,1,0.2,2025-08-23,2025-08-23,1,7JwMCkXhI2TKMS2kt8nBx9
Cazuza,1,0.2,2016-08-25,2016-08-25,1,56xWdOectvEnbcXTsw6L42
April,1,0.2,2017-09-27,2017-09-27,1,79lSXmvjnBmuRVK3wu0Rq1
Paul van Kessel,2,0.2,2014-10-13,2014-10-13,1,2iis5VohWDHJgFHsTIWOoS
Cauty,1,0.2,2019-03-28,2019-03-28,1,7kuRvjpeUcn6qNV9IBXC2C
Lei B,2,0.2,2026-08-25,2026-08-25,1,58VTIzU7GIyZF831ueb0WL
Ronpe 99,1,0.2,2024-09-03,2024-09-03,1,4UG9b7rz7OhhfRVyvqavDi
Camila Moreno,1,0.2,2016-07-21,2016-07-21,1,6c1aik3X8V8MjaJNKr6oB2
Dept,1,0.2,2014-11-18,2014-11-18,1,0qWVgPAMoUf3KqReCvopRb
Cadena Perpetua,1,0.2,2014-10-17,2014-10-17,1,2jDbpAwV9mEzj03lFwWU8t
Josey Wales,1,0.2,2023-11-10,2023-11-10,1,3mXo2u8nL0Nz9AHzOPJdtR
Banda Mundial,1,0.2,2016-08-25,2016-08-25,1,3fEDZWEeadruDhnWWIXyxN
Juggaknots,1,0.2,2024-09-05,2024-09-05,1,7f8dNc5pNiwCZIX6A7uYKB
Lorentz,2,0.2,2017-08-15,2017-08-17,1,2tzuDeFg19V4SxHqQvzcmo
The Radiants,1,0.2,2017-09-18,2017-09-18,1,2E5gfctPRaEg0CW8Yg8r8n
Luis Enrique,1,0.2,2026-02-20,2026-02-20,1,54uBpRpdpMx96JAk1OyHez
Kamaiyah,2,0.2,2017-09-21,2019-08-29,2,5YqCVavzzfjCI6EGFt7GSB
Zion,1,0.2,2020-04-10,2020-04-10,1,0rKqFkLnkcZByHMjN60KAn
mark william lewis,1,0.2,2026-01-15,2026-01-15,1,03wsGqokGoNDJNEkkwoaQ3
Soukin,2,0.2,2018-10-12,2018-10-12,1,33NsHtCX9YxrIhLMgw33yJ
Derkommissar,1,0.2,2019-10-29,2019-10-29,1,1Iq8s8r4ta6LlNUPdRaSt5
KSHMR,2,0.2,2019-04-11,2019-04-11,2,2M1mqcNUBIAfRoD2Puhejf
Kodaline,1,0.2,2017-07-31,2017-07-31,1,2jTidefcsTu6VQhpIImJrt
Tetê da Bahia,1,0.2,2024-04-16,2024-04-16,1,6XTcMWominMbCQLfMCSIDs
Shango,1,0.2,2019-06-21,2019-06-21,1,4jQhEKanDVqaYV8fbwrz0j
Mach & Daddy,1,0.2,2020-04-10,2020-04-10,1,1IlJpEiMt4nuLr3cWFQUxa
Com Truise,1,0.2,2020-08-09,2020-08-09,1,3CwK0oEtu9bCl0R5nuMzjx
El Retutu,1,0.2,2017-01-28,2017-01-28,1,0z42X1zNvvQHBfLsn1Q2Yr
Gabo Ferro,1,0.2,2014-10-17,2014-10-17,1,16lAvKrb1KT1oldxjicn6d
Ghosts of the Kodiak,2,0.2,2017-06-25,2017-06-25,2,1p5tUeatSIuyIeCpgNNj1f
Rahel,1,0.2,2016-08-08,2016-08-08,1,0JR7AhpD7zXpnfD3UWKXvf
Os Paralamas Do Sucesso,1,0.2,2016-08-25,2016-08-25,1,4Fp23GGA5WNWgoDjdhBHeK
Lunay,1,0.2,2019-09-06,2019-09-06,1,2qMnZF5Ja2WvmfbblByQza
Kina,1,0.2,2020-07-29,2020-07-29,1,1kAkUHFb7ryeVkVSRD6Nkj
Sticky M.A.,1,0.1,2023-12-04,2023-12-04,1,4cVQcTUWnlogdiEKp3gU79
Wolftyla,1,0.1,2020-10-19,2020-10-19,1,0jFBUUKImf6zyu8VI5dxQQ
KINGTO,1,0.1,2025-09-18,2025-09-18,1,0gXIjwux617VDCojlXoupd
Kokeshi,1,0.1,2015-09-27,2015-09-27,1,2ZPA8dw6EG7tgs3Vckyg4x
Quarteto 1111,1,0.1,2020-09-01,2020-09-01,1,5APYbg1knG0LkK25GCRp9f
Рома Краб,1,0.1,2021-08-19,2021-08-19,1,2lf2Ir6HoFbccanvF5N3eQ
Juga-Naut,1,0.1,2021-05-27,2021-05-27,1,0OcYkbhO0xSsd4XXi5P7ov
brokebwoy,1,0.1,2022-05-02,2022-05-02,1,6rzCbyO0v82oZ3Fox9nw7r
Eddie Santiago,2,0.1,2026-02-20,2026-02-20,2,3Cjb8j5JpoPevRv6BsxRsm
Lou Rawls,1,0.1,2019-10-28,2019-10-28,1,2k16FSV6JCJ1fCCOc0W1UP
Showtek,1,0.1,2018-01-22,2018-01-22,1,3rMIgAo2HcDZG7CFbaT8AP
V.I.P,1,0.1,2016-02-27,2016-02-27,1,63qT4PgMvwlpJf2sIAQJZ4
Commodores,1,0.1,2016-02-12,2016-02-12,1,2INLSpeJq53F0HtnNHV3Ad
MINO,2,0.1,2017-08-24,2017-09-21,1,50WjJ7Haxc2ZKaRKJhYybD
Racionais MC's,1,0.1,2016-09-19,2016-09-19,1,1NLmmwS2qMv8YhIRQrCmZ7
Socio,1,0.1,2024-09-03,2024-09-03,1,02sz23KvVaBWsgtWAzZChM
Little Mix,1,0.1,2017-04-23,2017-04-23,1,77W6VUoJdasCQgjc5DW19q
Chancellor,3,0.1,2017-09-04,2017-09-04,1,73AuA8HhEVI82lDyoKWro6
Omega El CTM,1,0.1,2019-07-30,2019-07-30,1,20JyLsaGV5UJ0RLXDL4KXG
By4,1,0.1,2016-02-27,2016-02-27,1,6vKHOoVu2QB9elcM5RmTXo
Four Tops,1,0.1,2017-12-27,2017-12-27,1,3cKCdhH1I7dBlMSDPibkpo
La Zowi,1,0.1,2019-08-12,2019-08-12,1,0N6KcLXNn1CuleNlylUqeP
The Alan Parsons Project,1,0.1,2020-05-27,2020-05-27,1,4OV0sRTFrZLXaZZ1sS9hLn
Pier,1,0.1,2022-06-10,2022-06-10,1,0AP4CI592TMd5YktR6XINJ
Seafret,2,0.1,2016-08-08,2016-08-08,1,04OwNcF5kB2dM6X43Z9g9t
M.O.P.,1,0.1,2023-10-29,2023-10-29,1,493CPxYEHHzXeSdnp8Ul73
Novos Baianos,2,0.1,2016-08-25,2016-08-25,1,2Er0f1mhO0g1rov9Cdi5Wk
Relax,1,0.1,2021-08-10,2021-08-10,1,5dKu3meNLSzZeo8e1dGWKM
Lil Peep,2,0.1,2019-07-10,2019-07-10,1,4jvjzW7Hm0yK4LvvE0Paz9
ZL,1,0.1,2018-04-16,2018-04-16,1,75kyjRzAOtoyjx9rUsYvze
Dash Berlin,2,0.1,2014-12-26,2014-12-26,1,2ucU4Z6Mhk2jwBypiZO3s5
Joaquín Sabina,2,0.1,2017-06-07,2026-01-31,2,7D9idjcIEbErDKK2vtUM2D
El Otro Yo,1,0.1,2014-10-17,2014-10-17,1,1bc8A9NhSxbQTPcuUIbEqN
Fat Ron,1,0.1,2024-04-05,2024-04-05,1,2QiqFbMymHXVw2WT8Aui7t
Nsqk,2,0.1,2024-08-31,2024-08-31,1,2G3vQvg9nJVIlBlNxtuWgE
Bebel Gilberto,1,0.1,2017-09-18,2017-09-18,1,38hNhtHpr8SlTFA9b1Ve82
Hernan y La Champion's Liga,1,0.1,2025-09-18,2025-09-18,1,2SvDLzteN95JSoKKKmCbcR
Flower in Bloom,1,0.1,2024-04-08,2024-04-08,1,1PNjxWWcYw8L4CxHPPIGKz
Maxi Trusso,2,0.1,2014-12-26,2014-12-26,2,3WMVvJLuhLaVfEVe9P5pFc
Hercules & Love Affair,4,0.1,2014-12-26,2014-12-26,2,2OasvzxZ0R52l0I7TG8mlI
Little Joy,1,0.1,2016-06-22,2016-06-22,1,3g0Os8xkNMxfAj1c3jJ18m
Stephen Malkmus & The Jicks,1,0.1,2014-10-07,2014-10-07,1,2KP25J7Dq8VCIneFurnlzI
Superaquello,1,0.1,2014-10-17,2014-10-17,1,6hhZXm3qS9oaHDF8J0p4hy
Asmr Girl,1,0.1,2017-02-17,2017-02-17,1,0UBMgD7C5y5Ct9T9c66ZIo
The War On Drugs,1,0.1,2015-01-26,2015-01-26,1,4HZoJRRNuCaxIAiozUpydz
Eliane Elias,1,0.1,2016-08-25,2016-08-25,1,0QJOskVC1q5kYnfyoJzip2
Jhon Y Demian,1,0.1,2016-02-27,2016-02-27,1,4bE2gLooqjxTypVznU3CbJ
(dc),1,0.1,2017-01-03,2017-01-03,1,7nhSO9GYru1AYREmIq2Too
Two Door Cinema Club,1,0.1,2014-12-26,2014-12-26,1,5ks3okhkCteTbaE7TWttQg
Brian Blessed,1,0.1,2018-11-16,2018-11-16,1,2JL0H1LWvE6ygTzK8zPHlE
Osx Mob,1,0.1,2019-08-08,2019-08-08,1,6zZcFfKLo27sGKV1f8IYle
Allman Brothers Band,2,0.1,2016-09-18,2016-09-18,1,6RVhP2FB2UNWZzs9aOOCB2
Eyedress,1,0.1,2022-05-30,2022-05-30,1,1aXV8GrmQLvgoFtBPERP7E
Luisito Ayala Y La Puerto Rican Power,1,0.1,2026-02-20,2026-02-20,1,5uRd1tmUAvfFGSPR5266Xp
Skinshape,1,0.1,2022-10-27,2022-10-27,1,2bknDhY5zBEnD2MCFZpLXp
Just Chillax,1,0.1,2017-02-05,2017-02-05,1,5j1iQmRFVmGgR3kbm5ZuC0
Levi Carter,1,0.1,2017-09-21,2017-09-21,1,6sINa5CNaRpyZvXyyItIZv
Myth Syzer,1,0.1,2019-06-07,2019-06-07,1,5DKlcRgRJ1B0JgVaab1XVx
Isaac Hayes,2,0.1,2021-11-04,2021-11-04,1,3kXBlMRqiyC2arhPGQy6fI
Sonido Propio,1,0.1,2016-02-27,2016-02-27,1,61ib4nTWar8R1SDNc0jV2w
Pegboard Nerds,1,0.1,2016-03-21,2016-03-21,1,1rbDgYU4In8OvJHAgE3lXu
Joe Veras,2,0.1,2022-01-14,2022-01-14,1,2UFQi6Zr1yeaaUaUmbw4ZI
Rina Sawayama,1,0.1,2017-08-31,2017-08-31,1,3z8YW7Aza0dHLBgVUuj2ay
Dizzy Gillespie,1,0.1,2019-10-04,2019-10-04,1,6GV4qDo0rsamI1XitBnFCs
Re Fantasma,1,0.1,2023-11-17,2023-11-17,1,1jIJHlodLKK6Esp0lx82sP
Vicente Feliú,1,0.1,2026-01-31,2026-01-31,1,748ilQgoNB9dydkKE5Ljwz
AKRIILA,3,0.1,2024-08-31,2024-08-31,1,4b6g25KDLe4wZ0521quleC
Luther Allison,1,0.1,2017-09-18,2017-09-18,1,584oKbPMHaoeEKKzC3OPK0
Henry Santos,1,0.1,2022-01-14,2022-01-14,1,6efixNNyv7919qVadwkqTp
Vincent Price,1,0.1,2015-02-14,2015-02-14,1,1G3EVrzpUJHM3p1rVXdWPc
Prateek Kuhad,1,0.1,2019-06-21,2019-06-21,1,2c8ejkfQDMUjoGTs99Fmkg
Kiddo Toto,1,0.1,2019-05-30,2019-05-30,1,5txB7DB6i0qam6kjgSEKAN
ODESZA,1,0.1,2016-01-15,2016-01-15,1,7jZHUhAmW5oq1cq6s8IxmK
Peter Tosh,2,0.1,2025-10-24,2025-10-24,2,5uPYEStMW3KsXnnLV7iCTw
La Portuaria,1,0.1,2014-10-17,2014-10-17,1,4ZAGKSnnEvEtX5gnj75z1r
Non Phixion,2,0.1,2019-06-24,2019-06-25,1,65Ve6OJ8vJEcHGAMTFd12a
Jombriel,1,0.1,2025-09-19,2025-09-19,1,0DMJz677XfXiiruhIELu2e
Higher Brothers,1,0.1,2019-06-21,2019-06-21,1,2MtEe8BsGR9xstUivhJtgp
Isaac Delusion,1,0.1,2016-01-15,2016-01-15,1,2kGL9Psld2b7ui4H7IDtsa
DJ Cassidy,1,0.1,2014-12-26,2014-12-26,1,7kWhUfgemScOEjLFNNcQoo
Bossa Nova,1,0.1,2016-08-25,2016-08-25,1,7nOdrKTRdyOqmkV7wk7sI0
SpaceGhostPurrp,1,0.1,2017-01-03,2017-01-03,1,2FzUT7JzXBEUVTpsnyb2D9
Los Cholos,1,0.1,2016-02-27,2016-02-27,1,1k1qiVorUerkbMopEkgwEp
Zoé,1,0.1,2015-09-08,2015-09-08,1,2apuormRsrDk3opyq93Fhs
Lord Narf,1,0.1,2017-01-03,2017-01-03,1,7DRcrwRaUvsKy4yuH96F1W
Nestor En Bloque,1,0.1,2023-11-17,2023-11-17,1,2rLbov4wDo2gOMWgNuylMz
Wild Beasts,1,0.1,2016-09-30,2016-09-30,1,6pcFUidynkQ11sJZLqaULc
Double S,1,0.1,2019-04-26,2019-04-26,1,3ePCTQwQOinUGwo9mG0rwQ
Popcaan,1,0.1,2024-01-05,2024-01-05,1,27g5G3TW90FSm3YxclYpAs
Asmr Factory,1,0.1,2017-02-17,2017-02-17,1,0gai3MNWysdPZep89z5YaL
Jacques Greene,1,0.1,2019-06-07,2019-06-07,1,6c6ZVwHBpAWxtMIP9H4b8G
Agapornis,1,0.1,2016-02-27,2016-02-27,1,5SoHdvjUGbsLWH0BTdbCVw
Melody's Echo Chamber,1,0.1,2016-08-29,2016-08-29,1,7gLc7xWkRHCkt8cJ2aczBN
The Raconteurs,2,0.1,2025-05-07,2025-05-07,2,2yliHB2Z5Ik3PGSwO6dlab
KOOL A.D.,1,0.1,2016-06-22,2016-06-22,1,66CGLNFrPtZFpMjIFrScCM
Kankick,1,0.1,2021-12-04,2021-12-04,1,18KDUcUgpi06u5JRArspd6
Francisca Valenzuela,1,0.1,2017-01-03,2017-01-03,1,2bcUvmxgEMfZD8QcEnZn7G
Baco Exu do Blues,2,0.1,2017-09-21,2019-06-07,2,7f0OQD12uYSId1zXK3RRI1
trouve feraud,1,0.1,2025-02-18,2025-02-18,1,6T1menSISCCZis7XIR90pb
Crush,1,0.1,2021-11-04,2021-11-04,1,2SDT6AOphxaqGdeJLkHf0A
Trust Fund,1,0.1,2022-02-15,2022-02-15,1,5y3MuawXVGRfwMSQShiAW8
SWIMS,1,0.1,2017-08-24,2017-08-24,1,5IIDlxNSVuEpNdTOiPLopy
Goa,1,0.1,2019-06-07,2019-06-07,1,3USQkJwtNfancdAUqRHO1Q
The Gems,1,0.1,2017-09-18,2017-09-18,1,2CCjsrSe3ia2jj87ldW2WY
Apache,1,0.1,2024-08-30,2024-08-30,1,36ZITjKAlyKUE6EnvXsL8W
'Nuff Said Live,1,0.1,2024-01-15,2024-01-15,1,1OJq3JoUAcHlyPwvxz4b8O
Jessica Tamara,1,0.1,2016-02-27,2016-02-27,1,7jwDqqlJCtQpJZJj73o4hd
Shamir,1,0.1,2016-01-15,2016-01-15,1,5PXoaY8MACEl6kp6Ng50W9
Pezdios,1,0.1,2018-01-07,2018-01-07,1,4m8q1y0JCzc6BkVgScwKUS
Grupo Play,1,0.1,2025-09-19,2025-09-19,1,4AN9FuUhpHnaiVw8ZsLu2V
iNi Kamoze,1,0.1,2025-10-24,2025-10-24,1,0hr9CoeDSUMmQQ7ZgTLRzh
DARKSIDE,1,0.1,2015-01-26,2015-01-26,1,6rqONVHOT73QecUdJ5HVHy
ASTR,1,0.1,2015-01-26,2015-01-26,1,3XvIkeomrbYnwIzLUFiYHG
Groove Armada,1,0.1,2014-12-26,2014-12-26,1,4uH61ikbhWEA5yYRKOBB3j
RUGGERO,2,0.0,2023-07-09,2023-07-09,1,3KcW43MMou5dhTKMd6mdzg
Los Visitantes,1,0.0,2022-06-10,2022-06-10,1,6QZxprZ0Vlk4iVxXkdTtki
Sandra Luna,1,0.0,2025-06-29,2025-06-29,1,6NvIIosKqhiT9JVgQWBvWV
Cumbia Drive,1,0.0,2016-02-27,2016-02-27,1,7gL3AeeLvoqO06Va7KNvSl
Avelino,1,0.0,2019-04-26,2019-04-26,1,2OgamvpssY4fBgw2IAi0vS
Los Hijos De Puerto Rico,1,0.0,2026-02-20,2026-02-20,1,1chkHVbHvQO2kQegAWUABB
SL,1,0.0,2020-07-09,2020-07-09,1,2k7upy8GN9kulw3E4f4W0U
Unword,1,0.0,2024-05-13,2024-05-13,1,3RaQBq8X5TSA29Cxv7g398
Kandi,1,0.0,2023-10-29,2023-10-29,1,487Dyzs7Xbbk4hIWYyYT80
Cezinando,1,0.0,2017-08-17,2017-08-17,1,5TLluywX933VzEKlut5odJ
La K'onga,1,0.0,2025-07-05,2025-07-05,1,3EcCc1U405tm8yKm1x6Y8W
Koko Taylor,1,0.0,2017-09-18,2017-09-18,1,3jVof1LA8LGYWluMymW2y2
Ezequiel Exes,1,0.0,2016-02-27,2016-02-27,1,319aR4CQ8p26imfR0CTlFr
Lily Allen,1,0.0,2019-07-13,2019-07-13,1,0Bf2zCGV0yUNSxMC5gpxkJ
Niños Del Cerro,1,0.0,2019-06-21,2019-06-21,1,7o9Qs9V0DPdPRWElYEmMjs
Pedro LaDroga,1,0.0,2019-07-16,2019-07-16,1,0Lc6ZQP1klTkOzgPJm10oK
Los Toros Band,1,0.0,2022-01-14,2022-01-14,1,2PB9a06sOHZtG2m4SHgxM2
Cecilio G.,1,0.0,2019-08-08,2019-08-08,1,7DH5OUngxmQ7mttG72tWIc
Mallory Merk,1,0.0,2017-08-31,2017-08-31,1,3x4vXrdUcpGshZnGZM0Z0k
The Clash,1,0.0,2016-08-03,2016-08-03,1,5T4j3Uv33fQO7tsR2lMl4y
Knak,1,0.0,2022-08-20,2022-08-20,1,1hsg0LlD4QT0fzhxjkvSZ7
Jimmy Poindexter,1,0.0,2024-02-20,2024-02-20,1,4rHrSHdBA6RSKkguXr4vsq
D$e,1,0.0,2021-05-27,2021-05-27,1,2eoRDZIKa4zSsaMb2uWML4
Goldfrapp,1,0.0,2014-12-26,2014-12-26,1,71aThXfHDe7mG7YP26alOP
MICHELLE,1,0.0,2022-04-27,2022-04-27,1,5S9o2CBiqFvvJzwb8m8ZNi
Âme Enterprise,1,0.0,2024-12-20,2024-12-20,1,4rVIGH3rwuX1ZN60aKxgE9
El Super Hobby,1,0.0,2016-08-25,2016-08-25,1,5gwCA6eUUqFNg5VVWo2Yzo
Commanche,1,0.0,2023-11-19,2023-11-19,1,37Bcsn18Ex3WrceRBgCqcF
Anti-Herói,1,0.0,2024-05-02,2024-05-02,1,39efKEwEFAFTNbaZMl4H3r
Yo Trane,1,0.0,2017-08-31,2017-08-31,1,0BYwjvRe6ybpmu1EWz4oQL
Guè,1,0.0,2019-08-12,2019-08-12,1,4dcMymOM4uDaH0NrwdktgN
Un Planeta,1,0.0,2017-01-03,2017-01-03,1,00QIdulRj87d6kRE8kKCtY
Giift,1,0.0,2023-06-23,2023-06-23,1,2xSRynRiyPQW37j55OjvSb
Cream,2,0.0,2016-09-18,2016-09-18,1,36xZr5VTIBoFSblxHEE4TJ
Sizzla,1,0.0,2023-04-05,2023-04-05,1,17Vx4bxHnx1rlMpWeMfQfG
4batz,2,0.0,2024-03-13,2024-06-10,1,3QS9ZCtoSCJhmaJ7QNXSAS
Dungen,1,0.0,2016-09-21,2016-09-21,1,73WgkzVm0ohtGrfs2EtDR2
Röyksopp,1,0.0,2014-12-26,2014-12-26,1,33jtWHJkFWYAmqhVtGAumo
Creed,1,0.0,2023-10-29,2023-10-29,1,1ZozJfi8u9cO2Ob8KwiwNT
Ro James,1,0.0,2017-08-31,2017-08-31,1,2SLN0j6wlPLOa0j59rknYx
Kim Cesarion,1,0.0,2017-08-27,2017-08-27,1,30dPMV4w096Ia4arpCF8nr
Thomston,1,0.0,2017-08-24,2017-08-24,1,3NcsWUXZQjMBn9Wl2AsJo8
Yaga & Mackie,1,0.0,2026-03-06,2026-03-06,1,3AuZYCpYf82OirSYJXZRep
Jazz Liberatorz,1,0.0,2024-03-26,2024-03-26,1,0FMMLKHb74VB0H5u2fP6xo
KREAM,1,0.0,2017-08-30,2017-08-30,1,3Hi7SQ8QK2wB7zVGYJUy80
Drex Carter,1,0.0,2020-10-26,2020-10-26,1,37dZtjUNjZP9Rkm7vivyWc
HAIM,1,0.0,2020-09-08,2020-09-08,1,0uOms5CrnKIVCRBjpaZaTq
Diplo,1,0.0,2019-04-24,2019-04-24,1,3lxDt6y04GIFGdpG0jNffy
LeRoyce,1,0.0,2019-04-26,2019-04-26,1,6PTEGtKVOYPUUzD8nGHuui
Princ£ Aureliu$,1,0.0,2019-07-16,2019-07-16,1,5gkFeGjfH66fHvxBHeee1q
NJOMZA,1,0.0,2017-08-17,2017-08-17,1,2OYoZ4u02sSAfPNxYr1oZB
Camila Cabello,1,0.0,2023-07-09,2023-07-09,1,2U0jWXrxJUzWVlLsHttAXJ
Jodeci,1,0.0,2021-12-17,2021-12-17,1,43sNw9nvGYGLYnNiwI8oMZ
Little Milton,1,0.0,2017-09-18,2017-09-18,1,41CpEDqIpWwmkuRIXCF6VT
Kolombo,1,0.0,2016-08-25,2016-08-25,1,2aSVzyaCBF5rJyL7xcVE8b
Johnny Osbourne,1,0.0,2025-10-24,2025-10-24,1,1yQjhh7qrimZ9OPMX7WIsD
Local Natives,1,0.0,2017-08-24,2017-08-24,1,6Nrpx1qpYh7J2mXZLREUtp
Lazcano Malo,1,0.0,2015-12-08,2015-12-08,1,6Q5iSCKOnsxnMCdY5cFvAm
Dawn Penn,1,0.0,2025-10-24,2025-10-24,1,0INtJm8gCJKtNaAYQNVlpZ
asante,1,0.0,2017-08-24,2017-08-24,1,4whd3K4apwF6I8Lyvb9Vol
Example,1,0.0,2014-12-26,2014-12-26,1,1oyT5XD0AUiWrQYWg0vlZm
Mello Music Group,1,0.0,2016-08-08,2016-08-08,1,4HlsJSC1nt0SDjHFlm51gr
Barbara Carr,1,0.0,2017-09-18,2017-09-18,1,11TiDW3R1s5QDUwNsLWE5i
Charly Black,1,0.0,2017-01-28,2017-01-28,1,1AkTW13ysu0AJrwuM6UY0I
Always Never,1,0.0,2017-08-24,2017-08-24,1,746TaqAEjpt4vpJbnSBbpY
Jethro Tull,1,0.0,2016-09-18,2016-09-18,1,5UuikgHTxSRFRnC0zXx10i
CHVRCHES,1,0.0,2016-01-15,2016-01-15,1,7c7qkZRm8yokXCRSZ4VUr2
The Dells,1,0.0,2017-09-18,2017-09-18,1,7fbP81rmEer8UoK92Y0LCp
Tino Casal,1,0.0,2019-01-03,2019-01-03,1,6M6UYA5dPuu4kcOb7Y9x3q
MILLIC,1,0.0,2017-09-25,2017-09-25,1,4NFM2QFORBtYLD5514jRip
ET of Mortal Mob,1,0.0,2021-05-27,2021-05-27,1,0U2ruQPhOodhFgOtDECW42
Lu Han,1,0.0,2017-08-24,2017-08-24,1,6U3MZ11t5sy4zkYAytZ5R1
Maria Creuza,1,0.0,2025-08-23,2025-08-23,1,0OrE0VWVZuhOPHSjO7WhKD
Brandon Coleman,2,0.0,2019-04-24,2019-04-24,1,0ZhiOk13r4UrkcV6E0i8O3
The Radio Dept.,1,0.0,2025-05-20,2025-05-20,1,0E4bYC2Gwi65NCM87iZ403
Jordan Lee,1,0.0,2025-04-29,2025-04-29,1,1e4bG7vYpuXvwbJ4hjRiw1
Teleradio Donoso,1,0.0,2015-09-08,2015-09-08,1,5EfD6LBqwQxTXkEmMKArIJ
JIDA,1,0.0,2017-09-21,2017-09-21,1,1Q2bZO2k7YRk7pvwxaELap
The Frightnrs,1,0.0,2026-03-17,2026-03-17,1,1ZQ1H09t1VzKGfAPKt7wN1
Chris Loco,1,0.0,2017-08-31,2017-08-31,1,3ofDRCZ6wbX50SS0SBsjhx
Albert King,2,0.0,2014-12-26,2014-12-26,2,7ofoTAGuQr9UqaE1iGkzsT
Manuel García,2,0.0,2017-06-07,2026-01-31,2,4gVpSq87nKpGCimI0vA15w
The Vaccines,1,0.0,2017-08-24,2017-08-24,1,6XoNBGHoWlqMtSTob5heto
La Liga,1,0.0,2023-11-17,2023-11-17,1,71EillsTVNOcjHzRXYFwDd
Sayian Jimmy,1,0.0,2023-11-05,2023-11-05,1,1fTBr87WdB5OBBpVovXQOz
J-King y Maximan,1,0.0,2016-02-28,2016-02-28,1,1JFohiMpmyULxcZxwGMJCS
Surprise Chef,1,0.0,2024-04-16,2024-04-16,1,6xNouwojGWhHlweVGfAI9H
Real Estate,1,0.0,2016-09-30,2016-09-30,1,1wywoXr74a4jg7k1rdLKwM
Fred Wesley & The J.B.'s,1,0.0,2017-09-18,2017-09-18,1,7ac3PFXSVPViSk0pSoXZel
QUIN,1,0.0,2017-08-24,2017-08-24,1,1hEcg4PZ4SXhSgG6VK8laW
Tune-Yards,1,0.0,2016-09-30,2016-09-30,1,7FzdZOusiYcin0cH34BQxg
Kodie,1,0.0,2017-06-25,2017-06-25,1,4EEN9HVexD8r2RIT6skLlG
Felp 22,1,0.0,2022-01-17,2022-01-17,1,1KfIZjptrvN6jUpUzzRYiD
Lil Moss,1,0.0,2019-06-07,2019-06-07,1,72V44Sm2qwoaBL575nMJy1
Freeze corleone,1,0.0,2019-06-07,2019-06-07,1,0v9SajHfiPxSnQuwIBwnx5
Jane's Addiction,1,0.0,2016-10-03,2016-10-03,1,7F0dwqgKzlaIRrngChBRAc
Shane Sato,1,0.0,2025-05-20,2025-05-20,1,3ETuLSInnyZKgcTfrJQLc9
Daniela Spalla,1,0.0,2024-08-31,2024-08-31,1,7wihVXwGb0yYppsvblb7Ig
Dswade808,1,0.0,2026-06-04,2026-06-04,1,4Q4J1xg5Wf5dF0KB56bRCJ
Joaquin Sabina y Viceversa,1,0.0,2025-05-11,2025-05-11,1,0C1OcBOsuFmFFGkh3FWIGG
Ta-Ra,1,0.0,2019-06-07,2019-06-07,1,1JcNavsePK4yMbcjVL12vf
Aerosmith,1,0.0,2025-05-07,2025-05-07,1,0Xl2pAlIRE6ANULPdEI7fx
Adolescent's Orquesta,1,0.0,2026-02-23,2026-02-23,1,68runhwF0SdEN1DFSadXWk
Arkose,1,0.0,2025-05-20,2025-05-20,1,0LNisuGqrNoTMJiqQFxYbI
MOB79,1,0.0,2017-09-21,2017-09-21,1,5FF0k7HxUZstrOraKsXPAL
Geni Colegui,1,0.0,2019-06-07,2019-06-07,1,3oADoh0PAoLTXw7FsszNS2
Kobe Banks,1,0.0,2026-05-31,2026-05-31,1,7xquksomVzxsHXvgCw6OYs
Fármacos,1,0.0,2017-08-17,2017-08-17,1,0v9b9dW5nLfymCGT5O3HZL
J Coul,1,0.0,2023-03-26,2023-03-26,1,5Eljs00YiRbWgvMeZfO6ey
Rabbi Recc,1,0.0,2023-04-05,2023-04-05,1,1dRfbT0Uz9ll4G5ubmWvvN
Tamia,1,0.0,2026-05-31,2026-05-31,1,0ceeRNqbOzRiGE42KWSrRa
Malcolm Todd,1,0.0,2026-05-31,2026-05-31,1,3rKjT23XeGg3pbqE1T1fpd
I See MONSTAS,1,0.0,2015-03-03,2015-03-03,1,1yUkvI4Pv8mbJ8VRvmAVP9
Rootikal Riddim,1,0.0,2026-03-17,2026-03-17,1,7e8FJu9Y697fyM3wJruy3W
SPELLLING,1,0.0,2022-03-10,2022-03-10,1,7GkNvyhBawJGjNkmKsyQjP
Hi-Tek,1,0.0,2026-06-26,2026-06-26,1,15N4JtRlZEmUP7PKVYwwoR
Jeff Beck,1,0.0,2016-09-18,2016-09-18,1,4zoQ3EqopTIGmK2c2rPV5t
W Sound,1,0.0,2026-03-05,2026-03-05,1,6iOndD4OFo7GkaDypWQIou
La Mississippi,1,0.0,2022-06-10,2022-06-10,1,6sNxXaiUy6M09SlUJjUT8W
Koryn Hawthorne,1,0.0,2023-04-05,2023-04-05,1,4AwbwpzKCSevYnnnCusSz8
Shaquille O'Neal,1,0.0,2025-01-29,2025-01-29,1,4Hb1P2uBk8n2OxAEi2Ic7l
Kay Slaps,3,0.0,2022-06-27,2022-06-27,1,0iZb1D0yMnOtSc3rXZ3Euj
Patti Austin,1,0.0,2017-09-18,2017-09-18,1,7uKFmXdsqZrazWe25D2ZMA
Glee Cast,1,0.0,2019-11-08,2019-11-08,1,0tjeY2rdrKjUjtO5IwKusl
proderics,1,0.0,2025-03-18,2025-03-18,1,2QdcmNlQdW8iA4JEg29cgx
Nico Harris,1,0.0,2022-06-16,2022-06-16,1,50abRl5pPBumaUeQsafM8j
NEIL FRANCES,2,0.0,2022-04-24,2022-04-24,1,1vMGIZbIkpaLSagdF2ygcV
Flu Os,1,0.0,2025-01-30,2025-01-30,1,2vMeI81IiXW7xGYpwrxUYY
Juan Campodónico,1,0.0,2025-04-17,2025-04-17,1,1nHCMJOVAfsUrQa6qXoeod
Johnny Nash,1,0.0,2017-09-18,2017-09-18,1,2mW3W0xebO7MJXIvV6RA2A
Guns N' Roses,2,0.0,2016-09-18,2016-09-18,2,53968oKecrFxkErocab2Al
Tony Clarke,1,0.0,2017-09-18,2017-09-18,1,0cB1vUOVnLBziF2ffm0QCj
Christina Perri,1,0.0,2017-03-02,2017-03-02,1,7DtWwldvUq9N3Oo3wCBxjx
Marki,2,0.0,2024-08-31,2024-08-31,1,3zFJUEkXSnGXgsrrtHAXaL
Bobby McClure,1,0.0,2017-09-18,2017-09-18,1,4q98JLLEVkee7FFuqAYyeF
Roy Orbison,1,0.0,2017-02-05,2017-02-05,1,1cSb92qZ95Kp9TqCI0caPx
Lynyrd Skynyrd,1,0.0,2016-09-18,2016-09-18,1,4JNi40t7xR5bO3PWxRkiPN
Stina Nordenstam,1,0.0,2025-05-20,2025-05-20,1,0AWpPU3kRCICcfLUGqwRuC
Ted Nugent,1,0.0,2016-09-18,2016-09-18,1,7itr4N5bXkAWesPUomCNf7
Louis Cole,1,0.0,2022-06-24,2022-06-24,1,5tGKnLXNqYedC7YGoWpLVz
Muerejoven,3,0.0,2024-08-31,2024-08-31,1,1IoJ8K4cHdPj5J6WgBqz4t
Cookie & The Cupcakes,1,0.0,2017-09-18,2017-09-18,1,5rWK5VYU8ftrZIIj57YJmf
Boston,1,0.0,2016-09-18,2016-09-18,1,0870QNicMawQH2cnzBVZ3P
Chicago,1,0.0,2016-09-18,2016-09-18,1,7GqIDx2QVGOpd4r1fZaUUW
J Rocc,1,0.0,2016-08-08,2016-08-08,1,51rtUWJSfCSVo15rVMdApm
Woods,1,0.0,2016-09-30,2016-09-30,1,5YjtMnSe4lhAP6Aa6kSnyH
Junior Murvin,1,0.0,2025-10-24,2025-10-24,1,2XsW8N3mMRD5blv4KGNHq6
Jiggy Jay,1,0.0,2017-08-18,2017-08-18,1,5HiWORfKpaYRnHYQLyDmY8
Johnny Winter,1,0.0,2016-04-01,2016-04-01,1,3YGsgJqtIWKjMjZtKLk11Z
Hermitude,1,0.0,2020-06-05,2020-06-05,1,7kgKHe6ZxLEg83y4LiQvB5
Limp Bizkit,1,0.0,2023-10-29,2023-10-29,1,2avKuMN2QXkaG9vvHa2JLt
Fruit Bats,2,0.0,2020-06-05,2020-06-05,1,4zHd5GGgiH73PTU8vhrMZi
Lo'fi Boy,1,0.0,2020-02-02,2020-02-02,1,1BK5u5dCqEateAptzwHaYa
Smooth Times,1,0.0,2016-01-04,2016-01-04,1,1CbZ5XFommEqw3Sbl10e7b
94 East,1,0.0,2019-03-07,2019-03-07,1,4lK0HlytnkaVmK1UrXwHuo
Jackson Scott,1,0.0,2014-09-22,2014-09-22,1,45mLxFbdckWTaKQW1DaxLQ
UB40,1,0.0,2015-11-04,2015-11-04,1,5uFvdXnqas4nZtQUb3mwTv
Elliot Moss,1,0.0,2017-08-18,2017-08-18,1,1Nt1LxcEA2lM0r55OY7bOV
24 Horas,1,0.0,2022-01-14,2022-01-14,1,3lo68vZrR9kSKAeaHD0dQ6
Ajmw,1,0.0,2019-06-11,2019-06-11,1,4zMOwJ2tstYhB2Rzu2cFNv
Joe Vasconcellos,2,0.0,2017-06-07,2017-06-07,1,4jRZlCUSrtEVNZlcf0ik9y
B Lou,1,0.0,2021-10-11,2021-10-11,1,2xKKIqB93WA65Klh6YnFeZ
Deerhunter,1,0.0,2016-09-30,2016-09-30,1,3JGsaisoK7hmvvT9v6gcFY
El Cuis,1,0.0,2023-11-17,2023-11-17,1,5bknln4xY6TdGlyKvOnQSa
Narissha,1,0.0,2023-12-09,2023-12-09,1,23WZVelKvvyVe4kbjiPFub
